INSERT INTO users (id, username, password, is_regulator, regulator_balance, last_nft_generation, nft_generation_count) VALUES
(5, 'Tod Kolinsk', 'dda845d60595df05ca8c90a32c72f721eaa6f73bfa8a25a063f1981fe45b87910c31bc45a7724ab945b1a9e33a0a68b08e2296fb73b960877d85c57b42ac5ff7.e307a6994d6eb04c87392ce530309630', false, 0.00000000, NULL, 0),
(6, 'Tod Kolins', '5ef77cb19fc9406965acb4e028683a124ca1ebb17b338208661127275f108424d8af6b26dea963f3570d1d8939d2ec7a4a8b32fc191a9551832e611a90b4ac4d.a877e8fe8f6f620a3a7589d048534602', false, 0.00000000, NULL, 0),
(2, 'Kich32', 'password123', false, 0.00000000, NULL, 0),
(7, 'olektreyd@gmail.com', '9187c19246b7ef132ba5cff07bf1a528b8e19c112dbdaea27045df3e77408c479bac1a59225e4aef6409f1aa337cd490cebbdf50866d478477d01aac95184c6e.440d8cd7817ef5d331a7345b64eb6b41', false, 0.00000000, NULL, 0),
(8, 'Nikita', 'c6e6ad1df7ccd60cb6d2948ae04ac83da3e8608a37f544f7650c52c5271c027e6aa6aa8cf5618cfd951ee33fd6a2a83b0badfc2ad2992d8e3e54ad5f0e110553.345c80e97a319d2a0a275f7031c672b3', false, 0.00000000, NULL, 0),
(9, 'Maksim4440432', '07f040ac39b3254bcbf515cab85c28458bb1c85f31533340fae085449eddc73095dd1d37f1d5c132fdcf2df6d116aef9af57f511208936af7745c0ff87330d9c.3bc39831b34601ec4b225bb10900ea4c', false, 0.00000000, NULL, 0),
(10, '1 g', 'a3a57271d41d1591da6c1c1bf889033a812bc225bc67397e5b1ce6c20cc29484ef2e4a84d0ee9122b9f287a1dddc6a55f3c7a386fb7fa88941d9285d94ae07c5.276f3bc1e701cad1cebd9ad03cc291a1', false, 0.00000000, NULL, 0),
(11, 'Miller ', 'bceecb61482bb5f672f47d4e8be3a9d3b1ad6fa84ac77b0ce6a402f72844d558b0e2c62198268049453f24bf7a1b72dd89cd068eefa18a6e554cf5372e2bbda8.8d56cf629d853514ac9775a56176587c', false, 0.00000000, NULL, 0),
(12, '6877', 'aaeb99e853f851a297f47a5883edc107310cc81fa53f75fa737ae12baae3a492ef6e4f56a652f220c8af5463a568470a4e642a200a0f7b5de019081d06cfbc2c.d0117dd2f3daf3923a4d00c2425fbc91', false, 0.00000000, NULL, 0),
(13, '1', 'd712134b93f00f1e14d3d80a0ba8a60babf90c965e1d4bb9ea6c16d3b72a37701291841cec8152d32e0b1f16fdf3ae39df122d1f4ecda2198fecdb5ad6f8dd0f.ec6732530dca428510483251f9aa9e21', false, 0.00000000, NULL, 0),
(14, 'Dimka', '6c09f7fc6dc81052322822e8b925a2e75e34eea027aba911a7a01f25a92f413b4e231304506057d7adff7a3f561a902cbbe670d5318991de95cf8487733033e9.e614b2009048cddd17eac92c9341da94', false, 0.00000000, NULL, 0),
(15, '2', 'ee5107ced647eff88796c1b1ad723a58492de993fdf56d5f6b3868ee5052014a68a00e8f6ab2b4b69884f05ae3cab66958c3600fb1c5d012ccad0bd2ab36a48b.50788c962d1238f45d61dfec68040a84', false, 0.00000000, NULL, 0),
(16, '2huy', '34934760eb4d9c9b8c7cc94c9da6bd1c303ec11115b3c434d69ba1c696cc807aaeeb6d72b4c8525c02a3c914c28f047a930c5567d72f895b3f4e1e4bfd645229.ed35588e3f5a5c7a73bb27e91db5a535', false, 0.00000000, NULL, 0),
(17, '4', '6c8b92e579546eec5fcd989d70b2ca29080b8ecfd086dbe49f06297c26c862fb862e0c9c22a336044eece23fb4cda2b41d8328e77856e8ec5df6a10fb3df7b58.6f51f4f51b760cfa0201fbda0e8b5d85', false, 0.00000000, NULL, 0),
(18, '5', '71e08f928de2c9c2b73da9687b0cb024993f0724e3bc05cf7fa86139809760b240b6537c58b7444c681443529e1dca79e044a7711f038cb4d7b25d1e78062e48.8b2dd39a53fa646e7a4b99cb3d8d115e', false, 0.00000000, NULL, 0),
(19, 'sergey1988', '806f7e7382a12d1cd4d456ac749114717de254d421b23fc6be3e82d1207d8254190165faa8182e7f9ace26299341ad844b178931e9d0f3b55842163b17aa2e11.fae8ea5578f000e04e67d40a0c850bba', false, 0.00000000, NULL, 0),
(20, '12', '194412e35b64c62441dc101fa007c24ed860ce087a5013ab21d6401d2a788766098b856171d8d8d73e5df163df50e577a72536360a3f3b9c1e06eb6fef08f98b.b0346ad44472aa612dbe6428023e8079', false, 0.00000000, NULL, 0),
(21, 'gy', 'f91cb2bcc0b018390e5db17417c4478d9063e5dd9f04a5e556e1278431afb8102477552f0bfd873c68df54d2725cfc5a0bd292bee28b49ab0cf9152426872898.f357ce6220ac6a3b2325c877cef2931a', false, 0.00000000, NULL, 0),
(1, 'admin', '73992c62ca47be0e8d949ad8df64324bae8f542007c0f2ef886f1b39418963c8b4ccc9c63939340a0a0f9c96d170dd0705075c728a35c76e3c340650970417cc.32567ef87fc584ec22cea70d4dbd6f46', true, 6641.51240628, NULL, 0);

INSERT INTO cards (id, user_id, type, number, expiry, cvv, balance, btc_balance, eth_balance, btc_address, eth_address) VALUES
(5, 5, 'usd', '4283764713218456', '12/25', '981', 0.00000000, 0.00000000, 0.00000000, NULL, NULL),
(6, 5, 'uah', '4496364436548156', '02/29', '238', 0.00000000, 0.00000000, 0.00000000, NULL, NULL),
(4, 5, 'crypto', '4705253597553356', '08/27', '734', 26930.00000000, 0.00000000, 0.00000000, '1e99e3cb491521598822e872e9a693f979', '0xcee3853a474711b2f9205306252dce9f14d3899a'),
(8, 6, 'usd', '4823612607289428', '10/27', '624', 296219.35000000, 0.00000000, 0.00000000, NULL, NULL),
(26, 12, 'usd', '7336737187794917', '02/28', '963', 150.00000000, 0.00000000, 0.00000000, NULL, NULL),
(44, 19, 'uah', '4111174747608822', '02/29', '363', 14223276.84000000, 0.00000000, 0.00000000, '0', '0'),
(43, 19, 'usd', '4111335868451217', '02/29', '978', 9548.84000000, 0.00000000, 0.00000000, '0', '0'),
(50, 21, 'uah', '4111812997807538', '02/29', '128', 83420.00000000, 0.00000000, 0.00000000, '0', '0'),
(20, 9, 'crypto', '4822340036956025', '07/28', '416', 234.00000000, 240.00000000, 0.00000000, '12M4YnqbpEEGDdk78p83yj9TZRvxGevUEd', '0xd2109e57ea685590465fd67fe0f9581fab7df589'),
(49, 21, 'usd', '4111966513505909', '02/29', '490', 2332.38000000, 0.00000000, 0.00000000, '0', '0'),
(19, 9, 'usd', '4699878420571000', '07/26', '620', 93518.98000000, 0.00000000, 0.00000000, NULL, NULL),
(21, 9, 'uah', '4502993597804046', '10/25', '558', 169462.72000000, 0.00000000, 0.00000000, NULL, NULL),
(22, 11, 'uah', '2453768786073922', '02/28', '117', 37000.00000000, 0.00000000, 0.00000000, NULL, NULL),
(23, 11, 'usd', '2826705500542841', '02/28', '117', 1000.00000000, 0.00000000, 0.00000000, NULL, NULL),
(24, 11, 'crypto', '0072753985021707', '02/28', '117', 0.00000000, 0.05000000, 1.00000000, '176fEuAKeyViwvntKi3fCBqtgF1w78WHNg', '0x49667Df500e2440914276AE8528CF8e35d5345c9'),
(25, 12, 'uah', '4969281187573426', '02/28', '963', 0.00000000, 0.00000000, 0.00000000, NULL, NULL),
(27, 12, 'crypto', '2699251780233529', '02/28', '963', 0.00000000, 0.00000000, 0.00000000, '15fGV89N7x1wVivEB8hKA98XLSnroKqtwp', '0xd4D2B0137034FC50e4ab0feCe124907073E70CaE'),
(28, 13, 'usd', '5946327404556138', '02/28', '732', 193031.49000000, 0.00000000, 0.00000000, NULL, NULL),
(30, 13, 'crypto', '4235221482047224', '02/28', '732', 0.00000000, 27.60728498, 15.00000000, '13Nvkm3KU2ac4SHFGn4rMaCRRkZbVw4tc6', '0x6B2527441FCd1db9c183397A5C7e9044B61FD236'),
(29, 13, 'uah', '7012919897050653', '02/28', '732', 3051.08000000, 0.00000000, 0.00000000, NULL, NULL),
(2, 1, 'usd', '4593125478989946', '01/25', '483', 2344135.00000000, 0.00000000, 0.00000000, NULL, NULL),
(3, 1, 'uah', '4763950103360695', '12/28', '808', 17009968.25000000, 0.00000000, 0.00000000, NULL, NULL),
(1, 1, 'crypto', '4686080646631828', '02/29', '505', 4883.31000000, 4701.35607498, 12814.94137800, '1NpXrBFqLtpzFncjFeZn5f7bTMM8yiXmTE', '0xe4d787118bfdf3fe7099351946eb4ea14e965a91');

INSERT INTO transactions (id, from_card_id, to_card_id, amount, converted_amount, type, wallet, status, created_at, description, from_card_number, to_card_number) VALUES
(1, 1, 7, 2648.00000000, 2648.00000000, 'transfer', NULL, 'completed', '2025-02-22T17:39:00.658Z', 'Transfer from card 4686080646631828 to 4279465421080570', '4686080646631828', '4279465421080570'),
(2, 3, 9, 64507.00000000, 64507.00000000, 'transfer', NULL, 'completed', '2025-02-22T18:08:31.659Z', 'Transfer from card 4763950103360695 to 4199184831816278', '4763950103360695', '4199184831816278'),
(3, 9, 8, 1000.00000000, 1000.00000000, 'transfer', NULL, 'completed', '2025-02-22T18:12:00.555Z', 'Transfer from card 4199184831816278 to 4823612607289428', '4199184831816278', '4823612607289428'),
(4, 9, 8, 60000.00000000, 60000.00000000, 'transfer', NULL, 'completed', '2025-02-22T18:13:30.817Z', 'Transfer from card 4199184831816278 to 4823612607289428', '4199184831816278', '4823612607289428'),
(5, 1, 7, 56067.00000000, 56067.00000000, 'transfer', NULL, 'completed', '2025-02-22T18:21:36.282Z', 'Transfer from card 4686080646631828 to 4279465421080570', '4686080646631828', '4279465421080570'),
(6, 9, 8, 10000000.00000000, 240153.70000000, 'transfer', NULL, 'completed', '2025-02-22T19:22:59.996Z', 'Transfer from 4199184831816278 to 4823612607289428', '4199184831816278', '4823612607289428'),
(7, 2, 3, 1000.00000000, 41640.00000000, 'transfer', NULL, 'completed', '2025-02-22T21:01:47.364Z', 'Transfer from 4593125478989946 to 4763950103360695', '4593125478989946', '4763950103360695'),
(8, 1, 2, 362.00000000, 34999246.00000000, 'transfer', NULL, 'completed', '2025-02-23T06:12:52.883Z', 'Transfer from 4686080646631828 to 4593125478989946', '4686080646631828', '4593125478989946'),
(9, 1, 2, 15.00000000, 1450245.00000000, 'transfer', NULL, 'completed', '2025-02-23T06:16:56.005Z', 'Transfer from 4686080646631828 to 4593125478989946', '4686080646631828', '4593125478989946'),
(10, 1, 2, 400.00000000, 38673200.00000000, 'transfer', NULL, 'completed', '2025-02-23T06:26:11.711Z', 'Transfer from 4686080646631828 to 4593125478989946', '4686080646631828', '4593125478989946'),
(11, 1, 2, 701.00000000, 67774783.00000000, 'transfer', NULL, 'completed', '2025-02-23T06:32:38.251Z', 'Transfer from 4686080646631828 to 4593125478989946', '4686080646631828', '4593125478989946'),
(12, 1, 2, 2.00000000, 193366.00000000, 'transfer', NULL, 'completed', '2025-02-23T06:39:23.534Z', 'Transfer from 4686080646631828 to 4593125478989946', '4686080646631828', '4593125478989946'),
(13, 1, 2, 13.00000000, 1256879.00000000, 'transfer', NULL, 'completed', '2025-02-23T06:42:41.933Z', 'Transfer from 4686080646631828 to 4593125478989946', '4686080646631828', '4593125478989946'),
(14, 1, 2, 13.00000000, 1256879.00000000, 'transfer', NULL, 'completed', '2025-02-23T06:45:40.036Z', 'Transfer from 4686080646631828 to 4593125478989946', '4686080646631828', '4593125478989946'),
(15, 1, 2, 0.00000000, 1.00000000, 'transfer', 'btc', 'completed', '2025-02-23T06:48:29.449Z', 'Transfer from 4686080646631828 to 4593125478989946', '4686080646631828', '4593125478989946'),
(16, 2, 1, 250.00000000, 0.00259735, 'transfer', 'btc', 'completed', '2025-02-23T10:17:47.481Z', 'Convert 250 USD to 0.00259735 BTC', '4593125478989946', '4686080646631828'),
(17, 2, 19, 2656.00000000, 2656.00000000, 'transfer', NULL, 'completed', '2025-02-23T15:41:49.097Z', 'Перевод 2656.00 USD', '4593125478989946', '4699878420571000'),
(18, 19, 8, 565.00000000, 565.00000000, 'transfer', NULL, 'completed', '2025-02-23T15:49:01.514Z', 'Перевод 565.00 USD', '4699878420571000', '4823612607289428'),
(19, 19, 8, 57.00000000, 57.00000000, 'transfer', NULL, 'completed', '2025-02-23T15:50:51.773Z', 'Перевод 57.00 USD', '4699878420571000', '4823612607289428'),
(20, 1, 1, 555.00000000, 555.00000000, 'transfer', '12M4YnqbpEEGDdk78p83yj9TZRvxGevUEd', 'completed', '2025-02-23T15:58:02.955Z', 'Перевод 555.00000000 BTC на адрес 12M4YnqbpEEGDdk78p83yj9TZRvxGevUEd', '4686080646631828', '4686080646631828'),
(21, 1, 20, 223.00000000, 223.00000000, 'transfer', '12M4YnqbpEEGDdk78p83yj9TZRvxGevUEd', 'completed', '2025-02-23T16:06:33.937Z', 'Перевод 223.00000000 BTC на карту 12M4YnqbpEEGDdk78p83yj9TZRvxGevUEd', '4686080646631828', '4822340036956025'),
(22, 19, 21, 1000.00000000, 38500.00000000, 'transfer', NULL, 'completed', '2025-02-23T16:07:45.864Z', 'Перевод 1000.00 USD -> 38500.00 UAH', '4699878420571000', '4502993597804046'),
(23, 1, 2, 1.00000000, 95652.99000000, 'transfer', NULL, 'completed', '2025-02-23T16:39:34.764Z', 'Перевод 1.00000000 CRYPTO -> 95652.99000000 USD', '4686080646631828', '4593125478989946'),
(24, 1, 20, 12.00000000, 12.00000000, 'transfer', '12M4YnqbpEEGDdk78p83yj9TZRvxGevUEd', 'completed', '2025-02-23T16:47:53.889Z', 'Перевод 12.00000000 BTC на карту 12M4YnqbpEEGDdk78p83yj9TZRvxGevUEd', '4686080646631828', '4822340036956025'),
(25, 20, 19, 1.00000000, 95652.99000000, 'transfer', NULL, 'completed', '2025-02-23T17:11:02.081Z', 'Перевод 1.00000000 CRYPTO -> 95652.99000000 USD', '4822340036956025', '4699878420571000'),
(26, 19, 21, 1147.00000000, 47761.08000000, 'transfer', NULL, 'completed', '2025-02-23T17:11:58.373Z', 'Перевод 1147.00000000 USD -> 47761.08000000 UAH', '4699878420571000', '4502993597804046'),
(27, 1, 20, 5.00000000, 5.00000000, 'transfer', '12M4YnqbpEEGDdk78p83yj9TZRvxGevUEd', 'completed', '2025-02-23T19:59:50.278Z', 'Перевод 5.00000000 BTC на карту 12M4YnqbpEEGDdk78p83yj9TZRvxGevUEd', '4686080646631828', '4822340036956025'),
(28, 19, 21, 1.00000000, 41.64000000, 'transfer', NULL, 'completed', '2025-02-23T20:12:13.467Z', 'Перевод 1.00000000 USD -> 41.64000000 UAH', '4699878420571000', '4502993597804046'),
(29, 19, 21, 0.01000000, 0.00000010, 'commission', NULL, 'completed', '2025-02-23T20:12:13.543Z', 'Комиссия 1% (0.00000010 BTC)', '4699878420571000', '4502993597804046'),
(30, 19, 21, 1000.00000000, 41580.00000000, 'transfer', NULL, 'completed', '2025-02-23T20:30:16.793Z', 'Перевод 1000.00000000 USD -> 41580.00000000 UAH', '4699878420571000', '4502993597804046'),
(31, 19, 1, 10.00000000, 0.00010445, 'commission', NULL, 'completed', '2025-02-23T20:30:16.825Z', 'Комиссия 1% от перевода с карты 4699878420571000 на карту 4502993597804046 (0.00010445 BTC)', '4699878420571000', 'REGULATOR'),
(32, 19, 21, 1000.00000000, 41580.00000000, 'exchange', NULL, 'completed', '2025-02-23T20:45:34.365Z', 'Обмен 1000.00 USD → 41580.00 UAH', '4699878420571000', '4502993597804046'),
(33, 19, 1, 10.00000000, 0.00010443, 'commission', NULL, 'completed', '2025-02-23T20:45:34.397Z', '💰 Комиссия за обмен 1000.00 USD (0.00010443 BTC)', '4699878420571000', 'REGULATOR'),
(34, 2, 3, 1206.00000000, 50145.48000000, 'exchange', NULL, 'completed', '2025-02-23T23:17:38.127Z', 'Обмен 1206.00 USD → 50145.48 UAH', '4593125478989946', '4763950103360695'),
(35, 2, 1, 12.06000000, 0.00012557, 'commission', NULL, 'completed', '2025-02-23T23:17:38.197Z', '💰 Комиссия за обмен 1206.00 USD (0.00012557 BTC)', '4593125478989946', 'REGULATOR'),
(36, 1, 28, 0.20000000, 0.20000000, 'transfer', NULL, 'completed', '2025-02-24T14:04:27.093Z', 'Перевод 0.20 CRYPTO', '4686080646631828', '5946327404556138'),
(37, 2, 28, 260.00000000, 260.00000000, 'transfer', NULL, 'completed', '2025-02-24T14:05:34.113Z', 'Перевод 260.00 USD', '4593125478989946', '5946327404556138'),
(38, 1, 28, 0.20000000, 0.20000000, 'transfer', NULL, 'completed', '2025-02-24T14:14:42.055Z', 'Перевод 0.20 CRYPTO', '4686080646631828', '5946327404556138'),
(39, 1, 28, 0.20000000, 0.20000000, 'transfer', NULL, 'completed', '2025-02-24T14:17:32.333Z', 'Перевод 0.20 CRYPTO', '4686080646631828', '5946327404556138'),
(40, 1, 28, 50.00000000, 50.00000000, 'transfer', NULL, 'completed', '2025-02-24T14:43:47.370Z', 'Перевод 50.00 CRYPTO', '4686080646631828', '5946327404556138'),
(41, 28, 26, 150.00000000, 150.00000000, 'transfer', NULL, 'completed', '2025-02-24T14:49:47.770Z', 'Перевод 150.00 USD', '5946327404556138', '7336737187794917'),
(42, 28, 29, 160.00000000, 160.00000000, 'transfer', NULL, 'completed', '2025-02-24T14:51:15.610Z', 'Перевод 160.00 USD', '5946327404556138', '7012919897050653'),
(43, 2, 3, 1569.00000000, 65239.02000000, 'transfer', NULL, 'completed', '2025-02-24T15:57:25.712Z', 'Перевод 1569.00 USD → 65239.02 UAH', '4593125478989946', '4763950103360695'),
(44, 2, 1, 15.69000000, 15.69000000, 'commission', NULL, 'completed', '2025-02-24T15:57:25.788Z', 'Комиссия 1% за перевод (15.69000000 BTC)', '4593125478989946', 'REGULATOR'),
(45, 2, 28, 60000.00000000, 60000.00000000, 'transfer', NULL, 'completed', '2025-02-24T16:47:33.199Z', 'Перевод 60000.00 USD', '4593125478989946', '5946327404556138'),
(96, 28, 1, 0.50000000, 0.00000532, 'commission', NULL, 'completed', '2025-02-24T19:47:25.938Z', 'Комиссия 1% (0.00000532 BTC)', '5946327404556138', 'REGULATOR'),
(97, 1, NULL, 244140.00000000, 2.60000000, 'transfer', '13Nvkm3KU2ac4SHFGn4rMaCRRkZbVw4tc6', 'completed', '2025-02-24T19:51:41.027Z', 'Перевод 2.60000000 BTC на адрес 13Nvkm3KU2ac4SHFGn4rMaCRRkZbVw4tc6', '4686080646631828', NULL),
(98, 1, 1, 2441.40000000, 0.02600000, 'commission', NULL, 'completed', '2025-02-24T19:51:41.056Z', 'Комиссия 1% (0.02600000 BTC)', '4686080646631828', 'REGULATOR'),
(99, 28, 29, 300.00000000, 12474.00000000, 'transfer', NULL, 'completed', '2025-02-24T20:04:29.941Z', 'Перевод 300.00 USD → 12474.00 UAH', '5946327404556138', '7012919897050653'),
(100, 28, 1, 3.00000000, 3.00000000, 'commission', NULL, 'completed', '2025-02-24T20:04:29.983Z', 'Комиссия 1% (3.00000000 BTC)', '5946327404556138', 'REGULATOR'),
(101, 29, 28, 25550.00000000, 614.47811448, 'transfer', NULL, 'completed', '2025-02-24T20:05:31.563Z', 'Перевод 25550.00 UAH → 614.48 USD', '7012919897050653', '5946327404556138'),
(102, 29, 1, 255.50000000, 255.50000000, 'commission', NULL, 'completed', '2025-02-24T20:05:31.594Z', 'Комиссия 1% (255.50000000 BTC)', '7012919897050653', 'REGULATOR'),
(103, 29, NULL, 200.00000000, 0.07555952, 'transfer', '0x6B2527441FCd1db9c183397A5C7e9044B61FD236', 'completed', '2025-02-24T20:07:40.581Z', 'Перевод 200.00 UAH (0.07555952 ETH) на адрес 0x6B2527441FCd1db9c183397A5C7e9044B61FD236', '7012919897050653', NULL),
(104, 29, 1, 2.00000000, 0.00002125, 'commission', NULL, 'completed', '2025-02-24T20:07:40.612Z', 'Комиссия 1% (0.00002125 BTC)', '7012919897050653', 'REGULATOR'),
(105, 29, 28, 200000.00000000, 4810.00481000, 'transfer', NULL, 'completed', '2025-02-24T20:08:52.548Z', 'Перевод 200000.00 UAH → 4810.00 USD', '7012919897050653', '5946327404556138'),
(106, 29, 1, 2000.00000000, 2000.00000000, 'commission', NULL, 'completed', '2025-02-24T20:08:52.579Z', 'Комиссия 1% (2000.00000000 BTC)', '7012919897050653', 'REGULATOR'),
(107, 30, 28, 0.00540000, 509.03640000, 'transfer', NULL, 'completed', '2025-02-24T20:27:23.726Z', 'Перевод 0.00540000 BTC → 509.04 USD', '4235221482047224', '5946327404556138'),
(108, 30, 1, 0.00005400, 0.00005400, 'commission', NULL, 'completed', '2025-02-24T20:27:23.757Z', 'Комиссия 1% (0.00005400 BTC)', '4235221482047224', 'REGULATOR'),
(109, 29, NULL, 20000.00000000, 0.21216557, 'transfer', '13Nvkm3KU2ac4SHFGn4rMaCRRkZbVw4tc6', 'completed', '2025-02-24T20:28:07.798Z', 'Перевод 20000.00 UAH (0.21216557 BTC) на адрес 13Nvkm3KU2ac4SHFGn4rMaCRRkZbVw4tc6', '7012919897050653', NULL),
(110, 29, 1, 200.00000000, 0.00212166, 'commission', NULL, 'completed', '2025-02-24T20:28:07.831Z', 'Комиссия 1% (0.00212166 BTC)', '7012919897050653', 'REGULATOR'),
(111, 1, 28, 2.00000000, 188286.00000000, 'transfer', NULL, 'completed', '2025-02-24T20:31:33.970Z', 'Перевод 2.00000000 BTC → 188286.00 USD', '4686080646631828', '5946327404556138'),
(112, 1, 1, 0.02000000, 0.02000000, 'commission', NULL, 'completed', '2025-02-24T20:31:34.002Z', 'Комиссия 1% (0.02000000 BTC)', '4686080646631828', 'REGULATOR'),
(113, 1, 2, 1.00000000, 94587.00000000, 'transfer', NULL, 'completed', '2025-02-24T20:38:20.112Z', 'Перевод 1.00000000 BTC → 94587.00 USD', '4686080646631828', '4593125478989946'),
(114, 1, 1, 0.01000000, 0.01000000, 'commission', NULL, 'completed', '2025-02-24T20:38:20.142Z', 'Комиссия 1% (0.01000000 BTC)', '4686080646631828', 'REGULATOR'),
(115, 1, NULL, 559206.40000000, 6.40000000, 'transfer', '13Nvkm3KU2ac4SHFGn4rMaCRRkZbVw4tc6', 'completed', '2025-02-25T17:07:16.124Z', 'Перевод 6.40000000 BTC на адрес 13Nvkm3KU2ac4SHFGn4rMaCRRkZbVw4tc6', '4686080646631828', NULL),
(116, 1, 1, 5592.06400000, 0.06400000, 'commission', NULL, 'completed', '2025-02-25T17:07:16.167Z', 'Комиссия 1% (0.06400000 BTC)', '4686080646631828', 'REGULATOR'),
(117, 1, NULL, 43585.00000000, 0.50000000, 'transfer', 'bc13d10220117c86850fcb9ac2b26e02d3983d9733', 'completed', '2025-02-25T17:13:06.490Z', 'Перевод 0.50000000 BTC на адрес bc13d10220117c86850fcb9ac2b26e02d3983d9733', '4686080646631828', NULL),
(118, 1, 1, 435.85000000, 0.00500000, 'commission', NULL, 'completed', '2025-02-25T17:13:06.522Z', 'Комиссия 1% (0.00500000 BTC)', '4686080646631828', 'REGULATOR'),
(119, 1, 29, 13.00000000, 13.00000000, 'transfer', NULL, 'completed', '2025-02-25T17:15:07.236Z', 'Перевод 13.00000000 BTC → 13.00 UAH', '4686080646631828', '7012919897050653'),
(120, 1, 1, 0.13000000, 0.13000000, 'commission', NULL, 'completed', '2025-02-25T17:15:07.265Z', 'Комиссия 1% (0.13000000 BTC)', '4686080646631828', 'REGULATOR'),
(121, 2, NULL, 50000.00000000, 0.57138286, 'transfer', '13Nvkm3KU2ac4SHFGn4rMaCRRkZbVw4tc6', 'completed', '2025-02-25T17:17:03.265Z', 'Перевод 50000.00 USD (0.57138286 BTC) на адрес 13Nvkm3KU2ac4SHFGn4rMaCRRkZbVw4tc6', '4593125478989946', NULL),
(122, 2, 1, 500.00000000, 0.00571383, 'commission', NULL, 'completed', '2025-02-25T17:17:03.297Z', 'Комиссия 1% (0.00571383 BTC)', '4593125478989946', 'REGULATOR'),
(123, 1, NULL, 87309.00000000, 1.00000000, 'transfer', 'bc19a0298ea72af0b567efb1ea65c0f3440c56271b', 'completed', '2025-02-25T18:17:01.484Z', 'Перевод 1.00000000 BTC на адрес bc19a0298ea72af0b567efb1ea65c0f3440c56271b', '4686080646631828', NULL),
(124, 1, 1, 873.09000000, 0.01000000, 'commission', NULL, 'completed', '2025-02-25T18:17:01.560Z', 'Комиссия 1% (0.01000000 BTC)', '4686080646631828', 'REGULATOR'),
(125, 1, 2, 1.00000000, 87309.00000000, 'transfer', NULL, 'completed', '2025-02-25T18:18:03.282Z', 'Перевод 1.00000000 BTC → 87309.00 USD', '4686080646631828', '4593125478989946'),
(126, 1, 1, 0.01000000, 0.01000000, 'commission', NULL, 'completed', '2025-02-25T18:18:03.314Z', 'Комиссия 1% (0.01000000 BTC)', '4686080646631828', 'REGULATOR'),
(127, 2, 43, 10563.00000000, 10563.00000000, 'transfer', NULL, 'completed', '2025-02-25T18:19:38.659Z', 'Перевод 10563.00 USD', '4593125478989946', '4111335868451217'),
(128, 2, 1, 105.63000000, 105.63000000, 'commission', NULL, 'completed', '2025-02-25T18:19:38.689Z', 'Комиссия 1% (105.63000000 BTC)', '4593125478989946', 'REGULATOR'),
(129, 2, 44, 340000.00000000, 14181400.00000000, 'transfer', NULL, 'completed', '2025-02-25T18:20:52.785Z', 'Перевод 340000.00000000 USD → 14181400.00 UAH', '4593125478989946', '4111174747608822'),
(130, 2, 1, 3400.00000000, 3400.00000000, 'commission', NULL, 'completed', '2025-02-25T18:20:52.815Z', 'Комиссия 1% (3400.00000000 BTC)', '4593125478989946', 'REGULATOR'),
(131, 3, NULL, 150000.00000000, 1.72506987, 'transfer', 'bc19a0298ea72af0b567efb1ea65c0f3440c56271b', 'completed', '2025-02-25T18:22:07.723Z', 'Перевод 150000.00 UAH (1.72506987 BTC) на адрес bc19a0298ea72af0b567efb1ea65c0f3440c56271b', '4763950103360695', NULL),
(132, 3, 1, 1500.00000000, 0.01725070, 'commission', NULL, 'completed', '2025-02-25T18:22:07.757Z', 'Комиссия 1% (0.01725070 BTC)', '4763950103360695', 'REGULATOR'),
(133, 2, NULL, 23000.00000000, 9.53514114, 'transfer', '0x107eBA75B4B58A8050D4B6CC7EcfE087243d952D', 'completed', '2025-02-25T18:24:38.809Z', 'Перевод 23000.00 USD (9.53514114 ETH) на адрес 0x107eBA75B4B58A8050D4B6CC7EcfE087243d952D', '4593125478989946', NULL),
(134, 2, 1, 230.00000000, 0.00264511, 'commission', NULL, 'completed', '2025-02-25T18:24:38.840Z', 'Комиссия 1% (0.00264511 BTC)', '4593125478989946', 'REGULATOR'),
(135, 1, NULL, 220454.44110000, 2.53230000, 'transfer', 'bc19a0298ea72af0b567efb1ea65c0f3440c56271b', 'completed', '2025-02-25T18:30:55.683Z', 'Перевод 2.53230000 BTC на адрес bc19a0298ea72af0b567efb1ea65c0f3440c56271b', '4686080646631828', NULL),
(136, 1, 1, 2204.54441100, 0.02532300, 'commission', NULL, 'completed', '2025-02-25T18:30:55.715Z', 'Комиссия 1% (0.02532300 BTC)', '4686080646631828', 'REGULATOR'),
(137, 3, NULL, 15000.00000000, 0.17230091, 'transfer', 'bc19a0298ea72af0b567efb1ea65c0f3440c56271b', 'completed', '2025-02-25T18:31:51.889Z', 'Перевод 15000.00 UAH (0.17230091 BTC) на адрес bc19a0298ea72af0b567efb1ea65c0f3440c56271b', '4763950103360695', NULL),
(138, 3, 1, 150.00000000, 0.00172301, 'commission', NULL, 'completed', '2025-02-25T18:31:51.919Z', 'Комиссия 1% (0.00172301 BTC)', '4763950103360695', 'REGULATOR'),
(139, 1, NULL, 173756.00000000, 2.00000000, 'transfer', 'bc19a0298ea72af0b567efb1ea65c0f3440c56271b', 'completed', '2025-02-25T18:35:47.588Z', 'Перевод 2.00000000 BTC на адрес bc19a0298ea72af0b567efb1ea65c0f3440c56271b', '4686080646631828', NULL),
(140, 1, 1, 1737.56000000, 0.02000000, 'commission', NULL, 'completed', '2025-02-25T18:35:47.618Z', 'Комиссия 1% (0.02000000 BTC)', '4686080646631828', 'REGULATOR'),
(141, 2, NULL, 2000.00000000, 0.02302079, 'transfer', 'bc19a0298ea72af0b567efb1ea65c0f3440c56271b', 'completed', '2025-02-25T18:36:39.256Z', 'Перевод 2000.00 USD (0.02302079 BTC) на адрес bc19a0298ea72af0b567efb1ea65c0f3440c56271b', '4593125478989946', NULL),
(142, 2, 1, 20.00000000, 0.00023021, 'commission', NULL, 'completed', '2025-02-25T18:36:39.288Z', 'Комиссия 1% (0.00023021 BTC)', '4593125478989946', 'REGULATOR'),
(143, 1, NULL, 174152.00000000, 2.00000000, 'transfer', 'bc19a0298ea72af0b567efb1ea65c0f3440c56271b', 'completed', '2025-02-25T18:40:04.791Z', 'Перевод 2.00000000 BTC на адрес bc19a0298ea72af0b567efb1ea65c0f3440c56271b', '4686080646631828', NULL),
(144, 1, 1, 1741.52000000, 0.02000000, 'commission', NULL, 'completed', '2025-02-25T18:40:04.826Z', 'Комиссия 1% (0.02000000 BTC)', '4686080646631828', 'REGULATOR'),
(145, 3, NULL, 25000.00000000, 0.28710552, 'transfer', 'bc19a0298ea72af0b567efb1ea65c0f3440c56271b', 'completed', '2025-02-25T18:40:45.000Z', 'Перевод 25000.00 UAH (0.28710552 BTC) на адрес bc19a0298ea72af0b567efb1ea65c0f3440c56271b', '4763950103360695', NULL),
(146, 3, 1, 250.00000000, 0.00287106, 'commission', NULL, 'completed', '2025-02-25T18:40:45.032Z', 'Комиссия 1% (0.00287106 BTC)', '4763950103360695', 'REGULATOR'),
(147, 1, NULL, 87330.00000000, 1.00000000, 'transfer', 'bc19a0298ea72af0b567efb1ea65c0f3440c56271b', 'completed', '2025-02-25T18:44:56.656Z', 'Перевод 1.00000000 BTC на адрес bc19a0298ea72af0b567efb1ea65c0f3440c56271b', '4686080646631828', NULL),
(148, 1, 1, 873.30000000, 0.01000000, 'commission', NULL, 'completed', '2025-02-25T18:44:56.688Z', 'Комиссия 1% (0.01000000 BTC)', '4686080646631828', 'REGULATOR'),
(149, 2, NULL, 16321.00000000, 0.18688881, 'transfer', 'bc19a0298ea72af0b567efb1ea65c0f3440c56271b', 'completed', '2025-02-25T18:45:40.871Z', 'Перевод 16321.00 USD (0.18688881 BTC) на адрес bc19a0298ea72af0b567efb1ea65c0f3440c56271b', '4593125478989946', NULL),
(150, 2, 1, 163.21000000, 0.00186889, 'commission', NULL, 'completed', '2025-02-25T18:45:40.903Z', 'Комиссия 1% (0.00186889 BTC)', '4593125478989946', 'REGULATOR'),
(151, 28, 1, 100.00000000, 0.00110407, 'transfer', NULL, 'completed', '2025-03-03T15:42:10.523Z', 'Перевод 100.00 USD (0.00110407 BTC) на адрес 1NpXrBFqLtpzFncjFeZn5f7bTMM8yiXmTE', '5946327404556138', '4686080646631828'),
(152, 28, 1, 1.00000000, 0.00001104, 'commission', NULL, 'completed', '2025-03-03T15:42:10.642Z', 'Комиссия за перевод 1.00 USD (0.00001104 BTC)', '5946327404556138', 'REGULATOR'),
(153, 30, 28, 2.00000000, 181148.00000000, 'transfer', NULL, 'completed', '2025-03-03T15:43:11.261Z', 'Перевод 2.00000000 CRYPTO → 181148.00 USD', '4235221482047224', '5946327404556138'),
(154, 30, 1, 0.02000000, 0.00000022, 'commission', NULL, 'completed', '2025-03-03T15:43:11.376Z', 'Комиссия за перевод (0.00000022 BTC)', '4235221482047224', 'REGULATOR'),
(155, 1, 30, 25.00000000, 25.00000000, 'transfer', NULL, 'completed', '2025-03-03T15:44:14.762Z', 'Перевод 25.00000000 BTC на адрес 13Nvkm3KU2ac4SHFGn4rMaCRRkZbVw4tc6', '4686080646631828', '4235221482047224'),
(156, 1, 1, 0.25000000, 0.25000000, 'commission', NULL, 'completed', '2025-03-03T15:44:14.880Z', 'Комиссия за перевод (0.25000000 BTC)', '4686080646631828', 'REGULATOR'),
(157, 1, 3, 25.00000000, 25.00000000, 'transfer', NULL, 'completed', '2025-03-03T16:19:51.308Z', 'Перевод 25.00000000 CRYPTO → 25.00 UAH', '4686080646631828', '4763950103360695'),
(158, 1, 1, 0.25000000, 0.00000278, 'commission', NULL, 'completed', '2025-03-03T16:19:51.427Z', 'Комиссия за перевод (0.00000278 BTC)', '4686080646631828', 'REGULATOR'),
(159, 1, 2, 25.00000000, 2263375.00000000, 'transfer', NULL, 'completed', '2025-03-03T16:23:37.873Z', 'Перевод 25.00000000 CRYPTO → 2263375.00 USD', '4686080646631828', '4593125478989946'),
(160, 1, 1, 0.25000000, 0.00000276, 'commission', NULL, 'completed', '2025-03-03T16:23:37.991Z', 'Комиссия за перевод (0.00000276 BTC)', '4686080646631828', 'REGULATOR'),
(161, 2, 3, 300000.00000000, 12423000.00000000, 'transfer', NULL, 'completed', '2025-03-03T16:52:12.972Z', 'Перевод 300000.00 USD → 12423000.00 UAH', '4593125478989946', '4763950103360695'),
(162, 2, 1, 3000.00000000, 0.03332926, 'commission', NULL, 'completed', '2025-03-03T16:52:13.089Z', 'Комиссия за перевод (0.03332926 BTC)', '4593125478989946', 'REGULATOR'),
(163, 2, 3, 24000.00000000, 993840.00000000, 'transfer', NULL, 'completed', '2025-03-03T16:56:55.469Z', 'Перевод 24000.00 USD → 993840.00 UAH', '4593125478989946', '4763950103360695'),
(164, 2, 1, 240.00000000, 0.00266090, 'commission', NULL, 'completed', '2025-03-03T16:56:55.587Z', 'Комиссия за перевод (0.00266090 BTC)', '4593125478989946', 'REGULATOR'),
(165, 1, 3, 13.00000000, 13.00000000, 'transfer', NULL, 'completed', '2025-03-03T18:07:10.557Z', 'Перевод 13.00000000 CRYPTO → 13.00 UAH', '4686080646631828', '4763950103360695'),
(166, 1, 1, 0.13000000, 0.00000144, 'commission', NULL, 'completed', '2025-03-03T18:07:10.674Z', 'Комиссия за перевод (0.00000144 BTC)', '4686080646631828', 'REGULATOR'),
(167, 1, 3, 1.00000000, 1.00000000, 'transfer', NULL, 'completed', '2025-03-03T18:11:32.656Z', 'Перевод 1.00000000 CRYPTO → 1.00 UAH', '4686080646631828', '4763950103360695'),
(168, 1, 1, 0.01000000, 0.00000011, 'commission', NULL, 'completed', '2025-03-03T18:11:32.775Z', 'Комиссия за перевод (0.00000011 BTC)', '4686080646631828', 'REGULATOR'),
(169, 1, 3, 1.00000000, 3703089.25000000, 'transfer', NULL, 'completed', '2025-03-03T18:16:26.952Z', 'Перевод 1.00000000 CRYPTO → 3703089.25 UAH (курс: 3703089.25)', '4686080646631828', '4763950103360695'),
(170, 1, 1, 0.01000000, 0.00000011, 'commission', NULL, 'completed', '2025-03-03T18:16:27.069Z', 'Комиссия за перевод (0.00000011 BTC)', '4686080646631828', 'REGULATOR'),
(171, 3, 1, 1000000.00000000, 0.27475801, 'transfer', NULL, 'completed', '2025-03-03T18:36:19.006Z', 'Перевод 1000000.00 UAH (0.27475801 BTC) на адрес 1NpXrBFqLtpzFncjFeZn5f7bTMM8yiXmTE', '4763950103360695', '4686080646631828'),
(172, 3, 1, 10000.00000000, 0.00274758, 'commission', NULL, 'completed', '2025-03-03T18:36:19.122Z', 'Комиссия за перевод 10000.00 UAH (0.00274758 BTC)', '4763950103360695', 'REGULATOR');

INSERT INTO exchange_rates (id, usd_to_uah, btc_to_usd, eth_to_usd, updated_at) VALUES
(1, 41.41, 92398.00, 2354.89, '2025-03-03T10:59:30.446Z'),
(2, 41.41, 92398.00, 2354.89, '2025-03-03T10:59:59.786Z'),
(3, 41.41, 92398.00, 2354.89, '2025-03-03T11:00:29.786Z'),
(4, 41.41, 92398.00, 2354.89, '2025-03-03T11:00:59.787Z'),
(5, 41.41, 92398.00, 2354.89, '2025-03-03T11:01:29.787Z'),
(6, 41.41, 92398.00, 2354.89, '2025-03-03T11:01:59.788Z'),
(7, 41.41, 92398.00, 2354.89, '2025-03-03T11:02:29.789Z'),
(8, 41.58, 87330.00, 2413.67, '2025-03-03T11:02:33.387Z'),
(9, 41.41, 92522.00, 2358.29, '2025-03-03T11:02:42.593Z'),
(10, 41.41, 92522.00, 2358.29, '2025-03-03T11:03:11.866Z'),
(11, 41.41, 92522.00, 2358.29, '2025-03-03T11:03:41.866Z'),
(12, 41.41, 92522.00, 2358.29, '2025-03-03T11:04:11.866Z'),
(13, 41.41, 92522.00, 2358.29, '2025-03-03T11:04:41.866Z'),
(14, 41.41, 92522.00, 2358.29, '2025-03-03T11:05:11.866Z'),
(15, 41.41, 92522.00, 2358.29, '2025-03-03T11:05:41.867Z'),
(16, 41.41, 92522.00, 2358.29, '2025-03-03T11:06:11.866Z'),
(17, 41.41, 92522.00, 2358.29, '2025-03-03T11:06:41.868Z'),
(18, 41.41, 92522.00, 2358.29, '2025-03-03T11:07:11.869Z'),
(19, 41.41, 92522.00, 2358.29, '2025-03-03T11:07:41.870Z'),
(20, 41.41, 92465.00, 2354.77, '2025-03-03T11:08:12.122Z'),
(21, 41.41, 92465.00, 2354.77, '2025-03-03T11:08:41.872Z'),
(22, 41.41, 92444.00, 2355.12, '2025-03-03T11:09:15.167Z'),
(23, 41.41, 92444.00, 2355.12, '2025-03-03T11:09:44.392Z'),
(24, 41.41, 92444.00, 2355.12, '2025-03-03T11:10:14.392Z'),
(25, 41.41, 92444.00, 2355.12, '2025-03-03T11:10:44.393Z'),
(26, 41.41, 92444.00, 2355.12, '2025-03-03T11:11:14.394Z'),
(27, 41.41, 92444.00, 2355.12, '2025-03-03T11:11:44.396Z'),
(28, 41.41, 92444.00, 2355.12, '2025-03-03T11:12:14.397Z'),
(29, 41.41, 92444.00, 2355.12, '2025-03-03T11:12:44.397Z'),
(30, 41.41, 92444.00, 2355.12, '2025-03-03T11:13:14.397Z'),
(31, 41.41, 92444.00, 2355.12, '2025-03-03T11:13:44.398Z'),
(32, 41.41, 92444.00, 2355.12, '2025-03-03T11:14:14.398Z'),
(33, 41.41, 92792.00, 2360.63, '2025-03-03T11:14:44.603Z'),
(34, 41.41, 92792.00, 2360.63, '2025-03-03T11:15:14.398Z'),
(35, 41.41, 92792.00, 2360.63, '2025-03-03T11:15:44.399Z'),
(36, 41.41, 92792.00, 2360.63, '2025-03-03T11:16:14.400Z'),
(37, 41.41, 92792.00, 2360.63, '2025-03-03T11:16:44.399Z'),
(38, 41.41, 92792.00, 2360.63, '2025-03-03T11:17:14.400Z'),
(39, 41.41, 92792.00, 2360.63, '2025-03-03T11:17:44.399Z'),
(40, 41.41, 92792.00, 2360.63, '2025-03-03T11:18:14.400Z'),
(41, 41.41, 92792.00, 2360.63, '2025-03-03T11:18:44.399Z'),
(42, 41.41, 92792.00, 2360.63, '2025-03-03T11:19:14.400Z'),
(43, 41.41, 92792.00, 2360.63, '2025-03-03T11:19:44.400Z'),
(44, 41.41, 92639.00, 2353.24, '2025-03-03T11:20:14.616Z'),
(45, 41.41, 92639.00, 2353.24, '2025-03-03T11:20:44.401Z'),
(46, 41.41, 92592.00, 2350.91, '2025-03-03T11:21:20.810Z'),
(47, 41.41, 92592.00, 2350.91, '2025-03-03T11:21:50.312Z'),
(48, 41.41, 92592.00, 2350.91, '2025-03-03T11:22:20.312Z'),
(49, 41.41, 92592.00, 2350.91, '2025-03-03T11:22:50.313Z'),
(50, 41.41, 92592.00, 2350.91, '2025-03-03T11:23:20.313Z'),
(51, 41.41, 92592.00, 2350.91, '2025-03-03T11:23:50.314Z'),
(52, 41.41, 92592.00, 2350.91, '2025-03-03T11:24:20.316Z'),
(53, 41.41, 92592.00, 2350.91, '2025-03-03T11:24:50.316Z'),
(54, 41.41, 92592.00, 2350.91, '2025-03-03T11:25:20.316Z'),
(55, 41.41, 92592.00, 2350.91, '2025-03-03T11:25:50.317Z'),
(56, 41.41, 92592.00, 2350.91, '2025-03-03T11:26:20.316Z'),
(57, 41.41, 92613.00, 2349.21, '2025-03-03T11:26:50.534Z'),
(58, 41.41, 92613.00, 2349.21, '2025-03-03T11:27:20.318Z'),
(59, 41.41, 92613.00, 2349.21, '2025-03-03T11:27:50.319Z'),
(60, 41.41, 92613.00, 2349.21, '2025-03-03T11:28:20.320Z'),
(61, 41.41, 92613.00, 2349.21, '2025-03-03T11:28:50.321Z'),
(62, 41.41, 92613.00, 2349.21, '2025-03-03T11:29:20.321Z'),
(63, 41.41, 92613.00, 2349.21, '2025-03-03T11:29:50.322Z'),
(64, 41.41, 92613.00, 2349.21, '2025-03-03T11:30:20.323Z'),
(65, 41.41, 92613.00, 2349.21, '2025-03-03T11:30:50.324Z'),
(66, 41.41, 92699.00, 2353.40, '2025-03-03T11:31:18.616Z'),
(67, 41.41, 92699.00, 2353.40, '2025-03-03T11:31:47.763Z'),
(68, 41.41, 92699.00, 2353.40, '2025-03-03T11:32:17.763Z'),
(69, 41.41, 92699.00, 2353.40, '2025-03-03T11:32:47.763Z'),
(70, 41.41, 92699.00, 2353.40, '2025-03-03T11:33:17.765Z'),
(71, 41.41, 92699.00, 2353.40, '2025-03-03T11:33:47.765Z'),
(72, 41.41, 92699.00, 2353.40, '2025-03-03T11:34:17.766Z'),
(73, 41.41, 92699.00, 2353.40, '2025-03-03T11:34:47.768Z'),
(74, 41.41, 92699.00, 2353.40, '2025-03-03T11:35:17.769Z'),
(75, 41.41, 92699.00, 2353.40, '2025-03-03T11:35:47.769Z'),
(76, 41.41, 92699.00, 2353.40, '2025-03-03T11:36:17.770Z'),
(77, 41.41, 92500.00, 2351.21, '2025-03-03T11:36:47.990Z'),
(78, 41.41, 92500.00, 2351.21, '2025-03-03T11:37:17.773Z'),
(79, 41.41, 92500.00, 2351.21, '2025-03-03T11:37:47.773Z'),
(80, 41.41, 92500.00, 2351.21, '2025-03-03T11:38:17.773Z'),
(81, 41.41, 92500.00, 2351.21, '2025-03-03T11:38:47.774Z'),
(82, 41.41, 92500.00, 2351.21, '2025-03-03T11:39:17.775Z'),
(83, 41.41, 92500.00, 2351.21, '2025-03-03T11:39:47.775Z'),
(84, 41.41, 92500.00, 2351.21, '2025-03-03T11:40:17.776Z'),
(85, 41.41, 92500.00, 2351.21, '2025-03-03T11:40:47.776Z'),
(86, 41.41, 92500.00, 2351.21, '2025-03-03T11:41:17.776Z'),
(87, 41.41, 92500.00, 2351.21, '2025-03-03T11:41:47.776Z'),
(88, 41.41, 92482.00, 2352.60, '2025-03-03T11:42:17.977Z'),
(89, 41.41, 92482.00, 2352.60, '2025-03-03T11:42:47.776Z'),
(90, 41.41, 92482.00, 2352.60, '2025-03-03T11:43:17.776Z'),
(91, 41.41, 92482.00, 2352.60, '2025-03-03T11:43:47.775Z'),
(92, 41.41, 92482.00, 2352.60, '2025-03-03T11:44:17.776Z'),
(93, 41.41, 92482.00, 2352.60, '2025-03-03T11:44:47.775Z'),
(94, 41.41, 92482.00, 2352.60, '2025-03-03T11:45:17.776Z'),
(95, 41.41, 92482.00, 2352.60, '2025-03-03T11:45:47.777Z'),
(96, 41.41, 92482.00, 2352.60, '2025-03-03T11:46:17.778Z'),
(97, 41.41, 92482.00, 2352.60, '2025-03-03T11:46:47.779Z'),
(98, 41.41, 92482.00, 2352.60, '2025-03-03T11:47:17.779Z'),
(99, 41.41, 92571.00, 2354.35, '2025-03-03T11:47:39.103Z'),
(100, 41.41, 92571.00, 2354.35, '2025-03-03T11:48:07.807Z'),
(101, 41.41, 92571.00, 2354.35, '2025-03-03T11:48:37.807Z'),
(102, 41.41, 92571.00, 2354.35, '2025-03-03T11:49:07.807Z'),
(103, 41.41, 92571.00, 2354.35, '2025-03-03T11:49:37.808Z'),
(104, 41.41, 92571.00, 2354.35, '2025-03-03T11:50:07.809Z'),
(105, 41.41, 92571.00, 2354.35, '2025-03-03T11:50:37.810Z'),
(106, 41.41, 92571.00, 2354.35, '2025-03-03T11:51:07.810Z'),
(107, 41.41, 92571.00, 2354.35, '2025-03-03T11:51:37.812Z'),
(108, 41.41, 92571.00, 2354.35, '2025-03-03T11:52:07.812Z'),
(109, 41.41, 92571.00, 2354.35, '2025-03-03T11:52:37.812Z'),
(110, 41.41, 92607.00, 2354.57, '2025-03-03T11:53:08.025Z'),
(111, 41.41, 92607.00, 2354.57, '2025-03-03T11:53:37.812Z'),
(112, 41.41, 92607.00, 2354.57, '2025-03-03T11:54:07.812Z'),
(113, 41.41, 92607.00, 2354.57, '2025-03-03T11:54:37.812Z'),
(114, 41.41, 92607.00, 2354.57, '2025-03-03T11:55:07.812Z'),
(115, 41.41, 92607.00, 2354.57, '2025-03-03T11:55:37.813Z'),
(116, 41.41, 92607.00, 2354.57, '2025-03-03T11:56:07.813Z'),
(117, 41.41, 92607.00, 2354.57, '2025-03-03T11:56:37.815Z'),
(118, 41.41, 92607.00, 2354.57, '2025-03-03T11:57:07.815Z'),
(119, 41.41, 92607.00, 2354.57, '2025-03-03T11:57:37.817Z'),
(120, 41.41, 92607.00, 2354.57, '2025-03-03T11:58:07.818Z'),
(121, 41.41, 92577.00, 2352.21, '2025-03-03T11:58:38.019Z'),
(122, 41.41, 92577.00, 2352.21, '2025-03-03T11:59:07.820Z'),
(123, 41.41, 92577.00, 2352.21, '2025-03-03T11:59:37.820Z'),
(124, 41.41, 92577.00, 2352.21, '2025-03-03T12:00:07.821Z'),
(125, 41.41, 92577.00, 2352.21, '2025-03-03T12:00:37.821Z'),
(126, 41.41, 92577.00, 2352.21, '2025-03-03T12:01:07.822Z'),
(127, 41.41, 92577.00, 2352.21, '2025-03-03T12:01:37.822Z'),
(128, 41.41, 92577.00, 2352.21, '2025-03-03T12:02:07.823Z'),
(129, 41.41, 92577.00, 2352.21, '2025-03-03T12:02:37.825Z'),
(130, 41.41, 92577.00, 2352.21, '2025-03-03T12:03:07.825Z'),
(131, 41.41, 92577.00, 2352.21, '2025-03-03T12:03:37.825Z'),
(132, 41.41, 93007.00, 2361.87, '2025-03-03T12:04:08.021Z'),
(133, 41.41, 93007.00, 2361.87, '2025-03-03T12:04:37.826Z'),
(134, 41.41, 93007.00, 2361.87, '2025-03-03T12:05:07.827Z'),
(135, 41.41, 93007.00, 2361.87, '2025-03-03T12:05:37.827Z'),
(136, 41.41, 93007.00, 2361.87, '2025-03-03T12:06:07.827Z'),
(137, 41.41, 93007.00, 2361.87, '2025-03-03T12:06:37.827Z'),
(138, 41.41, 93007.00, 2361.87, '2025-03-03T12:07:07.828Z'),
(139, 41.41, 93007.00, 2361.87, '2025-03-03T12:07:37.828Z'),
(140, 41.41, 93007.00, 2361.87, '2025-03-03T12:08:07.829Z'),
(141, 41.41, 93007.00, 2361.87, '2025-03-03T12:08:37.829Z'),
(142, 41.41, 93007.00, 2361.87, '2025-03-03T12:09:07.829Z'),
(143, 41.41, 93232.00, 2371.15, '2025-03-03T12:09:38.050Z'),
(144, 41.41, 93232.00, 2371.15, '2025-03-03T12:10:07.829Z'),
(145, 41.41, 93232.00, 2371.15, '2025-03-03T12:10:37.830Z'),
(146, 41.41, 93232.00, 2371.15, '2025-03-03T12:11:07.830Z'),
(147, 41.41, 93232.00, 2371.15, '2025-03-03T12:11:37.831Z'),
(148, 41.41, 93232.00, 2371.15, '2025-03-03T12:12:07.832Z'),
(149, 41.41, 93232.00, 2371.15, '2025-03-03T12:12:37.833Z'),
(150, 41.41, 93232.00, 2371.15, '2025-03-03T12:13:07.833Z'),
(151, 41.41, 93232.00, 2371.15, '2025-03-03T12:13:37.834Z'),
(152, 41.41, 93232.00, 2371.15, '2025-03-03T12:14:07.834Z'),
(153, 41.41, 93232.00, 2371.15, '2025-03-03T12:14:37.835Z'),
(154, 41.41, 93075.00, 2365.01, '2025-03-03T12:15:08.032Z'),
(155, 41.41, 93075.00, 2365.01, '2025-03-03T12:15:37.838Z'),
(156, 41.41, 93075.00, 2365.01, '2025-03-03T12:16:07.839Z'),
(157, 41.41, 93075.00, 2365.01, '2025-03-03T12:16:37.840Z'),
(158, 41.41, 93075.00, 2365.01, '2025-03-03T12:17:07.840Z'),
(159, 41.41, 93075.00, 2365.01, '2025-03-03T12:17:37.841Z'),
(160, 41.41, 93075.00, 2365.01, '2025-03-03T12:18:07.841Z'),
(161, 41.41, 93075.00, 2365.01, '2025-03-03T12:18:37.842Z'),
(162, 41.41, 93075.00, 2365.01, '2025-03-03T12:19:07.842Z'),
(163, 41.41, 93075.00, 2365.01, '2025-03-03T12:19:37.842Z'),
(164, 41.41, 93075.00, 2365.01, '2025-03-03T12:20:07.843Z'),
(165, 41.41, 92957.00, 2357.25, '2025-03-03T12:20:38.075Z'),
(166, 41.41, 92957.00, 2357.25, '2025-03-03T12:21:07.843Z'),
(167, 41.41, 92957.00, 2357.25, '2025-03-03T12:21:37.843Z'),
(168, 41.41, 92957.00, 2357.25, '2025-03-03T12:22:07.843Z'),
(169, 41.41, 92957.00, 2357.25, '2025-03-03T12:22:37.844Z'),
(170, 41.41, 92957.00, 2357.25, '2025-03-03T12:23:07.845Z'),
(171, 41.41, 92957.00, 2357.25, '2025-03-03T12:23:37.844Z'),
(172, 41.41, 92957.00, 2357.25, '2025-03-03T12:24:07.845Z'),
(173, 41.41, 92957.00, 2357.25, '2025-03-03T12:24:37.845Z'),
(174, 41.41, 92957.00, 2357.25, '2025-03-03T12:25:07.845Z'),
(175, 41.41, 92957.00, 2357.25, '2025-03-03T12:25:37.845Z'),
(176, 41.41, 93068.00, 2360.74, '2025-03-03T12:26:08.047Z'),
(177, 41.41, 93068.00, 2360.74, '2025-03-03T12:26:37.847Z'),
(178, 41.41, 93068.00, 2360.74, '2025-03-03T12:27:07.847Z'),
(179, 41.41, 93068.00, 2360.74, '2025-03-03T12:27:37.848Z'),
(180, 41.41, 93068.00, 2360.74, '2025-03-03T12:28:07.849Z'),
(181, 41.41, 93068.00, 2360.74, '2025-03-03T12:28:37.850Z'),
(182, 41.41, 93068.00, 2360.74, '2025-03-03T12:29:07.851Z'),
(183, 41.41, 93068.00, 2360.74, '2025-03-03T12:29:37.852Z'),
(184, 41.41, 93068.00, 2360.74, '2025-03-03T12:30:07.854Z'),
(185, 41.41, 93068.00, 2360.74, '2025-03-03T12:30:37.854Z'),
(186, 41.41, 93068.00, 2360.74, '2025-03-03T12:31:07.855Z'),
(187, 41.41, 92846.00, 2357.39, '2025-03-03T12:31:38.054Z'),
(188, 41.41, 92846.00, 2357.39, '2025-03-03T12:32:07.856Z'),
(189, 41.41, 92846.00, 2357.39, '2025-03-03T12:32:37.858Z'),
(190, 41.41, 92846.00, 2357.39, '2025-03-03T12:33:07.859Z'),
(191, 41.41, 92846.00, 2357.39, '2025-03-03T12:33:37.859Z'),
(192, 41.41, 92846.00, 2357.39, '2025-03-03T12:34:07.860Z'),
(193, 41.41, 92846.00, 2357.39, '2025-03-03T12:34:37.860Z'),
(194, 41.41, 92656.00, 2353.40, '2025-03-03T12:35:04.487Z'),
(195, 41.41, 92656.00, 2353.40, '2025-03-03T12:35:33.125Z'),
(196, 41.41, 92656.00, 2353.40, '2025-03-03T12:36:03.124Z'),
(197, 41.41, 92656.00, 2353.40, '2025-03-03T12:36:33.125Z'),
(198, 41.41, 92656.00, 2353.40, '2025-03-03T12:37:03.125Z'),
(199, 41.41, 92656.00, 2353.40, '2025-03-03T12:37:33.126Z'),
(200, 41.41, 92656.00, 2353.40, '2025-03-03T12:38:03.127Z'),
(201, 41.41, 92656.00, 2353.40, '2025-03-03T12:38:33.127Z'),
(202, 41.41, 92656.00, 2353.40, '2025-03-03T12:39:03.128Z'),
(203, 41.41, 92656.00, 2353.40, '2025-03-03T12:39:33.127Z'),
(204, 41.41, 92656.00, 2353.40, '2025-03-03T12:40:03.128Z'),
(205, 41.41, 92914.00, 2358.72, '2025-03-03T12:40:31.383Z'),
(206, 41.41, 92914.00, 2358.72, '2025-03-03T12:41:00.890Z'),
(207, 41.41, 92914.00, 2358.72, '2025-03-03T12:41:30.890Z'),
(208, 41.41, 92914.00, 2358.72, '2025-03-03T12:42:00.890Z'),
(209, 41.41, 92914.00, 2358.72, '2025-03-03T12:42:30.891Z'),
(210, 41.41, 92914.00, 2358.72, '2025-03-03T12:43:00.892Z'),
(211, 41.41, 92914.00, 2358.72, '2025-03-03T12:43:30.892Z'),
(212, 41.41, 92914.00, 2358.72, '2025-03-03T12:44:00.893Z'),
(213, 41.41, 92914.00, 2358.72, '2025-03-03T12:44:30.893Z'),
(214, 41.41, 92914.00, 2358.72, '2025-03-03T12:45:00.893Z'),
(215, 41.41, 92914.00, 2358.72, '2025-03-03T12:45:30.893Z'),
(216, 41.41, 93030.00, 2366.47, '2025-03-03T12:46:01.106Z'),
(217, 41.41, 93030.00, 2366.47, '2025-03-03T12:46:30.893Z'),
(218, 41.41, 93030.00, 2366.47, '2025-03-03T12:46:44.961Z'),
(219, 41.41, 93030.00, 2366.47, '2025-03-03T12:47:14.424Z'),
(220, 41.41, 93030.00, 2366.47, '2025-03-03T12:47:44.424Z'),
(221, 41.41, 93030.00, 2366.47, '2025-03-03T12:48:14.424Z'),
(222, 41.41, 93030.00, 2366.47, '2025-03-03T12:48:44.424Z'),
(223, 41.41, 93030.00, 2366.47, '2025-03-03T12:49:14.424Z'),
(224, 41.41, 93030.00, 2366.47, '2025-03-03T12:49:44.424Z'),
(225, 41.41, 93030.00, 2366.47, '2025-03-03T12:50:14.426Z'),
(226, 41.41, 93030.00, 2366.47, '2025-03-03T12:50:44.426Z'),
(227, 41.41, 93030.00, 2366.47, '2025-03-03T12:51:14.426Z'),
(228, 41.41, 93030.00, 2366.47, '2025-03-03T12:51:44.426Z'),
(229, 41.41, 93099.00, 2369.57, '2025-03-03T12:52:14.666Z'),
(230, 41.41, 93099.00, 2369.57, '2025-03-03T12:52:44.426Z'),
(231, 41.41, 93099.00, 2369.57, '2025-03-03T12:53:14.426Z'),
(232, 41.41, 93099.00, 2369.57, '2025-03-03T12:53:44.425Z'),
(233, 41.41, 93099.00, 2369.57, '2025-03-03T12:54:14.425Z'),
(234, 41.41, 93099.00, 2369.57, '2025-03-03T12:54:44.426Z'),
(235, 41.41, 93099.00, 2369.57, '2025-03-03T12:55:14.426Z'),
(236, 41.41, 93099.00, 2369.57, '2025-03-03T12:55:44.426Z'),
(237, 41.41, 93099.00, 2369.57, '2025-03-03T12:56:14.426Z'),
(238, 41.41, 93099.00, 2369.57, '2025-03-03T12:56:44.427Z'),
(239, 41.41, 93099.00, 2369.57, '2025-03-03T12:57:14.427Z'),
(240, 41.41, 92941.00, 2364.58, '2025-03-03T12:57:44.634Z'),
(241, 41.41, 92941.00, 2364.58, '2025-03-03T12:58:14.427Z'),
(242, 41.41, 92941.00, 2364.58, '2025-03-03T12:58:44.428Z'),
(243, 41.41, 92941.00, 2364.58, '2025-03-03T12:59:14.429Z'),
(244, 41.41, 92941.00, 2364.58, '2025-03-03T12:59:44.429Z'),
(245, 41.41, 92941.00, 2364.58, '2025-03-03T13:00:14.430Z'),
(246, 41.41, 92941.00, 2364.58, '2025-03-03T13:00:44.431Z'),
(247, 41.41, 92941.00, 2364.58, '2025-03-03T13:01:14.431Z'),
(248, 41.41, 92941.00, 2364.58, '2025-03-03T13:01:44.432Z'),
(249, 41.41, 92941.00, 2364.58, '2025-03-03T13:02:14.433Z'),
(250, 41.41, 92941.00, 2364.58, '2025-03-03T13:02:44.433Z'),
(251, 41.41, 93063.00, 2367.83, '2025-03-03T13:03:14.629Z'),
(252, 41.41, 93063.00, 2367.83, '2025-03-03T13:03:44.433Z'),
(253, 41.41, 93063.00, 2367.83, '2025-03-03T13:04:14.434Z'),
(254, 41.41, 93063.00, 2367.83, '2025-03-03T13:04:44.434Z'),
(255, 41.41, 93063.00, 2367.83, '2025-03-03T13:05:14.435Z'),
(256, 41.41, 93063.00, 2367.83, '2025-03-03T13:05:44.436Z'),
(257, 41.41, 93063.00, 2367.83, '2025-03-03T13:06:14.436Z'),
(258, 41.41, 93063.00, 2367.83, '2025-03-03T13:06:44.436Z'),
(259, 41.41, 93063.00, 2367.83, '2025-03-03T13:07:14.436Z'),
(260, 41.41, 93063.00, 2367.83, '2025-03-03T13:07:44.437Z'),
(261, 41.41, 93063.00, 2367.83, '2025-03-03T13:08:14.437Z'),
(262, 41.41, 93191.00, 2373.04, '2025-03-03T13:08:44.648Z'),
(263, 41.41, 93191.00, 2373.04, '2025-03-03T13:09:14.437Z'),
(264, 41.41, 93191.00, 2373.04, '2025-03-03T13:09:44.436Z'),
(265, 41.41, 93191.00, 2373.04, '2025-03-03T13:10:14.437Z'),
(266, 41.41, 93191.00, 2373.04, '2025-03-03T13:10:44.437Z'),
(267, 41.41, 93191.00, 2373.04, '2025-03-03T13:11:14.438Z'),
(268, 41.41, 93191.00, 2373.04, '2025-03-03T13:11:44.440Z'),
(269, 41.41, 93191.00, 2373.04, '2025-03-03T13:12:14.441Z'),
(270, 41.41, 93191.00, 2373.04, '2025-03-03T13:12:44.441Z'),
(271, 41.41, 93191.00, 2373.04, '2025-03-03T13:13:14.442Z'),
(272, 41.41, 93191.00, 2373.04, '2025-03-03T13:13:44.442Z'),
(273, 41.41, 92939.00, 2367.12, '2025-03-03T13:14:14.627Z'),
(274, 41.41, 92939.00, 2367.12, '2025-03-03T13:14:44.443Z'),
(275, 41.41, 92939.00, 2367.12, '2025-03-03T13:15:14.443Z'),
(276, 41.41, 92939.00, 2367.12, '2025-03-03T13:15:44.445Z'),
(277, 41.41, 92939.00, 2367.12, '2025-03-03T13:16:14.445Z'),
(278, 41.41, 92939.00, 2367.12, '2025-03-03T13:16:44.446Z'),
(279, 41.41, 92939.00, 2367.12, '2025-03-03T13:17:14.446Z'),
(280, 41.41, 92939.00, 2367.12, '2025-03-03T13:17:44.448Z'),
(281, 41.41, 92939.00, 2367.12, '2025-03-03T13:18:14.448Z'),
(282, 41.41, 92939.00, 2367.12, '2025-03-03T13:18:44.449Z'),
(283, 41.41, 92939.00, 2367.12, '2025-03-03T13:19:14.449Z'),
(284, 41.41, 92969.00, 2364.96, '2025-03-03T13:19:44.651Z'),
(285, 41.41, 92969.00, 2364.96, '2025-03-03T13:20:14.451Z'),
(286, 41.41, 92969.00, 2364.96, '2025-03-03T13:20:44.451Z'),
(287, 41.41, 92969.00, 2364.96, '2025-03-03T13:21:14.452Z'),
(288, 41.41, 92969.00, 2364.96, '2025-03-03T13:21:44.452Z'),
(289, 41.41, 92969.00, 2364.96, '2025-03-03T13:22:14.452Z'),
(290, 41.41, 92969.00, 2364.96, '2025-03-03T13:22:44.453Z'),
(291, 41.41, 92969.00, 2364.96, '2025-03-03T13:23:14.456Z'),
(292, 41.41, 92969.00, 2364.96, '2025-03-03T13:23:44.457Z'),
(293, 41.41, 92969.00, 2364.96, '2025-03-03T13:24:14.457Z'),
(294, 41.41, 92969.00, 2364.96, '2025-03-03T13:24:44.457Z'),
(295, 41.41, 93129.00, 2371.02, '2025-03-03T13:25:14.653Z'),
(296, 41.41, 93129.00, 2371.02, '2025-03-03T13:25:44.457Z'),
(297, 41.41, 93129.00, 2371.02, '2025-03-03T13:26:14.458Z'),
(298, 41.41, 93129.00, 2371.02, '2025-03-03T13:26:44.459Z'),
(299, 41.41, 93129.00, 2371.02, '2025-03-03T13:27:14.460Z'),
(300, 41.41, 93129.00, 2371.02, '2025-03-03T13:27:44.460Z'),
(301, 41.41, 93129.00, 2371.02, '2025-03-03T13:28:14.461Z'),
(302, 41.41, 93129.00, 2371.02, '2025-03-03T13:28:44.462Z'),
(303, 41.41, 93129.00, 2371.02, '2025-03-03T13:29:14.462Z'),
(304, 41.41, 93129.00, 2371.02, '2025-03-03T13:29:44.463Z'),
(305, 41.41, 93129.00, 2371.02, '2025-03-03T13:30:14.464Z'),
(306, 41.41, 93119.00, 2369.05, '2025-03-03T13:30:44.669Z'),
(307, 41.41, 93119.00, 2369.05, '2025-03-03T13:31:14.465Z'),
(308, 41.41, 93119.00, 2369.05, '2025-03-03T13:31:44.466Z'),
(309, 41.41, 93119.00, 2369.05, '2025-03-03T13:32:14.467Z'),
(310, 41.41, 93119.00, 2369.05, '2025-03-03T13:32:44.467Z'),
(311, 41.41, 93119.00, 2369.05, '2025-03-03T13:33:14.467Z'),
(312, 41.41, 93119.00, 2369.05, '2025-03-03T13:33:44.467Z'),
(313, 41.41, 93119.00, 2369.05, '2025-03-03T13:34:14.467Z'),
(314, 41.41, 93119.00, 2369.05, '2025-03-03T13:34:44.472Z'),
(315, 41.41, 93119.00, 2369.05, '2025-03-03T13:35:14.472Z'),
(316, 41.41, 93119.00, 2369.05, '2025-03-03T13:35:44.472Z'),
(317, 41.41, 93165.00, 2369.93, '2025-03-03T13:36:14.663Z'),
(318, 41.41, 93165.00, 2369.93, '2025-03-03T13:36:44.472Z'),
(319, 41.41, 93165.00, 2369.93, '2025-03-03T13:37:14.472Z'),
(320, 41.41, 93165.00, 2369.93, '2025-03-03T13:37:44.473Z'),
(321, 41.41, 93165.00, 2369.93, '2025-03-03T13:38:14.472Z'),
(322, 41.41, 93165.00, 2369.93, '2025-03-03T13:38:44.473Z'),
(323, 41.41, 93165.00, 2369.93, '2025-03-03T13:39:14.473Z'),
(324, 41.41, 93165.00, 2369.93, '2025-03-03T13:39:44.473Z'),
(325, 41.41, 93165.00, 2369.93, '2025-03-03T13:40:14.473Z'),
(326, 41.41, 93165.00, 2369.93, '2025-03-03T13:40:44.473Z'),
(327, 41.41, 93165.00, 2369.93, '2025-03-03T13:41:14.473Z'),
(328, 41.41, 93228.00, 2372.33, '2025-03-03T13:41:44.705Z'),
(329, 41.41, 93228.00, 2372.33, '2025-03-03T13:42:14.475Z'),
(330, 41.41, 93228.00, 2372.33, '2025-03-03T13:42:44.476Z'),
(331, 41.41, 93228.00, 2372.33, '2025-03-03T13:43:14.476Z'),
(332, 41.41, 93228.00, 2372.33, '2025-03-03T13:43:44.477Z'),
(333, 41.41, 93228.00, 2372.33, '2025-03-03T13:44:14.478Z'),
(334, 41.41, 93228.00, 2372.33, '2025-03-03T13:44:44.480Z'),
(335, 41.41, 93228.00, 2372.33, '2025-03-03T13:45:14.485Z'),
(336, 41.41, 93228.00, 2372.33, '2025-03-03T13:45:44.485Z'),
(337, 41.41, 93228.00, 2372.33, '2025-03-03T13:46:14.486Z'),
(338, 41.41, 93228.00, 2372.33, '2025-03-03T13:46:44.487Z'),
(339, 41.41, 93651.00, 2384.12, '2025-03-03T13:47:14.693Z'),
(340, 41.41, 93651.00, 2384.12, '2025-03-03T13:47:44.488Z'),
(341, 41.41, 93651.00, 2384.12, '2025-03-03T13:48:14.488Z'),
(342, 41.41, 93651.00, 2384.12, '2025-03-03T13:48:44.489Z'),
(343, 41.41, 93651.00, 2384.12, '2025-03-03T13:49:14.489Z'),
(344, 41.41, 93651.00, 2384.12, '2025-03-03T13:49:44.490Z'),
(345, 41.41, 93651.00, 2384.12, '2025-03-03T13:50:14.490Z'),
(346, 41.41, 93651.00, 2384.12, '2025-03-03T13:50:44.491Z'),
(347, 41.41, 93651.00, 2384.12, '2025-03-03T13:51:14.491Z'),
(348, 41.41, 93651.00, 2384.12, '2025-03-03T13:51:44.492Z'),
(349, 41.41, 93651.00, 2384.12, '2025-03-03T13:52:14.492Z'),
(350, 41.41, 93405.00, 2378.42, '2025-03-03T13:52:44.700Z'),
(351, 41.41, 93405.00, 2378.42, '2025-03-03T13:53:14.492Z'),
(352, 41.41, 93405.00, 2378.42, '2025-03-03T13:53:44.492Z'),
(353, 41.41, 93405.00, 2378.42, '2025-03-03T13:54:14.492Z'),
(354, 41.41, 93405.00, 2378.42, '2025-03-03T13:54:44.493Z'),
(355, 41.41, 93405.00, 2378.42, '2025-03-03T13:55:14.493Z'),
(356, 41.41, 93405.00, 2378.42, '2025-03-03T13:55:44.494Z'),
(357, 41.41, 93405.00, 2378.42, '2025-03-03T13:56:14.495Z'),
(358, 41.41, 93405.00, 2378.42, '2025-03-03T13:56:44.496Z'),
(359, 41.41, 93405.00, 2378.42, '2025-03-03T13:57:14.497Z'),
(360, 41.41, 93405.00, 2378.42, '2025-03-03T13:57:44.498Z'),
(361, 41.41, 93369.00, 2375.34, '2025-03-03T13:58:14.704Z'),
(362, 41.41, 93369.00, 2375.34, '2025-03-03T13:58:44.499Z'),
(363, 41.41, 93369.00, 2375.34, '2025-03-03T13:59:14.500Z'),
(364, 41.41, 93369.00, 2375.34, '2025-03-03T13:59:44.501Z'),
(365, 41.41, 93369.00, 2375.34, '2025-03-03T14:00:14.503Z'),
(366, 41.41, 93369.00, 2375.34, '2025-03-03T14:00:44.503Z'),
(367, 41.41, 93369.00, 2375.34, '2025-03-03T14:01:14.504Z'),
(368, 41.41, 93369.00, 2375.34, '2025-03-03T14:01:44.505Z'),
(369, 41.41, 93369.00, 2375.34, '2025-03-03T14:02:14.506Z'),
(370, 41.41, 93369.00, 2375.34, '2025-03-03T14:02:44.507Z'),
(371, 41.41, 93369.00, 2375.34, '2025-03-03T14:03:14.509Z'),
(372, 41.41, 93454.00, 2375.48, '2025-03-03T14:03:44.762Z'),
(373, 41.41, 93454.00, 2375.48, '2025-03-03T14:04:14.510Z'),
(374, 41.41, 93454.00, 2375.48, '2025-03-03T14:04:44.511Z'),
(375, 41.41, 93454.00, 2375.48, '2025-03-03T14:05:14.511Z'),
(376, 41.41, 93454.00, 2375.48, '2025-03-03T14:05:44.511Z'),
(377, 41.41, 93454.00, 2375.48, '2025-03-03T14:06:14.512Z'),
(378, 41.41, 93454.00, 2375.48, '2025-03-03T14:06:44.512Z'),
(379, 41.41, 93454.00, 2375.48, '2025-03-03T14:07:14.511Z'),
(380, 41.41, 93454.00, 2375.48, '2025-03-03T14:07:44.512Z'),
(381, 41.41, 93454.00, 2375.48, '2025-03-03T14:08:14.512Z'),
(382, 41.41, 93454.00, 2375.48, '2025-03-03T14:08:44.512Z'),
(383, 41.41, 93429.00, 2376.59, '2025-03-03T14:09:14.721Z'),
(384, 41.41, 93429.00, 2376.59, '2025-03-03T14:09:44.514Z'),
(385, 41.41, 93429.00, 2376.59, '2025-03-03T14:10:14.514Z'),
(386, 41.41, 93429.00, 2376.59, '2025-03-03T14:10:44.517Z'),
(387, 41.41, 93429.00, 2376.59, '2025-03-03T14:11:14.518Z'),
(388, 41.41, 93429.00, 2376.59, '2025-03-03T14:11:44.519Z'),
(389, 41.41, 93429.00, 2376.59, '2025-03-03T14:12:14.519Z'),
(390, 41.41, 93429.00, 2376.59, '2025-03-03T14:12:44.519Z'),
(391, 41.41, 93429.00, 2376.59, '2025-03-03T14:13:14.520Z'),
(392, 41.41, 93429.00, 2376.59, '2025-03-03T14:13:44.521Z'),
(393, 41.41, 93429.00, 2376.59, '2025-03-03T14:14:14.520Z'),
(394, 41.41, 93593.00, 2377.75, '2025-03-03T14:14:44.728Z'),
(395, 41.41, 93593.00, 2377.75, '2025-03-03T14:15:14.522Z'),
(396, 41.41, 93593.00, 2377.75, '2025-03-03T14:15:44.523Z'),
(397, 41.41, 93593.00, 2377.75, '2025-03-03T14:16:14.525Z'),
(398, 41.41, 93593.00, 2377.75, '2025-03-03T14:16:44.523Z'),
(399, 41.41, 93593.00, 2377.75, '2025-03-03T14:17:14.523Z'),
(400, 41.41, 93593.00, 2377.75, '2025-03-03T14:17:44.524Z'),
(401, 41.41, 93593.00, 2377.75, '2025-03-03T14:18:14.524Z'),
(402, 41.41, 93593.00, 2377.75, '2025-03-03T14:18:44.524Z'),
(403, 41.41, 93593.00, 2377.75, '2025-03-03T14:19:14.524Z'),
(404, 41.41, 93593.00, 2377.75, '2025-03-03T14:19:44.525Z'),
(405, 41.41, 93329.00, 2366.46, '2025-03-03T14:20:14.743Z'),
(406, 41.41, 93329.00, 2366.46, '2025-03-03T14:20:44.526Z'),
(407, 41.41, 93329.00, 2366.46, '2025-03-03T14:21:14.526Z'),
(408, 41.41, 93329.00, 2366.46, '2025-03-03T14:21:44.526Z'),
(409, 41.41, 93329.00, 2366.46, '2025-03-03T14:22:14.527Z'),
(410, 41.41, 93329.00, 2366.46, '2025-03-03T14:22:44.527Z'),
(411, 41.41, 93329.00, 2366.46, '2025-03-03T14:23:14.527Z'),
(412, 41.41, 93329.00, 2366.46, '2025-03-03T14:23:44.527Z'),
(413, 41.41, 93329.00, 2366.46, '2025-03-03T14:24:14.526Z'),
(414, 41.41, 93329.00, 2366.46, '2025-03-03T14:24:44.527Z'),
(415, 41.41, 93329.00, 2366.46, '2025-03-03T14:25:14.528Z'),
(416, 41.41, 93006.00, 2357.94, '2025-03-03T14:25:44.740Z'),
(417, 41.41, 93006.00, 2357.94, '2025-03-03T14:26:14.530Z'),
(418, 41.41, 93006.00, 2357.94, '2025-03-03T14:26:44.529Z'),
(419, 41.41, 93006.00, 2357.94, '2025-03-03T14:27:14.530Z'),
(420, 41.41, 93006.00, 2357.94, '2025-03-03T14:27:44.530Z'),
(421, 41.41, 93006.00, 2357.94, '2025-03-03T14:28:14.532Z'),
(422, 41.41, 93006.00, 2357.94, '2025-03-03T14:28:44.533Z'),
(423, 41.41, 93006.00, 2357.94, '2025-03-03T14:29:14.534Z'),
(424, 41.41, 93006.00, 2357.94, '2025-03-03T14:29:44.535Z'),
(425, 41.41, 93006.00, 2357.94, '2025-03-03T14:30:14.536Z'),
(426, 41.41, 93006.00, 2357.94, '2025-03-03T14:30:44.537Z'),
(427, 41.41, 93102.00, 2359.06, '2025-03-03T14:31:14.745Z'),
(428, 41.41, 93102.00, 2359.06, '2025-03-03T14:31:44.539Z'),
(429, 41.41, 93102.00, 2359.06, '2025-03-03T14:32:14.539Z'),
(430, 41.41, 93102.00, 2359.06, '2025-03-03T14:32:44.540Z'),
(431, 41.41, 93102.00, 2359.06, '2025-03-03T14:33:14.540Z'),
(432, 41.41, 93102.00, 2359.06, '2025-03-03T14:33:44.540Z'),
(433, 41.41, 93102.00, 2359.06, '2025-03-03T14:34:14.541Z'),
(434, 41.41, 93102.00, 2359.06, '2025-03-03T14:34:44.542Z'),
(435, 41.41, 93102.00, 2359.06, '2025-03-03T14:35:14.542Z'),
(436, 41.41, 93102.00, 2359.06, '2025-03-03T14:35:44.542Z'),
(437, 41.41, 93102.00, 2359.06, '2025-03-03T14:36:14.542Z'),
(438, 41.41, 92649.00, 2350.86, '2025-03-03T14:36:44.749Z'),
(439, 41.41, 92649.00, 2350.86, '2025-03-03T14:37:14.542Z'),
(440, 41.41, 92649.00, 2350.86, '2025-03-03T14:37:44.542Z'),
(441, 41.41, 92649.00, 2350.86, '2025-03-03T14:38:14.543Z'),
(442, 41.41, 92649.00, 2350.86, '2025-03-03T14:38:44.543Z'),
(443, 41.41, 92417.00, 2347.32, '2025-03-03T14:39:19.846Z'),
(444, 41.41, 92417.00, 2347.32, '2025-03-03T14:39:48.302Z'),
(445, 41.41, 92417.00, 2347.32, '2025-03-03T14:40:18.302Z'),
(446, 41.41, 92417.00, 2347.32, '2025-03-03T14:40:48.303Z'),
(447, 41.41, 92417.00, 2347.32, '2025-03-03T14:41:18.304Z'),
(448, 41.41, 92417.00, 2347.32, '2025-03-03T14:41:48.305Z'),
(449, 41.41, 92417.00, 2347.32, '2025-03-03T14:42:18.306Z'),
(450, 41.41, 92417.00, 2347.32, '2025-03-03T14:42:48.309Z'),
(451, 41.41, 92417.00, 2347.32, '2025-03-03T14:43:18.311Z'),
(452, 41.41, 92417.00, 2347.32, '2025-03-03T14:43:48.312Z'),
(453, 41.41, 92417.00, 2347.32, '2025-03-03T14:44:18.311Z'),
(454, 41.41, 91599.00, 2327.36, '2025-03-03T14:44:48.513Z'),
(455, 41.41, 91599.00, 2327.36, '2025-03-03T14:45:18.313Z'),
(456, 41.41, 91599.00, 2327.36, '2025-03-03T14:45:48.314Z'),
(457, 41.41, 91599.00, 2327.36, '2025-03-03T14:46:18.317Z'),
(458, 41.41, 91599.00, 2327.36, '2025-03-03T14:46:48.317Z'),
(459, 41.41, 91599.00, 2327.36, '2025-03-03T14:47:18.318Z'),
(460, 41.41, 91599.00, 2327.36, '2025-03-03T14:47:48.318Z'),
(461, 41.41, 91599.00, 2327.36, '2025-03-03T14:48:18.318Z'),
(462, 41.41, 91599.00, 2327.36, '2025-03-03T14:48:48.319Z'),
(463, 41.41, 91599.00, 2327.36, '2025-03-03T14:49:18.320Z'),
(464, 41.41, 91599.00, 2327.36, '2025-03-03T14:49:48.321Z'),
(465, 41.41, 91452.00, 2327.89, '2025-03-03T14:50:18.532Z'),
(466, 41.41, 91452.00, 2327.89, '2025-03-03T14:50:48.321Z'),
(467, 41.41, 91452.00, 2327.89, '2025-03-03T14:51:18.322Z'),
(468, 41.41, 91452.00, 2327.89, '2025-03-03T14:51:48.322Z'),
(469, 41.41, 91452.00, 2327.89, '2025-03-03T14:52:18.322Z'),
(470, 41.41, 91452.00, 2327.89, '2025-03-03T14:52:48.324Z'),
(471, 41.41, 91452.00, 2327.89, '2025-03-03T14:53:18.324Z'),
(472, 41.41, 91452.00, 2327.89, '2025-03-03T14:53:48.325Z'),
(473, 41.41, 91452.00, 2327.89, '2025-03-03T14:54:18.326Z'),
(474, 41.41, 91452.00, 2327.89, '2025-03-03T14:54:48.327Z'),
(475, 41.41, 91452.00, 2327.89, '2025-03-03T14:55:18.328Z'),
(476, 41.41, 89985.00, 2297.46, '2025-03-03T14:55:48.583Z'),
(477, 41.41, 89985.00, 2297.46, '2025-03-03T14:56:18.330Z'),
(478, 41.41, 89985.00, 2297.46, '2025-03-03T14:56:48.331Z'),
(479, 41.41, 89985.00, 2297.46, '2025-03-03T14:57:18.331Z'),
(480, 41.41, 89985.00, 2297.46, '2025-03-03T14:57:48.332Z'),
(481, 41.41, 89985.00, 2297.46, '2025-03-03T14:58:18.333Z'),
(482, 41.41, 89985.00, 2297.46, '2025-03-03T14:58:48.333Z'),
(483, 41.41, 89985.00, 2297.46, '2025-03-03T14:59:18.334Z'),
(484, 41.41, 89985.00, 2297.46, '2025-03-03T14:59:48.334Z'),
(485, 41.41, 89985.00, 2297.46, '2025-03-03T15:00:18.335Z'),
(486, 41.41, 89985.00, 2297.46, '2025-03-03T15:00:48.335Z'),
(487, 41.41, 89472.00, 2284.10, '2025-03-03T15:01:18.533Z'),
(488, 41.41, 89472.00, 2284.10, '2025-03-03T15:01:48.336Z'),
(489, 41.41, 89472.00, 2284.10, '2025-03-03T15:02:18.338Z'),
(490, 41.41, 89472.00, 2284.10, '2025-03-03T15:02:48.338Z'),
(491, 41.41, 89472.00, 2284.10, '2025-03-03T15:03:18.339Z'),
(492, 41.41, 89472.00, 2284.10, '2025-03-03T15:03:48.339Z'),
(493, 41.41, 89472.00, 2284.10, '2025-03-03T15:04:18.340Z'),
(494, 41.41, 89472.00, 2284.10, '2025-03-03T15:04:48.340Z'),
(495, 41.41, 89472.00, 2284.10, '2025-03-03T15:05:18.340Z'),
(496, 41.41, 89472.00, 2284.10, '2025-03-03T15:05:48.340Z'),
(497, 41.41, 89472.00, 2284.10, '2025-03-03T15:06:18.339Z'),
(498, 41.41, 89962.00, 2291.22, '2025-03-03T15:06:48.550Z'),
(499, 41.41, 89962.00, 2291.22, '2025-03-03T15:07:18.342Z'),
(500, 41.41, 89962.00, 2291.22, '2025-03-03T15:07:48.343Z'),
(501, 41.41, 89962.00, 2291.22, '2025-03-03T15:08:18.343Z'),
(502, 41.41, 89962.00, 2291.22, '2025-03-03T15:08:48.344Z'),
(503, 41.41, 89962.00, 2291.22, '2025-03-03T15:09:18.345Z'),
(504, 41.41, 89962.00, 2291.22, '2025-03-03T15:09:48.346Z'),
(505, 41.41, 89962.00, 2291.22, '2025-03-03T15:10:18.347Z'),
(506, 41.41, 89962.00, 2291.22, '2025-03-03T15:10:48.348Z'),
(507, 41.41, 89962.00, 2291.22, '2025-03-03T15:11:18.348Z'),
(508, 41.41, 89962.00, 2291.22, '2025-03-03T15:11:48.349Z'),
(509, 41.41, 89777.00, 2284.37, '2025-03-03T15:12:18.558Z'),
(510, 41.41, 89777.00, 2284.37, '2025-03-03T15:12:48.351Z'),
(511, 41.41, 89777.00, 2284.37, '2025-03-03T15:13:18.352Z'),
(512, 41.41, 89777.00, 2284.37, '2025-03-03T15:13:48.353Z'),
(513, 41.41, 89777.00, 2284.37, '2025-03-03T15:14:18.353Z'),
(514, 41.41, 89777.00, 2284.37, '2025-03-03T15:14:48.354Z'),
(515, 41.41, 89777.00, 2284.37, '2025-03-03T15:15:18.354Z'),
(516, 41.41, 89777.00, 2284.37, '2025-03-03T15:15:48.355Z'),
(517, 41.41, 89777.00, 2284.37, '2025-03-03T15:16:18.355Z'),
(518, 41.41, 89777.00, 2284.37, '2025-03-03T15:16:48.356Z'),
(519, 41.41, 89777.00, 2284.37, '2025-03-03T15:17:18.356Z'),
(520, 41.41, 89945.00, 2285.96, '2025-03-03T15:17:48.572Z'),
(521, 41.41, 89945.00, 2285.96, '2025-03-03T15:18:18.355Z'),
(522, 41.41, 89945.00, 2285.96, '2025-03-03T15:18:48.356Z'),
(523, 41.41, 89945.00, 2285.96, '2025-03-03T15:19:18.356Z'),
(524, 41.41, 89945.00, 2285.96, '2025-03-03T15:19:48.357Z'),
(525, 41.41, 89945.00, 2285.96, '2025-03-03T15:20:18.358Z'),
(526, 41.41, 89945.00, 2285.96, '2025-03-03T15:20:48.358Z'),
(527, 41.41, 89945.00, 2285.96, '2025-03-03T15:21:18.358Z'),
(528, 41.41, 89945.00, 2285.96, '2025-03-03T15:21:48.358Z'),
(529, 41.41, 89945.00, 2285.96, '2025-03-03T15:22:18.359Z'),
(530, 41.41, 89945.00, 2285.96, '2025-03-03T15:22:48.360Z'),
(531, 41.41, 90556.00, 2295.42, '2025-03-03T15:23:18.579Z'),
(532, 41.41, 90556.00, 2295.42, '2025-03-03T15:23:48.361Z'),
(533, 41.41, 90556.00, 2295.42, '2025-03-03T15:24:18.363Z'),
(534, 41.41, 90556.00, 2295.42, '2025-03-03T15:24:48.364Z'),
(535, 41.41, 90556.00, 2295.42, '2025-03-03T15:25:18.365Z'),
(536, 41.41, 90556.00, 2295.42, '2025-03-03T15:25:48.366Z'),
(537, 41.41, 90556.00, 2295.42, '2025-03-03T15:26:18.367Z'),
(538, 41.41, 90556.00, 2295.42, '2025-03-03T15:26:48.367Z'),
(539, 41.41, 90556.00, 2295.42, '2025-03-03T15:27:18.368Z'),
(540, 41.41, 90556.00, 2295.42, '2025-03-03T15:27:48.371Z'),
(541, 41.41, 90556.00, 2295.42, '2025-03-03T15:28:18.371Z'),
(542, 41.41, 91016.00, 2302.99, '2025-03-03T15:28:48.578Z'),
(543, 41.41, 91016.00, 2302.99, '2025-03-03T15:29:18.372Z'),
(544, 41.41, 91016.00, 2302.99, '2025-03-03T15:29:48.373Z'),
(545, 41.41, 91016.00, 2302.99, '2025-03-03T15:30:18.373Z'),
(546, 41.41, 91016.00, 2302.99, '2025-03-03T15:30:48.373Z'),
(547, 41.41, 91016.00, 2302.99, '2025-03-03T15:31:18.375Z'),
(548, 41.41, 91016.00, 2302.99, '2025-03-03T15:31:48.375Z'),
(549, 41.41, 91016.00, 2302.99, '2025-03-03T15:32:18.376Z'),
(550, 41.41, 91016.00, 2302.99, '2025-03-03T15:32:48.376Z'),
(551, 41.41, 91016.00, 2302.99, '2025-03-03T15:33:18.376Z'),
(552, 41.41, 91016.00, 2302.99, '2025-03-03T15:33:48.377Z'),
(553, 41.41, 90551.00, 2289.10, '2025-03-03T15:34:40.185Z'),
(554, 41.41, 90551.00, 2289.10, '2025-03-03T15:35:09.087Z'),
(555, 41.41, 90482.00, 2287.69, '2025-03-03T15:35:56.916Z'),
(556, 41.41, 90482.00, 2287.69, '2025-03-03T15:36:25.516Z'),
(557, 41.41, 90482.00, 2287.69, '2025-03-03T15:36:55.516Z'),
(558, 41.41, 90482.00, 2287.69, '2025-03-03T15:37:25.516Z'),
(559, 41.41, 90482.00, 2287.69, '2025-03-03T15:37:55.517Z'),
(560, 41.41, 90482.00, 2287.69, '2025-03-03T15:38:25.517Z'),
(561, 41.41, 90482.00, 2287.69, '2025-03-03T15:38:55.518Z'),
(562, 41.41, 90482.00, 2287.69, '2025-03-03T15:39:25.518Z'),
(563, 41.41, 90482.00, 2287.69, '2025-03-03T15:39:55.520Z'),
(564, 41.41, 90496.00, 2288.47, '2025-03-03T15:40:25.121Z'),
(565, 41.41, 90496.00, 2288.47, '2025-03-03T15:40:54.180Z'),
(566, 41.41, 90574.00, 2292.28, '2025-03-03T15:41:32.759Z'),
(567, 41.41, 90574.00, 2292.28, '2025-03-03T15:42:01.395Z'),
(568, 41.41, 90574.00, 2292.28, '2025-03-03T15:42:31.395Z'),
(569, 41.41, 90574.00, 2292.28, '2025-03-03T15:43:01.396Z'),
(570, 41.41, 90574.00, 2292.28, '2025-03-03T15:43:31.396Z'),
(571, 41.41, 90574.00, 2292.28, '2025-03-03T15:44:01.396Z'),
(572, 41.41, 90574.00, 2292.28, '2025-03-03T15:44:31.396Z'),
(573, 41.41, 90574.00, 2292.28, '2025-03-03T15:45:01.396Z'),
(574, 41.41, 90574.00, 2292.28, '2025-03-03T15:45:31.397Z'),
(575, 41.41, 90574.00, 2292.28, '2025-03-03T15:46:01.398Z'),
(576, 41.41, 90574.00, 2292.28, '2025-03-03T15:46:31.398Z'),
(577, 41.41, 90628.00, 2295.11, '2025-03-03T15:47:01.638Z'),
(578, 41.41, 90628.00, 2295.11, '2025-03-03T15:47:31.398Z'),
(579, 41.41, 90628.00, 2295.11, '2025-03-03T15:48:01.399Z'),
(580, 41.41, 90628.00, 2295.11, '2025-03-03T15:48:31.399Z'),
(581, 41.41, 90628.00, 2295.11, '2025-03-03T15:49:01.399Z'),
(582, 41.41, 90628.00, 2295.11, '2025-03-03T15:49:31.399Z'),
(583, 41.41, 90628.00, 2295.11, '2025-03-03T15:50:01.401Z'),
(584, 41.41, 90628.00, 2295.11, '2025-03-03T15:50:31.402Z'),
(585, 41.41, 90628.00, 2295.11, '2025-03-03T15:51:01.403Z'),
(586, 41.41, 90628.00, 2295.11, '2025-03-03T15:51:31.404Z'),
(587, 41.41, 90628.00, 2295.11, '2025-03-03T15:52:01.405Z'),
(588, 41.41, 90484.00, 2292.29, '2025-03-03T15:52:31.628Z'),
(589, 41.41, 90484.00, 2292.29, '2025-03-03T15:53:01.406Z'),
(590, 41.41, 90690.00, 2299.25, '2025-03-03T15:53:30.010Z'),
(591, 41.41, 90690.00, 2299.25, '2025-03-03T15:53:58.386Z'),
(592, 41.41, 90731.00, 2298.86, '2025-03-03T15:55:11.933Z'),
(593, 41.41, 90731.00, 2298.86, '2025-03-03T15:55:40.509Z'),
(594, 41.41, 90731.00, 2298.86, '2025-03-03T15:56:10.508Z'),
(595, 41.41, 90731.00, 2298.86, '2025-03-03T15:56:40.510Z'),
(596, 41.41, 90625.00, 2296.75, '2025-03-03T15:57:08.098Z'),
(597, 41.41, 90731.00, 2298.86, '2025-03-03T15:57:10.511Z'),
(598, 41.41, 90625.00, 2296.75, '2025-03-03T15:57:37.119Z'),
(599, 41.41, 90731.00, 2298.86, '2025-03-03T15:57:40.512Z'),
(600, 41.41, 90625.00, 2296.75, '2025-03-03T15:58:07.128Z'),
(601, 41.41, 90731.00, 2298.86, '2025-03-03T15:58:10.512Z'),
(603, 41.41, 90731.00, 2298.86, '2025-03-03T15:58:40.514Z'),
(605, 41.41, 90731.00, 2298.86, '2025-03-03T15:59:10.515Z'),
(607, 41.41, 90731.00, 2298.86, '2025-03-03T15:59:40.515Z'),
(1232, 41.41, 90353.00, 2280.22, '2025-03-03T17:23:08.080Z'),
(1236, 41.41, 90353.00, 2280.22, '2025-03-03T17:23:38.110Z'),
(1240, 41.41, 90353.00, 2280.22, '2025-03-03T17:24:08.141Z'),
(1244, 41.41, 90353.00, 2280.22, '2025-03-03T17:24:38.170Z'),
(1248, 41.41, 90353.00, 2280.22, '2025-03-03T17:25:08.200Z'),
(1252, 41.41, 90353.00, 2280.22, '2025-03-03T17:25:38.230Z'),
(1299, 41.41, 90152.00, 2275.93, '2025-03-03T17:31:36.856Z'),
(1303, 41.41, 90152.00, 2275.93, '2025-03-03T17:32:06.856Z'),
(1429, 41.41, 90657.00, 2287.87, '2025-03-03T17:47:43.777Z'),
(1433, 41.41, 90657.00, 2287.87, '2025-03-03T17:48:13.612Z'),
(1437, 41.41, 90657.00, 2287.87, '2025-03-03T17:48:43.642Z'),
(1441, 41.41, 90657.00, 2287.87, '2025-03-03T17:49:13.673Z'),
(1445, 41.41, 90657.00, 2287.87, '2025-03-03T17:49:43.702Z'),
(1449, 41.41, 90657.00, 2287.87, '2025-03-03T17:50:13.731Z'),
(1453, 41.41, 90657.00, 2287.87, '2025-03-03T17:50:43.762Z'),
(1457, 41.41, 90657.00, 2287.87, '2025-03-03T17:51:13.791Z'),
(1461, 41.41, 90657.00, 2287.87, '2025-03-03T17:51:43.821Z'),
(1465, 41.41, 90657.00, 2287.87, '2025-03-03T17:52:13.852Z'),
(1534, 41.41, 90196.00, 2275.37, '2025-03-03T18:00:56.391Z'),
(1538, 41.41, 90196.00, 2275.37, '2025-03-03T18:01:26.191Z'),
(1542, 41.41, 90196.00, 2275.37, '2025-03-03T18:01:56.221Z'),
(1546, 41.41, 90196.00, 2275.37, '2025-03-03T18:02:26.250Z'),
(1550, 41.41, 90196.00, 2275.37, '2025-03-03T18:02:56.280Z'),
(1554, 41.41, 90196.00, 2275.37, '2025-03-03T18:03:26.310Z'),
(1558, 41.41, 90196.00, 2275.37, '2025-03-03T18:03:56.340Z'),
(1562, 41.41, 90196.00, 2275.37, '2025-03-03T18:04:26.370Z'),
(1566, 41.41, 90196.00, 2275.37, '2025-03-03T18:04:56.399Z'),
(1570, 41.41, 90196.00, 2275.37, '2025-03-03T18:05:26.430Z'),
(1615, 41.41, 89487.00, 2253.94, '2025-03-03T18:11:11.063Z'),
(1618, 41.41, 89487.00, 2253.94, '2025-03-03T18:11:40.949Z'),
(1623, 41.41, 89487.00, 2253.94, '2025-03-03T18:12:10.978Z'),
(1627, 41.41, 89487.00, 2253.94, '2025-03-03T18:12:41.008Z'),
(1631, 41.41, 89487.00, 2253.94, '2025-03-03T18:13:11.038Z'),
(1634, 41.41, 89487.00, 2253.94, '2025-03-03T18:13:41.068Z'),
(1639, 41.41, 89487.00, 2253.94, '2025-03-03T18:14:11.098Z'),
(1643, 41.41, 89487.00, 2253.94, '2025-03-03T18:14:41.128Z'),
(1647, 41.41, 89487.00, 2253.94, '2025-03-03T18:15:11.157Z'),
(1651, 41.41, 89487.00, 2253.94, '2025-03-03T18:15:41.187Z'),
(1680, 41.41, 89380.00, 2253.95, '2025-03-03T18:19:15.456Z'),
(1684, 41.41, 89380.00, 2253.95, '2025-03-03T18:19:45.486Z'),
(1688, 41.41, 89380.00, 2253.95, '2025-03-03T18:20:15.516Z'),
(1692, 41.41, 89380.00, 2253.95, '2025-03-03T18:20:45.525Z'),
(1696, 41.41, 89380.00, 2253.95, '2025-03-03T18:21:15.555Z'),
(1700, 41.41, 89380.00, 2253.95, '2025-03-03T18:21:45.585Z'),
(1704, 41.41, 89380.00, 2253.95, '2025-03-03T18:22:15.615Z'),
(1742, 41.41, 88865.00, 2239.91, '2025-03-03T18:27:03.428Z'),
(1746, 41.41, 88550.00, 2232.43, '2025-03-03T18:27:33.627Z'),
(1750, 41.41, 88550.00, 2232.43, '2025-03-03T18:28:03.429Z'),
(1754, 41.41, 88550.00, 2232.43, '2025-03-03T18:28:33.430Z'),
(1758, 41.41, 88550.00, 2232.43, '2025-03-03T18:29:03.430Z'),
(1853, 41.41, 87342.00, 2199.46, '2025-03-03T18:40:58.735Z'),
(1857, 41.41, 87342.00, 2199.46, '2025-03-03T18:41:28.564Z'),
(1861, 41.41, 87342.00, 2199.46, '2025-03-03T18:41:58.594Z'),
(1865, 41.41, 87342.00, 2199.46, '2025-03-03T18:42:28.623Z'),
(1869, 41.41, 87342.00, 2199.46, '2025-03-03T18:42:58.653Z'),
(1873, 41.41, 87342.00, 2199.46, '2025-03-03T18:43:28.683Z'),
(1877, 41.41, 87342.00, 2199.46, '2025-03-03T18:43:58.713Z'),
(1881, 41.41, 87342.00, 2199.46, '2025-03-03T18:44:28.744Z'),
(1885, 41.41, 87342.00, 2199.46, '2025-03-03T18:44:58.773Z'),
(1889, 41.41, 87342.00, 2199.46, '2025-03-03T18:45:28.803Z'),
(1922, 41.41, 86959.00, 2185.12, '2025-03-03T18:49:30.076Z'),
(602, 41.41, 90625.00, 2296.75, '2025-03-03T15:58:37.158Z'),
(604, 41.41, 90625.00, 2296.75, '2025-03-03T15:59:07.177Z'),
(606, 41.41, 90625.00, 2296.75, '2025-03-03T15:59:37.207Z'),
(608, 41.41, 90625.00, 2296.75, '2025-03-03T16:00:07.235Z'),
(609, 41.41, 90363.00, 2291.03, '2025-03-03T16:00:11.847Z'),
(610, 41.41, 90625.00, 2296.75, '2025-03-03T16:00:37.260Z'),
(611, 41.41, 90363.00, 2291.03, '2025-03-03T16:00:40.760Z'),
(612, 41.41, 90625.00, 2296.75, '2025-03-03T16:01:07.292Z'),
(613, 41.41, 90093.00, 2285.95, '2025-03-03T16:01:17.413Z'),
(614, 41.41, 90625.00, 2296.75, '2025-03-03T16:01:37.322Z'),
(615, 41.41, 90093.00, 2285.95, '2025-03-03T16:01:46.695Z'),
(616, 41.41, 90625.00, 2296.75, '2025-03-03T16:02:07.352Z'),
(617, 41.41, 90093.00, 2285.95, '2025-03-03T16:02:16.696Z'),
(618, 41.41, 90040.00, 2283.57, '2025-03-03T16:02:37.621Z'),
(619, 41.41, 90093.00, 2285.95, '2025-03-03T16:02:46.697Z'),
(620, 41.41, 90040.00, 2283.57, '2025-03-03T16:03:07.407Z'),
(621, 41.41, 90093.00, 2285.95, '2025-03-03T16:03:16.698Z'),
(622, 41.41, 90040.00, 2283.57, '2025-03-03T16:03:37.437Z'),
(623, 41.41, 90093.00, 2285.95, '2025-03-03T16:03:46.699Z'),
(624, 41.41, 90040.00, 2283.57, '2025-03-03T16:04:07.468Z'),
(625, 41.41, 90093.00, 2285.95, '2025-03-03T16:04:16.700Z'),
(626, 41.41, 90040.00, 2283.57, '2025-03-03T16:04:37.497Z'),
(627, 41.41, 90093.00, 2285.95, '2025-03-03T16:04:46.701Z'),
(628, 41.41, 90040.00, 2283.57, '2025-03-03T16:05:07.527Z'),
(629, 41.41, 90093.00, 2285.95, '2025-03-03T16:05:16.702Z'),
(630, 41.41, 90040.00, 2283.57, '2025-03-03T16:05:37.558Z'),
(631, 41.41, 90093.00, 2285.95, '2025-03-03T16:05:46.703Z'),
(632, 41.41, 90040.00, 2283.57, '2025-03-03T16:06:07.588Z'),
(633, 41.41, 90093.00, 2285.95, '2025-03-03T16:06:16.704Z'),
(634, 41.41, 90040.00, 2283.57, '2025-03-03T16:06:37.618Z'),
(635, 41.41, 90182.00, 2288.46, '2025-03-03T16:06:46.890Z'),
(636, 41.41, 90040.00, 2283.57, '2025-03-03T16:07:07.647Z'),
(637, 41.41, 90182.00, 2288.46, '2025-03-03T16:07:16.705Z'),
(638, 41.41, 90176.00, 2288.58, '2025-03-03T16:07:37.891Z'),
(639, 41.41, 90182.00, 2288.46, '2025-03-03T16:07:46.705Z'),
(640, 41.41, 90176.00, 2288.58, '2025-03-03T16:08:07.704Z'),
(641, 41.41, 90182.00, 2288.46, '2025-03-03T16:08:16.706Z'),
(642, 41.41, 90176.00, 2288.58, '2025-03-03T16:08:37.733Z'),
(643, 41.41, 90182.00, 2288.46, '2025-03-03T16:08:46.707Z'),
(644, 41.41, 90176.00, 2288.58, '2025-03-03T16:09:07.762Z'),
(645, 41.41, 90182.00, 2288.46, '2025-03-03T16:09:16.707Z'),
(646, 41.41, 90176.00, 2288.58, '2025-03-03T16:09:37.792Z'),
(647, 41.41, 90182.00, 2288.46, '2025-03-03T16:09:46.708Z'),
(648, 41.41, 90176.00, 2288.58, '2025-03-03T16:10:07.823Z'),
(649, 41.41, 90182.00, 2288.46, '2025-03-03T16:10:16.708Z'),
(650, 41.41, 90022.00, 2284.46, '2025-03-03T16:10:20.499Z'),
(651, 41.41, 90022.00, 2284.46, '2025-03-03T16:10:34.611Z'),
(652, 41.41, 90176.00, 2288.58, '2025-03-03T16:10:37.852Z'),
(653, 41.41, 90182.00, 2288.46, '2025-03-03T16:10:46.708Z'),
(654, 41.41, 90022.00, 2284.46, '2025-03-03T16:10:49.646Z'),
(655, 41.41, 90022.00, 2284.46, '2025-03-03T16:11:03.874Z'),
(656, 41.41, 90176.00, 2288.58, '2025-03-03T16:11:07.882Z'),
(657, 41.41, 90182.00, 2288.46, '2025-03-03T16:11:16.708Z'),
(658, 41.41, 90022.00, 2284.46, '2025-03-03T16:11:19.676Z'),
(659, 41.41, 90022.00, 2284.46, '2025-03-03T16:11:33.884Z'),
(660, 41.41, 90176.00, 2288.58, '2025-03-03T16:11:37.912Z'),
(661, 41.41, 90182.00, 2288.46, '2025-03-03T16:11:46.709Z'),
(662, 41.41, 90022.00, 2284.46, '2025-03-03T16:11:49.705Z'),
(663, 41.41, 90022.00, 2284.46, '2025-03-03T16:12:03.903Z'),
(664, 41.41, 89894.00, 2278.72, '2025-03-03T16:12:07.806Z'),
(665, 41.41, 90176.00, 2288.58, '2025-03-03T16:12:07.942Z'),
(666, 41.41, 90022.00, 2284.46, '2025-03-03T16:12:19.737Z'),
(667, 41.41, 90022.00, 2284.46, '2025-03-03T16:12:33.928Z'),
(668, 41.41, 89894.00, 2278.72, '2025-03-03T16:12:36.771Z'),
(669, 41.41, 89894.00, 2278.72, '2025-03-03T16:12:38.101Z'),
(670, 41.41, 90022.00, 2284.46, '2025-03-03T16:12:49.766Z'),
(671, 41.41, 90022.00, 2284.46, '2025-03-03T16:13:03.957Z'),
(672, 41.41, 89894.00, 2278.72, '2025-03-03T16:13:06.771Z'),
(673, 41.41, 89894.00, 2278.72, '2025-03-03T16:13:07.999Z'),
(674, 41.41, 90022.00, 2284.46, '2025-03-03T16:13:19.796Z'),
(675, 41.41, 90022.00, 2284.46, '2025-03-03T16:13:33.987Z'),
(676, 41.41, 89894.00, 2278.72, '2025-03-03T16:13:36.771Z'),
(677, 41.41, 89894.00, 2278.72, '2025-03-03T16:13:38.028Z'),
(678, 41.41, 90022.00, 2284.46, '2025-03-03T16:13:49.826Z'),
(679, 41.41, 90022.00, 2284.46, '2025-03-03T16:14:04.017Z'),
(680, 41.41, 89894.00, 2278.72, '2025-03-03T16:14:06.771Z'),
(681, 41.41, 89894.00, 2278.72, '2025-03-03T16:14:08.058Z'),
(682, 41.41, 90022.00, 2284.46, '2025-03-03T16:14:19.857Z'),
(683, 41.41, 90022.00, 2284.46, '2025-03-03T16:14:34.047Z'),
(684, 41.41, 89894.00, 2278.72, '2025-03-03T16:14:36.771Z'),
(685, 41.41, 89894.00, 2278.72, '2025-03-03T16:14:38.088Z'),
(686, 41.41, 90022.00, 2284.46, '2025-03-03T16:14:49.886Z'),
(687, 41.41, 90022.00, 2284.46, '2025-03-03T16:15:04.077Z'),
(688, 41.41, 89894.00, 2278.72, '2025-03-03T16:15:06.771Z'),
(689, 41.41, 89894.00, 2278.72, '2025-03-03T16:15:08.118Z'),
(690, 41.41, 90022.00, 2284.46, '2025-03-03T16:15:19.916Z'),
(691, 41.41, 90022.00, 2284.46, '2025-03-03T16:15:34.106Z'),
(692, 41.41, 89894.00, 2278.72, '2025-03-03T16:15:36.772Z'),
(693, 41.41, 89894.00, 2278.72, '2025-03-03T16:15:38.145Z'),
(694, 41.41, 89801.00, 2274.20, '2025-03-03T16:15:50.095Z'),
(695, 41.41, 89998.00, 2278.11, '2025-03-03T16:16:04.329Z'),
(696, 41.41, 89894.00, 2278.72, '2025-03-03T16:16:06.772Z'),
(697, 41.41, 89894.00, 2278.72, '2025-03-03T16:16:08.174Z'),
(698, 41.41, 89801.00, 2274.20, '2025-03-03T16:16:19.972Z'),
(699, 41.41, 89998.00, 2278.11, '2025-03-03T16:16:34.163Z'),
(700, 41.41, 89894.00, 2278.72, '2025-03-03T16:16:36.773Z'),
(701, 41.41, 89894.00, 2278.72, '2025-03-03T16:16:38.205Z'),
(702, 41.41, 89801.00, 2274.20, '2025-03-03T16:16:50.003Z'),
(703, 41.41, 89998.00, 2278.11, '2025-03-03T16:17:04.191Z'),
(704, 41.41, 89894.00, 2278.72, '2025-03-03T16:17:06.773Z'),
(705, 41.41, 89894.00, 2278.72, '2025-03-03T16:17:08.234Z'),
(706, 41.41, 89801.00, 2274.20, '2025-03-03T16:17:20.032Z'),
(707, 41.41, 89998.00, 2278.11, '2025-03-03T16:17:34.221Z'),
(708, 41.41, 89953.00, 2275.32, '2025-03-03T16:17:36.977Z'),
(709, 41.41, 89953.00, 2275.32, '2025-03-03T16:17:38.475Z'),
(710, 41.41, 89801.00, 2274.20, '2025-03-03T16:17:50.062Z'),
(711, 41.41, 89998.00, 2278.11, '2025-03-03T16:18:04.251Z'),
(712, 41.41, 89953.00, 2275.32, '2025-03-03T16:18:06.775Z'),
(713, 41.41, 89953.00, 2275.32, '2025-03-03T16:18:08.290Z'),
(714, 41.41, 89801.00, 2274.20, '2025-03-03T16:18:20.093Z'),
(715, 41.41, 89998.00, 2278.11, '2025-03-03T16:18:34.281Z'),
(716, 41.41, 89953.00, 2275.32, '2025-03-03T16:18:36.775Z'),
(717, 41.41, 89953.00, 2275.32, '2025-03-03T16:18:38.319Z'),
(718, 41.41, 89801.00, 2274.20, '2025-03-03T16:18:50.123Z'),
(719, 41.41, 89998.00, 2278.11, '2025-03-03T16:19:04.314Z'),
(720, 41.41, 89953.00, 2275.32, '2025-03-03T16:19:06.775Z'),
(721, 41.41, 89953.00, 2275.32, '2025-03-03T16:19:08.349Z'),
(722, 41.41, 89801.00, 2274.20, '2025-03-03T16:19:20.152Z'),
(723, 41.41, 89998.00, 2278.11, '2025-03-03T16:19:34.343Z'),
(724, 41.41, 89953.00, 2275.32, '2025-03-03T16:19:36.775Z'),
(725, 41.41, 89953.00, 2275.32, '2025-03-03T16:19:38.380Z'),
(729, 41.41, 89953.00, 2275.32, '2025-03-03T16:20:08.411Z'),
(733, 41.41, 89953.00, 2275.32, '2025-03-03T16:20:38.440Z'),
(737, 41.41, 89953.00, 2275.32, '2025-03-03T16:21:08.471Z'),
(741, 41.41, 89953.00, 2275.32, '2025-03-03T16:21:38.504Z'),
(745, 41.41, 89953.00, 2275.32, '2025-03-03T16:22:08.534Z'),
(1233, 41.41, 90372.00, 2281.05, '2025-03-03T17:23:12.137Z'),
(1237, 41.41, 90372.00, 2281.05, '2025-03-03T17:23:42.167Z'),
(1241, 41.41, 90372.00, 2281.05, '2025-03-03T17:24:12.197Z'),
(1245, 41.41, 90372.00, 2281.05, '2025-03-03T17:24:42.228Z'),
(1249, 41.41, 90372.00, 2281.05, '2025-03-03T17:25:12.257Z'),
(1253, 41.41, 90372.00, 2281.05, '2025-03-03T17:25:42.288Z'),
(1257, 41.41, 90372.00, 2281.05, '2025-03-03T17:26:12.317Z'),
(1261, 41.41, 90372.00, 2281.05, '2025-03-03T17:26:42.347Z'),
(1265, 41.41, 90372.00, 2281.05, '2025-03-03T17:27:12.377Z'),
(1307, 41.41, 90152.00, 2275.93, '2025-03-03T17:32:36.856Z'),
(1311, 41.41, 90152.00, 2275.93, '2025-03-03T17:33:06.856Z'),
(1315, 41.41, 90152.00, 2275.93, '2025-03-03T17:33:36.857Z'),
(1319, 41.41, 90152.00, 2275.93, '2025-03-03T17:34:06.857Z'),
(1454, 41.41, 90479.00, 2282.76, '2025-03-03T17:50:55.759Z'),
(1458, 41.41, 90479.00, 2282.76, '2025-03-03T17:51:25.590Z'),
(1462, 41.41, 90479.00, 2282.76, '2025-03-03T17:51:55.625Z'),
(1466, 41.41, 90479.00, 2282.76, '2025-03-03T17:52:25.655Z'),
(1470, 41.41, 90479.00, 2282.76, '2025-03-03T17:52:55.686Z'),
(1474, 41.41, 90479.00, 2282.76, '2025-03-03T17:53:25.715Z'),
(1478, 41.41, 90479.00, 2282.76, '2025-03-03T17:53:55.745Z'),
(1535, 41.41, 90196.00, 2275.37, '2025-03-03T18:01:10.540Z'),
(1539, 41.41, 90196.00, 2275.37, '2025-03-03T18:01:40.356Z'),
(1543, 41.41, 90196.00, 2275.37, '2025-03-03T18:02:10.384Z'),
(1547, 41.41, 90196.00, 2275.37, '2025-03-03T18:02:40.414Z'),
(1551, 41.41, 90196.00, 2275.37, '2025-03-03T18:03:10.445Z'),
(1555, 41.41, 90196.00, 2275.37, '2025-03-03T18:03:40.475Z'),
(1559, 41.41, 90196.00, 2275.37, '2025-03-03T18:04:10.505Z'),
(1564, 41.41, 90196.00, 2275.37, '2025-03-03T18:04:40.535Z'),
(1568, 41.41, 90196.00, 2275.37, '2025-03-03T18:05:10.564Z'),
(1571, 41.41, 90196.00, 2275.37, '2025-03-03T18:05:40.594Z'),
(1622, 41.41, 89487.00, 2253.94, '2025-03-03T18:12:10.929Z'),
(1626, 41.41, 89487.00, 2253.94, '2025-03-03T18:12:40.931Z'),
(1630, 41.41, 89487.00, 2253.94, '2025-03-03T18:13:10.932Z'),
(1681, 41.41, 89425.00, 2254.00, '2025-03-03T18:19:24.386Z'),
(1685, 41.41, 89425.00, 2254.00, '2025-03-03T18:19:54.387Z'),
(1748, 41.41, 88476.00, 2230.97, '2025-03-03T18:27:46.116Z'),
(1752, 41.41, 88476.00, 2230.97, '2025-03-03T18:28:15.940Z'),
(1756, 41.41, 88476.00, 2230.97, '2025-03-03T18:28:45.969Z'),
(1760, 41.41, 88476.00, 2230.97, '2025-03-03T18:29:15.999Z'),
(1764, 41.41, 88476.00, 2230.97, '2025-03-03T18:29:46.029Z'),
(1768, 41.41, 88476.00, 2230.97, '2025-03-03T18:30:16.060Z'),
(1772, 41.41, 88476.00, 2230.97, '2025-03-03T18:30:46.089Z'),
(1776, 41.41, 88476.00, 2230.97, '2025-03-03T18:31:16.119Z'),
(1780, 41.41, 88476.00, 2230.97, '2025-03-03T18:31:46.149Z'),
(1784, 41.41, 88476.00, 2230.97, '2025-03-03T18:32:16.179Z'),
(1855, 41.41, 87342.00, 2199.46, '2025-03-03T18:41:12.775Z'),
(1859, 41.41, 87342.00, 2199.46, '2025-03-03T18:41:42.655Z'),
(1863, 41.41, 87342.00, 2199.46, '2025-03-03T18:42:12.685Z'),
(1867, 41.41, 87342.00, 2199.46, '2025-03-03T18:42:42.715Z'),
(1871, 41.41, 87342.00, 2199.46, '2025-03-03T18:43:12.746Z'),
(1875, 41.41, 87342.00, 2199.46, '2025-03-03T18:43:42.775Z'),
(1879, 41.41, 87342.00, 2199.46, '2025-03-03T18:44:12.805Z'),
(1883, 41.41, 87342.00, 2199.46, '2025-03-03T18:44:42.835Z'),
(1887, 41.41, 87342.00, 2199.46, '2025-03-03T18:45:12.865Z'),
(1891, 41.41, 87342.00, 2199.46, '2025-03-03T18:45:42.895Z'),
(726, 41.41, 89801.00, 2274.20, '2025-03-03T16:19:50.182Z'),
(730, 41.41, 89801.00, 2274.20, '2025-03-03T16:20:20.214Z'),
(1234, 41.41, 90353.00, 2280.22, '2025-03-03T17:23:23.933Z'),
(1238, 41.41, 90353.00, 2280.22, '2025-03-03T17:23:53.963Z'),
(1242, 41.41, 90353.00, 2280.22, '2025-03-03T17:24:23.993Z'),
(1246, 41.41, 90353.00, 2280.22, '2025-03-03T17:24:54.023Z'),
(1250, 41.41, 90353.00, 2280.22, '2025-03-03T17:25:24.053Z'),
(1309, 41.41, 90259.00, 2278.09, '2025-03-03T17:32:42.905Z'),
(1313, 41.41, 90259.00, 2278.09, '2025-03-03T17:33:12.728Z'),
(1317, 41.41, 90259.00, 2278.09, '2025-03-03T17:33:42.758Z'),
(1321, 41.41, 90259.00, 2278.09, '2025-03-03T17:34:12.787Z'),
(1325, 41.41, 90259.00, 2278.09, '2025-03-03T17:34:42.817Z'),
(1329, 41.41, 90259.00, 2278.09, '2025-03-03T17:35:12.847Z'),
(1333, 41.41, 90259.00, 2278.09, '2025-03-03T17:35:42.877Z'),
(1337, 41.41, 90259.00, 2278.09, '2025-03-03T17:36:12.907Z'),
(1341, 41.41, 90259.00, 2278.09, '2025-03-03T17:36:42.937Z'),
(1345, 41.41, 90259.00, 2278.09, '2025-03-03T17:37:12.967Z'),
(1456, 41.41, 90479.00, 2282.76, '2025-03-03T17:51:09.969Z'),
(1460, 41.41, 90479.00, 2282.76, '2025-03-03T17:51:39.762Z'),
(1464, 41.41, 90479.00, 2282.76, '2025-03-03T17:52:09.792Z'),
(1468, 41.41, 90479.00, 2282.76, '2025-03-03T17:52:39.823Z'),
(1472, 41.41, 90479.00, 2282.76, '2025-03-03T17:53:09.854Z'),
(1476, 41.41, 90479.00, 2282.76, '2025-03-03T17:53:39.885Z'),
(1548, 41.41, 90321.00, 2278.55, '2025-03-03T18:02:42.613Z'),
(1552, 41.41, 90321.00, 2278.55, '2025-03-03T18:03:12.613Z'),
(1556, 41.41, 90321.00, 2278.55, '2025-03-03T18:03:42.613Z'),
(1560, 41.41, 90321.00, 2278.55, '2025-03-03T18:04:12.614Z'),
(1628, 41.41, 89639.00, 2258.12, '2025-03-03T18:12:45.264Z'),
(1632, 41.41, 89639.00, 2258.12, '2025-03-03T18:13:15.099Z'),
(1636, 41.41, 89639.00, 2258.12, '2025-03-03T18:13:45.129Z'),
(1640, 41.41, 89639.00, 2258.12, '2025-03-03T18:14:15.158Z'),
(1644, 41.41, 89639.00, 2258.12, '2025-03-03T18:14:45.189Z'),
(1648, 41.41, 89639.00, 2258.12, '2025-03-03T18:15:15.221Z'),
(1652, 41.41, 89639.00, 2258.12, '2025-03-03T18:15:45.251Z'),
(1656, 41.41, 89639.00, 2258.12, '2025-03-03T18:16:15.281Z'),
(1660, 41.41, 89639.00, 2258.12, '2025-03-03T18:16:45.311Z'),
(1664, 41.41, 89639.00, 2258.12, '2025-03-03T18:17:15.341Z'),
(1682, 41.41, 89425.00, 2254.00, '2025-03-03T18:19:27.278Z'),
(1686, 41.41, 89425.00, 2254.00, '2025-03-03T18:19:57.308Z'),
(1690, 41.41, 89425.00, 2254.00, '2025-03-03T18:20:27.337Z'),
(1762, 41.41, 88550.00, 2232.43, '2025-03-03T18:29:33.430Z'),
(1766, 41.41, 88550.00, 2232.43, '2025-03-03T18:30:03.430Z'),
(1770, 41.41, 88550.00, 2232.43, '2025-03-03T18:30:33.430Z'),
(1774, 41.41, 88550.00, 2232.43, '2025-03-03T18:31:03.430Z'),
(1778, 41.41, 88550.00, 2232.43, '2025-03-03T18:31:33.430Z'),
(1782, 41.41, 88550.00, 2232.43, '2025-03-03T18:32:03.431Z'),
(1786, 41.41, 88550.00, 2232.43, '2025-03-03T18:32:33.431Z'),
(1794, 41.41, 87936.00, 2214.11, '2025-03-03T18:33:33.432Z'),
(1798, 41.41, 87936.00, 2214.11, '2025-03-03T18:34:03.433Z'),
(1802, 41.41, 87936.00, 2214.11, '2025-03-03T18:34:33.433Z'),
(1806, 41.41, 87936.00, 2214.11, '2025-03-03T18:35:03.433Z'),
(1862, 41.41, 87871.00, 2211.50, '2025-03-03T18:42:03.444Z'),
(727, 41.41, 89998.00, 2278.11, '2025-03-03T16:20:04.374Z'),
(731, 41.41, 89998.00, 2278.11, '2025-03-03T16:20:34.403Z'),
(1235, 41.41, 90372.00, 2281.96, '2025-03-03T17:23:37.045Z'),
(1239, 41.41, 90372.00, 2281.96, '2025-03-03T17:24:06.849Z'),
(1243, 41.41, 90372.00, 2281.96, '2025-03-03T17:24:36.849Z'),
(1247, 41.41, 90372.00, 2281.96, '2025-03-03T17:25:06.850Z'),
(1251, 41.41, 90372.00, 2281.96, '2025-03-03T17:25:36.851Z'),
(1255, 41.41, 90372.00, 2281.96, '2025-03-03T17:26:06.851Z'),
(1323, 41.41, 90474.00, 2283.41, '2025-03-03T17:34:37.069Z'),
(1327, 41.41, 90474.00, 2283.41, '2025-03-03T17:35:06.859Z'),
(1331, 41.41, 90474.00, 2283.41, '2025-03-03T17:35:36.860Z'),
(1335, 41.41, 90474.00, 2283.41, '2025-03-03T17:36:06.860Z'),
(1339, 41.41, 90474.00, 2283.41, '2025-03-03T17:36:36.860Z'),
(1343, 41.41, 90474.00, 2283.41, '2025-03-03T17:37:06.860Z'),
(1347, 41.41, 90474.00, 2283.41, '2025-03-03T17:37:36.859Z'),
(1351, 41.41, 90474.00, 2283.41, '2025-03-03T17:38:06.860Z'),
(1355, 41.41, 90474.00, 2283.41, '2025-03-03T17:38:36.861Z'),
(1359, 41.41, 90474.00, 2283.41, '2025-03-03T17:39:06.861Z'),
(1363, 41.41, 90474.00, 2283.41, '2025-03-03T17:39:36.861Z'),
(1469, 41.41, 90321.00, 2277.85, '2025-03-03T17:52:44.081Z'),
(1473, 41.41, 90321.00, 2277.85, '2025-03-03T17:53:13.906Z'),
(1477, 41.41, 90321.00, 2277.85, '2025-03-03T17:53:43.935Z'),
(1549, 41.41, 90249.00, 2276.16, '2025-03-03T18:02:44.680Z'),
(1553, 41.41, 90249.00, 2276.16, '2025-03-03T18:03:14.494Z'),
(1557, 41.41, 90249.00, 2276.16, '2025-03-03T18:03:44.523Z'),
(1561, 41.41, 90249.00, 2276.16, '2025-03-03T18:04:14.553Z'),
(1565, 41.41, 90249.00, 2276.16, '2025-03-03T18:04:44.583Z'),
(1569, 41.41, 90249.00, 2276.16, '2025-03-03T18:05:14.613Z'),
(1572, 41.41, 90249.00, 2276.16, '2025-03-03T18:05:44.644Z'),
(1576, 41.41, 90249.00, 2276.16, '2025-03-03T18:06:14.679Z'),
(1580, 41.41, 90249.00, 2276.16, '2025-03-03T18:06:44.709Z'),
(1584, 41.41, 90249.00, 2276.16, '2025-03-03T18:07:14.740Z'),
(1635, 41.41, 89487.00, 2253.94, '2025-03-03T18:13:40.933Z'),
(1638, 41.41, 89487.00, 2253.94, '2025-03-03T18:14:10.933Z'),
(1689, 41.41, 89425.00, 2254.00, '2025-03-03T18:20:24.387Z'),
(1773, 41.41, 87738.00, 2207.77, '2025-03-03T18:30:58.152Z'),
(1777, 41.41, 87738.00, 2207.77, '2025-03-03T18:31:27.974Z'),
(1781, 41.41, 87738.00, 2207.77, '2025-03-03T18:31:58.004Z'),
(1785, 41.41, 87738.00, 2207.77, '2025-03-03T18:32:28.033Z'),
(1789, 41.41, 87738.00, 2207.77, '2025-03-03T18:32:58.064Z'),
(1793, 41.41, 87738.00, 2207.77, '2025-03-03T18:33:28.094Z'),
(1797, 41.41, 87738.00, 2207.77, '2025-03-03T18:33:58.124Z'),
(1801, 41.41, 87738.00, 2207.77, '2025-03-03T18:34:28.153Z'),
(1805, 41.41, 87738.00, 2207.77, '2025-03-03T18:34:58.183Z'),
(1809, 41.41, 87738.00, 2207.77, '2025-03-03T18:35:28.213Z'),
(1866, 41.41, 87871.00, 2211.50, '2025-03-03T18:42:33.444Z'),
(1870, 41.41, 87871.00, 2211.50, '2025-03-03T18:43:03.445Z'),
(1874, 41.41, 87871.00, 2211.50, '2025-03-03T18:43:33.446Z'),
(1878, 41.41, 87159.00, 2190.59, '2025-03-03T18:44:03.664Z'),
(1882, 41.41, 87159.00, 2190.59, '2025-03-03T18:44:33.446Z'),
(1886, 41.41, 87159.00, 2190.59, '2025-03-03T18:45:03.446Z'),
(1890, 41.41, 87159.00, 2190.59, '2025-03-03T18:45:33.447Z'),
(1894, 41.41, 87159.00, 2190.59, '2025-03-03T18:46:03.447Z'),
(1898, 41.41, 87159.00, 2190.59, '2025-03-03T18:46:33.447Z'),
(1902, 41.41, 87159.00, 2190.59, '2025-03-03T18:47:03.448Z'),
(728, 41.41, 89953.00, 2275.32, '2025-03-03T16:20:06.776Z'),
(1254, 41.41, 90360.00, 2282.56, '2025-03-03T17:25:54.303Z'),
(1258, 41.41, 90360.00, 2282.56, '2025-03-03T17:26:24.109Z'),
(1262, 41.41, 90360.00, 2282.56, '2025-03-03T17:26:54.139Z'),
(1266, 41.41, 90360.00, 2282.56, '2025-03-03T17:27:24.169Z'),
(1270, 41.41, 90360.00, 2282.56, '2025-03-03T17:27:54.198Z'),
(1274, 41.41, 90360.00, 2282.56, '2025-03-03T17:28:24.229Z'),
(1278, 41.41, 90360.00, 2282.56, '2025-03-03T17:28:54.258Z'),
(1282, 41.41, 90360.00, 2282.56, '2025-03-03T17:29:24.289Z'),
(1286, 41.41, 90360.00, 2282.56, '2025-03-03T17:29:54.318Z'),
(1290, 41.41, 90360.00, 2282.56, '2025-03-03T17:30:24.348Z'),
(1334, 41.41, 90479.00, 2283.03, '2025-03-03T17:35:54.968Z'),
(1338, 41.41, 90479.00, 2283.03, '2025-03-03T17:36:24.700Z'),
(1342, 41.41, 90479.00, 2283.03, '2025-03-03T17:36:54.729Z'),
(1346, 41.41, 90479.00, 2283.03, '2025-03-03T17:37:24.759Z'),
(1350, 41.41, 90479.00, 2283.03, '2025-03-03T17:37:54.789Z'),
(1354, 41.41, 90479.00, 2283.03, '2025-03-03T17:38:24.819Z'),
(1358, 41.41, 90479.00, 2283.03, '2025-03-03T17:38:54.849Z'),
(1362, 41.41, 90479.00, 2283.03, '2025-03-03T17:39:24.882Z'),
(1366, 41.41, 90479.00, 2283.03, '2025-03-03T17:39:54.911Z'),
(1370, 41.41, 90479.00, 2283.03, '2025-03-03T17:40:24.942Z'),
(1480, 41.41, 90479.00, 2282.76, '2025-03-03T17:54:09.914Z'),
(1484, 41.41, 90479.00, 2282.76, '2025-03-03T17:54:39.944Z'),
(1488, 41.41, 90479.00, 2282.76, '2025-03-03T17:55:09.973Z'),
(1492, 41.41, 90479.00, 2282.76, '2025-03-03T17:55:40.004Z'),
(1563, 41.41, 90221.00, 2275.19, '2025-03-03T18:04:29.629Z'),
(1567, 41.41, 90221.00, 2275.19, '2025-03-03T18:04:58.742Z'),
(1641, 41.41, 89413.00, 2253.41, '2025-03-03T18:14:21.091Z'),
(1693, 41.41, 88773.00, 2238.70, '2025-03-03T18:20:49.706Z'),
(1775, 41.41, 87738.00, 2207.77, '2025-03-03T18:31:12.231Z'),
(1779, 41.41, 87738.00, 2207.77, '2025-03-03T18:31:42.063Z'),
(1783, 41.41, 87738.00, 2207.77, '2025-03-03T18:32:12.092Z'),
(1787, 41.41, 87738.00, 2207.77, '2025-03-03T18:32:42.122Z'),
(1791, 41.41, 87738.00, 2207.77, '2025-03-03T18:33:12.152Z'),
(1795, 41.41, 87738.00, 2207.77, '2025-03-03T18:33:42.182Z'),
(1799, 41.41, 87738.00, 2207.77, '2025-03-03T18:34:12.212Z'),
(1803, 41.41, 87738.00, 2207.77, '2025-03-03T18:34:42.242Z'),
(1807, 41.41, 87738.00, 2207.77, '2025-03-03T18:35:12.272Z'),
(1811, 41.41, 87738.00, 2207.77, '2025-03-03T18:35:42.302Z'),
(1868, 41.41, 87130.00, 2191.73, '2025-03-03T18:42:46.999Z'),
(1872, 41.41, 87130.00, 2191.73, '2025-03-03T18:43:16.828Z'),
(1876, 41.41, 87130.00, 2191.73, '2025-03-03T18:43:46.856Z'),
(1880, 41.41, 87130.00, 2191.73, '2025-03-03T18:44:16.886Z'),
(1884, 41.41, 87130.00, 2191.73, '2025-03-03T18:44:46.917Z'),
(1888, 41.41, 87130.00, 2191.73, '2025-03-03T18:45:16.946Z'),
(1892, 41.41, 87130.00, 2191.73, '2025-03-03T18:45:46.976Z'),
(1896, 41.41, 87130.00, 2191.73, '2025-03-03T18:46:17.005Z'),
(1900, 41.41, 87130.00, 2191.73, '2025-03-03T18:46:47.036Z'),
(732, 41.41, 89953.00, 2275.32, '2025-03-03T16:20:36.776Z'),
(734, 41.41, 90272.00, 2280.29, '2025-03-03T16:20:50.437Z'),
(735, 41.41, 90425.00, 2283.87, '2025-03-03T16:21:04.625Z'),
(736, 41.41, 89953.00, 2275.32, '2025-03-03T16:21:06.776Z'),
(738, 41.41, 90272.00, 2280.29, '2025-03-03T16:21:20.268Z'),
(739, 41.41, 90425.00, 2283.87, '2025-03-03T16:21:34.459Z'),
(740, 41.41, 89953.00, 2275.32, '2025-03-03T16:21:36.776Z'),
(742, 41.41, 90272.00, 2280.29, '2025-03-03T16:21:50.297Z'),
(743, 41.41, 90425.00, 2283.87, '2025-03-03T16:22:04.490Z'),
(744, 41.41, 89953.00, 2275.32, '2025-03-03T16:22:06.776Z'),
(746, 41.41, 90272.00, 2280.29, '2025-03-03T16:22:20.326Z'),
(747, 41.41, 90425.00, 2283.87, '2025-03-03T16:22:34.519Z'),
(748, 41.41, 89953.00, 2275.32, '2025-03-03T16:22:36.777Z'),
(749, 41.41, 90437.00, 2284.31, '2025-03-03T16:22:38.825Z'),
(750, 41.41, 90272.00, 2280.29, '2025-03-03T16:22:50.356Z'),
(751, 41.41, 90425.00, 2283.87, '2025-03-03T16:23:04.550Z'),
(752, 41.41, 90535.00, 2288.89, '2025-03-03T16:23:06.966Z'),
(753, 41.41, 90437.00, 2284.31, '2025-03-03T16:23:08.591Z'),
(754, 41.41, 90272.00, 2280.29, '2025-03-03T16:23:20.386Z'),
(755, 41.41, 90425.00, 2283.87, '2025-03-03T16:23:34.579Z'),
(756, 41.41, 90535.00, 2288.89, '2025-03-03T16:23:36.779Z'),
(757, 41.41, 90437.00, 2284.31, '2025-03-03T16:23:38.620Z'),
(758, 41.41, 90272.00, 2280.29, '2025-03-03T16:23:50.417Z'),
(759, 41.41, 90425.00, 2283.87, '2025-03-03T16:24:04.609Z'),
(760, 41.41, 90535.00, 2288.89, '2025-03-03T16:24:06.780Z'),
(761, 41.41, 90437.00, 2284.31, '2025-03-03T16:24:08.650Z'),
(762, 41.41, 90272.00, 2280.29, '2025-03-03T16:24:20.447Z'),
(763, 41.41, 90425.00, 2283.87, '2025-03-03T16:24:34.640Z'),
(764, 41.41, 90535.00, 2288.89, '2025-03-03T16:24:36.783Z'),
(765, 41.41, 90437.00, 2284.31, '2025-03-03T16:24:38.681Z'),
(766, 41.41, 90272.00, 2280.29, '2025-03-03T16:24:50.477Z'),
(767, 41.41, 90425.00, 2283.87, '2025-03-03T16:25:04.669Z'),
(768, 41.41, 90535.00, 2288.89, '2025-03-03T16:25:06.783Z'),
(769, 41.41, 90437.00, 2284.31, '2025-03-03T16:25:08.711Z'),
(770, 41.41, 90272.00, 2280.29, '2025-03-03T16:25:20.507Z'),
(771, 41.41, 90425.00, 2283.87, '2025-03-03T16:25:34.699Z'),
(772, 41.41, 90535.00, 2288.89, '2025-03-03T16:25:36.784Z'),
(773, 41.41, 90437.00, 2284.31, '2025-03-03T16:25:38.741Z'),
(774, 41.41, 90643.00, 2291.74, '2025-03-03T16:25:50.714Z'),
(775, 41.41, 90643.00, 2291.74, '2025-03-03T16:26:04.860Z'),
(776, 41.41, 90535.00, 2288.89, '2025-03-03T16:26:06.785Z'),
(777, 41.41, 90437.00, 2284.31, '2025-03-03T16:26:08.770Z'),
(778, 41.41, 90643.00, 2291.74, '2025-03-03T16:26:20.549Z'),
(779, 41.41, 90643.00, 2291.74, '2025-03-03T16:26:34.755Z'),
(780, 41.41, 90535.00, 2288.89, '2025-03-03T16:26:36.786Z'),
(781, 41.41, 90437.00, 2284.31, '2025-03-03T16:26:38.800Z'),
(782, 41.41, 90643.00, 2291.74, '2025-03-03T16:26:50.578Z'),
(783, 41.41, 90643.00, 2291.74, '2025-03-03T16:27:04.776Z'),
(784, 41.41, 90535.00, 2288.89, '2025-03-03T16:27:06.787Z'),
(785, 41.41, 90437.00, 2284.31, '2025-03-03T16:27:08.831Z'),
(786, 41.41, 90643.00, 2291.74, '2025-03-03T16:27:20.609Z'),
(787, 41.41, 90643.00, 2291.74, '2025-03-03T16:27:34.803Z'),
(788, 41.41, 90535.00, 2288.89, '2025-03-03T16:27:36.788Z'),
(789, 41.41, 90507.00, 2288.94, '2025-03-03T16:27:39.056Z'),
(790, 41.41, 90643.00, 2291.74, '2025-03-03T16:27:50.638Z'),
(791, 41.41, 90643.00, 2291.74, '2025-03-03T16:28:04.832Z'),
(792, 41.41, 90535.00, 2288.89, '2025-03-03T16:28:06.789Z'),
(793, 41.41, 90507.00, 2288.94, '2025-03-03T16:28:08.887Z'),
(794, 41.41, 90643.00, 2291.74, '2025-03-03T16:28:20.668Z'),
(795, 41.41, 90643.00, 2291.74, '2025-03-03T16:28:34.863Z'),
(796, 41.41, 90507.00, 2288.94, '2025-03-03T16:28:36.933Z'),
(797, 41.41, 90507.00, 2288.94, '2025-03-03T16:28:38.917Z'),
(798, 41.41, 90643.00, 2291.74, '2025-03-03T16:28:50.698Z'),
(799, 41.41, 90643.00, 2291.74, '2025-03-03T16:29:04.893Z'),
(800, 41.41, 90507.00, 2288.94, '2025-03-03T16:29:06.791Z'),
(801, 41.41, 90507.00, 2288.94, '2025-03-03T16:29:08.946Z'),
(802, 41.41, 90643.00, 2291.74, '2025-03-03T16:29:20.728Z'),
(803, 41.41, 90643.00, 2291.74, '2025-03-03T16:29:34.922Z'),
(804, 41.41, 90507.00, 2288.94, '2025-03-03T16:29:36.791Z'),
(805, 41.41, 90507.00, 2288.94, '2025-03-03T16:29:38.976Z'),
(806, 41.41, 90643.00, 2291.74, '2025-03-03T16:29:50.758Z'),
(807, 41.41, 90643.00, 2291.74, '2025-03-03T16:30:04.953Z'),
(808, 41.41, 90507.00, 2288.94, '2025-03-03T16:30:06.792Z'),
(809, 41.41, 90507.00, 2288.94, '2025-03-03T16:30:09.010Z'),
(810, 41.41, 90643.00, 2291.74, '2025-03-03T16:30:20.788Z'),
(811, 41.41, 90643.00, 2291.74, '2025-03-03T16:30:34.983Z'),
(812, 41.41, 90507.00, 2288.94, '2025-03-03T16:30:36.792Z'),
(813, 41.41, 90507.00, 2288.94, '2025-03-03T16:30:39.040Z'),
(814, 41.41, 90312.00, 2286.09, '2025-03-03T16:30:51.040Z'),
(815, 41.41, 90312.00, 2286.09, '2025-03-03T16:31:05.198Z'),
(816, 41.41, 90507.00, 2288.94, '2025-03-03T16:31:06.792Z'),
(817, 41.41, 90507.00, 2288.94, '2025-03-03T16:31:09.071Z'),
(818, 41.41, 90312.00, 2286.09, '2025-03-03T16:31:20.845Z'),
(819, 41.41, 90312.00, 2286.09, '2025-03-03T16:31:35.039Z'),
(820, 41.41, 90507.00, 2288.94, '2025-03-03T16:31:36.792Z'),
(821, 41.41, 90507.00, 2288.94, '2025-03-03T16:31:39.100Z'),
(822, 41.41, 90312.00, 2286.09, '2025-03-03T16:31:50.874Z'),
(823, 41.41, 90312.00, 2286.09, '2025-03-03T16:32:05.068Z'),
(824, 41.41, 90507.00, 2288.94, '2025-03-03T16:32:06.793Z'),
(825, 41.41, 90507.00, 2288.94, '2025-03-03T16:32:09.130Z'),
(826, 41.41, 90312.00, 2286.09, '2025-03-03T16:32:20.904Z'),
(827, 41.41, 90312.00, 2286.09, '2025-03-03T16:32:35.097Z'),
(828, 41.41, 90507.00, 2288.94, '2025-03-03T16:32:36.793Z'),
(829, 41.41, 90166.00, 2283.69, '2025-03-03T16:32:39.358Z'),
(830, 41.41, 90312.00, 2286.09, '2025-03-03T16:32:50.934Z'),
(831, 41.41, 90312.00, 2286.09, '2025-03-03T16:33:05.128Z'),
(832, 41.41, 90507.00, 2288.94, '2025-03-03T16:33:06.793Z'),
(833, 41.41, 90166.00, 2283.69, '2025-03-03T16:33:09.186Z'),
(834, 41.41, 90312.00, 2286.09, '2025-03-03T16:33:20.964Z'),
(835, 41.41, 90312.00, 2286.09, '2025-03-03T16:33:35.158Z'),
(836, 41.41, 90507.00, 2288.94, '2025-03-03T16:33:36.793Z'),
(837, 41.41, 90166.00, 2283.69, '2025-03-03T16:33:39.215Z'),
(838, 41.41, 90312.00, 2286.09, '2025-03-03T16:33:50.994Z'),
(839, 41.41, 90312.00, 2286.09, '2025-03-03T16:34:05.188Z'),
(840, 41.41, 90133.00, 2282.71, '2025-03-03T16:34:06.985Z'),
(841, 41.41, 90166.00, 2283.69, '2025-03-03T16:34:09.246Z'),
(842, 41.41, 90312.00, 2286.09, '2025-03-03T16:34:21.024Z'),
(843, 41.41, 90312.00, 2286.09, '2025-03-03T16:34:35.217Z'),
(844, 41.41, 90133.00, 2282.71, '2025-03-03T16:34:36.794Z'),
(845, 41.41, 90166.00, 2283.69, '2025-03-03T16:34:39.276Z'),
(846, 41.41, 90312.00, 2286.09, '2025-03-03T16:34:51.055Z'),
(847, 41.41, 90312.00, 2286.09, '2025-03-03T16:35:05.248Z'),
(848, 41.41, 90133.00, 2282.71, '2025-03-03T16:35:06.793Z'),
(849, 41.41, 90166.00, 2283.69, '2025-03-03T16:35:09.305Z'),
(850, 41.41, 90312.00, 2286.09, '2025-03-03T16:35:21.085Z'),
(851, 41.41, 90312.00, 2286.09, '2025-03-03T16:35:35.278Z'),
(852, 41.41, 90133.00, 2282.71, '2025-03-03T16:35:36.794Z'),
(853, 41.41, 90166.00, 2283.69, '2025-03-03T16:35:39.338Z'),
(854, 41.41, 89936.00, 2276.78, '2025-03-03T16:35:51.315Z'),
(855, 41.41, 89936.00, 2276.78, '2025-03-03T16:36:05.513Z'),
(856, 41.41, 90133.00, 2282.71, '2025-03-03T16:36:06.794Z'),
(860, 41.41, 90133.00, 2282.71, '2025-03-03T16:36:36.794Z'),
(864, 41.41, 90133.00, 2282.71, '2025-03-03T16:37:06.794Z'),
(868, 41.41, 90133.00, 2282.71, '2025-03-03T16:37:36.794Z'),
(872, 41.41, 90133.00, 2282.71, '2025-03-03T16:38:06.795Z'),
(876, 41.41, 90133.00, 2282.71, '2025-03-03T16:38:36.797Z'),
(880, 41.41, 90133.00, 2282.71, '2025-03-03T16:39:06.797Z'),
(884, 41.41, 90023.00, 2278.30, '2025-03-03T16:39:36.999Z'),
(888, 41.41, 90023.00, 2278.30, '2025-03-03T16:40:06.799Z'),
(892, 41.41, 90023.00, 2278.30, '2025-03-03T16:40:36.800Z'),
(896, 41.41, 90023.00, 2278.30, '2025-03-03T16:41:06.800Z'),
(900, 41.41, 90023.00, 2278.30, '2025-03-03T16:41:36.801Z'),
(904, 41.41, 90023.00, 2278.30, '2025-03-03T16:42:06.802Z'),
(908, 41.41, 90023.00, 2278.30, '2025-03-03T16:42:36.805Z'),
(912, 41.41, 90023.00, 2278.30, '2025-03-03T16:43:06.806Z'),
(916, 41.41, 90023.00, 2278.30, '2025-03-03T16:43:36.807Z'),
(920, 41.41, 90023.00, 2278.30, '2025-03-03T16:44:06.808Z'),
(924, 41.41, 90023.00, 2278.30, '2025-03-03T16:44:36.809Z'),
(1256, 41.41, 90360.00, 2282.56, '2025-03-03T17:26:08.504Z'),
(1260, 41.41, 90360.00, 2282.56, '2025-03-03T17:26:38.286Z'),
(1264, 41.41, 90360.00, 2282.56, '2025-03-03T17:27:08.316Z'),
(1268, 41.41, 90360.00, 2282.56, '2025-03-03T17:27:38.345Z'),
(1272, 41.41, 90360.00, 2282.56, '2025-03-03T17:28:08.375Z'),
(1276, 41.41, 90360.00, 2282.56, '2025-03-03T17:28:38.405Z'),
(1280, 41.41, 90360.00, 2282.56, '2025-03-03T17:29:08.435Z'),
(1284, 41.41, 90360.00, 2282.56, '2025-03-03T17:29:38.466Z'),
(1288, 41.41, 90360.00, 2282.56, '2025-03-03T17:30:08.495Z'),
(1292, 41.41, 90360.00, 2282.56, '2025-03-03T17:30:38.525Z'),
(1336, 41.41, 90516.00, 2283.73, '2025-03-03T17:36:09.059Z'),
(1340, 41.41, 90516.00, 2283.73, '2025-03-03T17:36:38.876Z'),
(1344, 41.41, 90516.00, 2283.73, '2025-03-03T17:37:08.906Z'),
(1348, 41.41, 90516.00, 2283.73, '2025-03-03T17:37:38.936Z'),
(1352, 41.41, 90516.00, 2283.73, '2025-03-03T17:38:08.967Z'),
(1356, 41.41, 90516.00, 2283.73, '2025-03-03T17:38:38.996Z'),
(1360, 41.41, 90516.00, 2283.73, '2025-03-03T17:39:09.026Z'),
(1364, 41.41, 90516.00, 2283.73, '2025-03-03T17:39:39.056Z'),
(1368, 41.41, 90516.00, 2283.73, '2025-03-03T17:40:09.086Z'),
(1372, 41.41, 90516.00, 2283.73, '2025-03-03T17:40:39.117Z'),
(1481, 41.41, 90321.00, 2277.85, '2025-03-03T17:54:13.965Z'),
(1485, 41.41, 90321.00, 2277.85, '2025-03-03T17:54:43.995Z'),
(1489, 41.41, 90321.00, 2277.85, '2025-03-03T17:55:14.025Z'),
(1493, 41.41, 90321.00, 2277.85, '2025-03-03T17:55:44.055Z'),
(1497, 41.41, 90321.00, 2277.85, '2025-03-03T17:56:14.085Z'),
(1501, 41.41, 90321.00, 2277.85, '2025-03-03T17:56:44.115Z'),
(1505, 41.41, 90321.00, 2277.85, '2025-03-03T17:57:14.145Z'),
(1573, 41.41, 90027.00, 2268.63, '2025-03-03T18:05:56.683Z'),
(1577, 41.41, 90027.00, 2268.63, '2025-03-03T18:06:26.485Z'),
(1581, 41.41, 90027.00, 2268.63, '2025-03-03T18:06:56.515Z'),
(1585, 41.41, 90027.00, 2268.63, '2025-03-03T18:07:26.545Z'),
(1589, 41.41, 90027.00, 2268.63, '2025-03-03T18:07:56.575Z'),
(1593, 41.41, 90027.00, 2268.63, '2025-03-03T18:08:26.605Z'),
(1597, 41.41, 90027.00, 2268.63, '2025-03-03T18:08:56.635Z'),
(1601, 41.41, 90027.00, 2268.63, '2025-03-03T18:09:26.665Z'),
(1605, 41.41, 90027.00, 2268.63, '2025-03-03T18:09:56.694Z'),
(1609, 41.41, 90027.00, 2268.63, '2025-03-03T18:10:26.725Z'),
(1645, 41.41, 89413.00, 2253.41, '2025-03-03T18:14:50.200Z'),
(1694, 41.41, 88773.00, 2238.70, '2025-03-03T18:20:57.504Z'),
(1698, 41.41, 88773.00, 2238.70, '2025-03-03T18:21:27.384Z'),
(1701, 41.41, 88773.00, 2238.70, '2025-03-03T18:21:57.414Z'),
(1705, 41.41, 88773.00, 2238.70, '2025-03-03T18:22:27.443Z'),
(1709, 41.41, 88773.00, 2238.70, '2025-03-03T18:22:57.473Z'),
(1713, 41.41, 88773.00, 2238.70, '2025-03-03T18:23:27.503Z'),
(1717, 41.41, 88773.00, 2238.70, '2025-03-03T18:23:57.533Z'),
(1721, 41.41, 88773.00, 2238.70, '2025-03-03T18:24:27.564Z'),
(1725, 41.41, 88773.00, 2238.70, '2025-03-03T18:24:57.593Z'),
(1729, 41.41, 88773.00, 2238.70, '2025-03-03T18:25:27.623Z'),
(1788, 41.41, 87891.00, 2212.73, '2025-03-03T18:32:46.423Z'),
(1792, 41.41, 87891.00, 2212.73, '2025-03-03T18:33:16.235Z'),
(1796, 41.41, 87891.00, 2212.73, '2025-03-03T18:33:46.266Z'),
(1800, 41.41, 87891.00, 2212.73, '2025-03-03T18:34:16.296Z'),
(1804, 41.41, 87891.00, 2212.73, '2025-03-03T18:34:46.326Z'),
(1808, 41.41, 87891.00, 2212.73, '2025-03-03T18:35:16.356Z'),
(1812, 41.41, 87891.00, 2212.73, '2025-03-03T18:35:46.386Z'),
(1816, 41.41, 87891.00, 2212.73, '2025-03-03T18:36:16.416Z'),
(1820, 41.41, 87891.00, 2212.73, '2025-03-03T18:36:46.447Z'),
(1824, 41.41, 87891.00, 2212.73, '2025-03-03T18:37:16.477Z'),
(1893, 41.41, 87449.00, 2196.57, '2025-03-03T18:45:59.181Z'),
(1897, 41.41, 87449.00, 2196.57, '2025-03-03T18:46:28.859Z'),
(1901, 41.41, 87449.00, 2196.57, '2025-03-03T18:46:58.889Z'),
(857, 41.41, 90166.00, 2283.69, '2025-03-03T16:36:09.367Z'),
(861, 41.41, 90166.00, 2283.69, '2025-03-03T16:36:39.397Z'),
(865, 41.41, 90166.00, 2283.69, '2025-03-03T16:37:09.427Z'),
(1259, 41.41, 90372.00, 2281.96, '2025-03-03T17:26:36.851Z'),
(1349, 41.41, 90525.00, 2283.18, '2025-03-03T17:37:43.181Z'),
(1353, 41.41, 90525.00, 2283.18, '2025-03-03T17:38:13.023Z'),
(1357, 41.41, 90525.00, 2283.18, '2025-03-03T17:38:43.053Z'),
(1361, 41.41, 90525.00, 2283.18, '2025-03-03T17:39:13.082Z'),
(1365, 41.41, 90525.00, 2283.18, '2025-03-03T17:39:43.113Z'),
(1369, 41.41, 90525.00, 2283.18, '2025-03-03T17:40:13.142Z'),
(1373, 41.41, 90525.00, 2283.18, '2025-03-03T17:40:43.172Z'),
(1377, 41.41, 90525.00, 2283.18, '2025-03-03T17:41:13.202Z'),
(1381, 41.41, 90525.00, 2283.18, '2025-03-03T17:41:43.233Z'),
(1385, 41.41, 90525.00, 2283.18, '2025-03-03T17:42:13.263Z'),
(1482, 41.41, 90479.00, 2282.76, '2025-03-03T17:54:25.775Z'),
(1486, 41.41, 90479.00, 2282.76, '2025-03-03T17:54:55.805Z'),
(1490, 41.41, 90479.00, 2282.76, '2025-03-03T17:55:25.837Z'),
(1574, 41.41, 89989.00, 2268.54, '2025-03-03T18:06:10.837Z'),
(1578, 41.41, 89989.00, 2268.54, '2025-03-03T18:06:40.653Z'),
(1582, 41.41, 89989.00, 2268.54, '2025-03-03T18:07:10.682Z'),
(1586, 41.41, 89989.00, 2268.54, '2025-03-03T18:07:40.713Z'),
(1590, 41.41, 89989.00, 2268.54, '2025-03-03T18:08:10.743Z'),
(1594, 41.41, 89989.00, 2268.54, '2025-03-03T18:08:40.774Z'),
(1598, 41.41, 89989.00, 2268.54, '2025-03-03T18:09:10.804Z'),
(1602, 41.41, 89989.00, 2268.54, '2025-03-03T18:09:40.834Z'),
(1606, 41.41, 89989.00, 2268.54, '2025-03-03T18:10:10.864Z'),
(1610, 41.41, 89989.00, 2268.54, '2025-03-03T18:10:40.893Z'),
(1649, 41.41, 89425.00, 2254.00, '2025-03-03T18:15:25.624Z'),
(1653, 41.41, 89425.00, 2254.00, '2025-03-03T18:15:54.386Z'),
(1695, 41.41, 88773.00, 2238.70, '2025-03-03T18:21:11.705Z'),
(1699, 41.41, 88773.00, 2238.70, '2025-03-03T18:21:41.513Z'),
(1703, 41.41, 88773.00, 2238.70, '2025-03-03T18:22:11.543Z'),
(1707, 41.41, 88773.00, 2238.70, '2025-03-03T18:22:41.572Z'),
(1711, 41.41, 88773.00, 2238.70, '2025-03-03T18:23:11.577Z'),
(1715, 41.41, 88773.00, 2238.70, '2025-03-03T18:23:41.594Z'),
(1719, 41.41, 88773.00, 2238.70, '2025-03-03T18:24:11.624Z'),
(1723, 41.41, 88773.00, 2238.70, '2025-03-03T18:24:41.654Z'),
(1727, 41.41, 88773.00, 2238.70, '2025-03-03T18:25:11.684Z'),
(1731, 41.41, 88773.00, 2238.70, '2025-03-03T18:25:41.713Z'),
(1790, 41.41, 87936.00, 2214.11, '2025-03-03T18:33:03.632Z'),
(1895, 41.41, 87449.00, 2196.57, '2025-03-03T18:46:13.141Z'),
(1899, 41.41, 87449.00, 2196.57, '2025-03-03T18:46:42.950Z'),
(858, 41.41, 89936.00, 2276.78, '2025-03-03T16:36:21.141Z'),
(862, 41.41, 89936.00, 2276.78, '2025-03-03T16:36:51.170Z'),
(866, 41.41, 89936.00, 2276.78, '2025-03-03T16:37:21.200Z'),
(870, 41.41, 89936.00, 2276.78, '2025-03-03T16:37:51.230Z'),
(874, 41.41, 89936.00, 2276.78, '2025-03-03T16:38:21.260Z'),
(878, 41.41, 89936.00, 2276.78, '2025-03-03T16:38:51.290Z'),
(882, 41.41, 89936.00, 2276.78, '2025-03-03T16:39:21.320Z'),
(886, 41.41, 89936.00, 2276.78, '2025-03-03T16:39:51.350Z'),
(890, 41.41, 89936.00, 2276.78, '2025-03-03T16:40:21.380Z'),
(1263, 41.41, 90372.00, 2281.96, '2025-03-03T17:27:06.851Z'),
(1267, 41.41, 90372.00, 2281.96, '2025-03-03T17:27:36.851Z'),
(1271, 41.41, 90372.00, 2281.96, '2025-03-03T17:28:06.852Z'),
(1275, 41.41, 90372.00, 2281.96, '2025-03-03T17:28:36.853Z'),
(1279, 41.41, 90152.00, 2275.93, '2025-03-03T17:29:07.145Z'),
(1283, 41.41, 90152.00, 2275.93, '2025-03-03T17:29:36.854Z'),
(1367, 41.41, 90605.00, 2286.37, '2025-03-03T17:40:07.067Z'),
(1371, 41.41, 90605.00, 2286.37, '2025-03-03T17:40:36.861Z'),
(1375, 41.41, 90605.00, 2286.37, '2025-03-03T17:41:06.862Z'),
(1379, 41.41, 90605.00, 2286.37, '2025-03-03T17:41:36.862Z'),
(1483, 41.41, 90479.00, 2282.76, '2025-03-03T17:54:36.878Z'),
(1487, 41.41, 90479.00, 2282.76, '2025-03-03T17:55:06.877Z'),
(1491, 41.41, 90479.00, 2282.76, '2025-03-03T17:55:36.879Z'),
(1495, 41.41, 90479.00, 2282.76, '2025-03-03T17:56:06.879Z'),
(1575, 41.41, 90027.00, 2268.63, '2025-03-03T18:06:12.005Z'),
(1579, 41.41, 90027.00, 2268.63, '2025-03-03T18:06:40.926Z'),
(1654, 41.41, 89425.00, 2254.00, '2025-03-03T18:15:57.259Z'),
(1658, 41.41, 89425.00, 2254.00, '2025-03-03T18:16:27.099Z'),
(1662, 41.41, 89425.00, 2254.00, '2025-03-03T18:16:57.128Z'),
(1666, 41.41, 89425.00, 2254.00, '2025-03-03T18:17:27.158Z'),
(1670, 41.41, 89425.00, 2254.00, '2025-03-03T18:17:57.188Z'),
(1674, 41.41, 89425.00, 2254.00, '2025-03-03T18:18:27.217Z'),
(1678, 41.41, 89425.00, 2254.00, '2025-03-03T18:18:57.247Z'),
(1697, 41.41, 88773.00, 2238.70, '2025-03-03T18:21:19.003Z'),
(1810, 41.41, 87936.00, 2214.11, '2025-03-03T18:35:33.432Z'),
(1814, 41.41, 87936.00, 2214.11, '2025-03-03T18:36:03.433Z'),
(1822, 41.41, 87936.00, 2214.11, '2025-03-03T18:37:03.435Z'),
(1826, 41.41, 87936.00, 2214.11, '2025-03-03T18:37:33.436Z'),
(1903, 41.41, 87449.00, 2196.57, '2025-03-03T18:47:12.980Z'),
(1907, 41.41, 87449.00, 2196.57, '2025-03-03T18:47:43.010Z'),
(1911, 41.41, 87449.00, 2196.57, '2025-03-03T18:48:13.040Z'),
(1915, 41.41, 87449.00, 2196.57, '2025-03-03T18:48:43.070Z'),
(1919, 41.41, 87449.00, 2196.57, '2025-03-03T18:49:13.101Z'),
(859, 41.41, 89936.00, 2276.78, '2025-03-03T16:36:35.333Z'),
(863, 41.41, 89936.00, 2276.78, '2025-03-03T16:37:05.361Z'),
(867, 41.41, 89936.00, 2276.78, '2025-03-03T16:37:35.392Z'),
(869, 41.41, 90024.00, 2278.14, '2025-03-03T16:37:39.644Z'),
(871, 41.41, 89936.00, 2276.78, '2025-03-03T16:38:05.422Z'),
(873, 41.41, 90024.00, 2278.14, '2025-03-03T16:38:09.483Z'),
(875, 41.41, 89936.00, 2276.78, '2025-03-03T16:38:35.451Z'),
(877, 41.41, 90024.00, 2278.14, '2025-03-03T16:38:39.513Z'),
(879, 41.41, 89936.00, 2276.78, '2025-03-03T16:39:05.482Z'),
(881, 41.41, 90024.00, 2278.14, '2025-03-03T16:39:09.543Z'),
(883, 41.41, 89936.00, 2276.78, '2025-03-03T16:39:35.511Z'),
(885, 41.41, 90024.00, 2278.14, '2025-03-03T16:39:39.573Z'),
(887, 41.41, 89936.00, 2276.78, '2025-03-03T16:40:05.541Z'),
(889, 41.41, 90024.00, 2278.14, '2025-03-03T16:40:09.603Z'),
(891, 41.41, 89936.00, 2276.78, '2025-03-03T16:40:35.571Z'),
(893, 41.41, 90024.00, 2278.14, '2025-03-03T16:40:39.633Z'),
(894, 41.41, 89822.00, 2273.47, '2025-03-03T16:40:51.611Z'),
(895, 41.41, 89822.00, 2273.47, '2025-03-03T16:41:05.803Z'),
(897, 41.41, 90024.00, 2278.14, '2025-03-03T16:41:09.663Z'),
(898, 41.41, 89822.00, 2273.47, '2025-03-03T16:41:21.436Z'),
(899, 41.41, 89822.00, 2273.47, '2025-03-03T16:41:35.627Z'),
(901, 41.41, 90024.00, 2278.14, '2025-03-03T16:41:39.693Z'),
(902, 41.41, 89822.00, 2273.47, '2025-03-03T16:41:51.466Z'),
(903, 41.41, 89822.00, 2273.47, '2025-03-03T16:42:05.657Z'),
(905, 41.41, 90024.00, 2278.14, '2025-03-03T16:42:09.723Z'),
(906, 41.41, 89822.00, 2273.47, '2025-03-03T16:42:21.497Z'),
(907, 41.41, 89822.00, 2273.47, '2025-03-03T16:42:35.686Z'),
(909, 41.41, 89851.00, 2274.07, '2025-03-03T16:42:39.942Z'),
(910, 41.41, 89822.00, 2273.47, '2025-03-03T16:42:51.526Z'),
(911, 41.41, 89822.00, 2273.47, '2025-03-03T16:43:05.716Z'),
(913, 41.41, 89851.00, 2274.07, '2025-03-03T16:43:09.779Z'),
(914, 41.41, 89822.00, 2273.47, '2025-03-03T16:43:21.557Z'),
(915, 41.41, 89822.00, 2273.47, '2025-03-03T16:43:35.746Z'),
(917, 41.41, 89851.00, 2274.07, '2025-03-03T16:43:39.808Z'),
(918, 41.41, 89822.00, 2273.47, '2025-03-03T16:43:51.586Z'),
(919, 41.41, 89822.00, 2273.47, '2025-03-03T16:44:05.776Z'),
(921, 41.41, 89851.00, 2274.07, '2025-03-03T16:44:09.839Z'),
(922, 41.41, 89822.00, 2273.47, '2025-03-03T16:44:21.616Z'),
(923, 41.41, 89822.00, 2273.47, '2025-03-03T16:44:35.806Z'),
(925, 41.41, 89851.00, 2274.07, '2025-03-03T16:44:39.868Z'),
(926, 41.41, 89822.00, 2273.47, '2025-03-03T16:44:51.646Z'),
(927, 41.41, 89822.00, 2273.47, '2025-03-03T16:45:05.836Z'),
(928, 41.41, 89999.00, 2278.40, '2025-03-03T16:45:07.029Z'),
(929, 41.41, 89851.00, 2274.07, '2025-03-03T16:45:09.899Z'),
(930, 41.41, 89822.00, 2273.47, '2025-03-03T16:45:21.676Z'),
(931, 41.41, 89822.00, 2273.47, '2025-03-03T16:45:35.866Z'),
(932, 41.41, 89999.00, 2278.40, '2025-03-03T16:45:36.809Z'),
(933, 41.41, 89851.00, 2274.07, '2025-03-03T16:45:39.929Z'),
(934, 41.41, 89999.00, 2278.40, '2025-03-03T16:45:51.843Z'),
(935, 41.41, 89972.00, 2278.29, '2025-03-03T16:46:06.095Z'),
(936, 41.41, 89999.00, 2278.40, '2025-03-03T16:46:06.810Z'),
(937, 41.41, 89851.00, 2274.07, '2025-03-03T16:46:09.958Z'),
(938, 41.41, 89999.00, 2278.40, '2025-03-03T16:46:21.732Z'),
(939, 41.41, 89972.00, 2278.29, '2025-03-03T16:46:35.922Z'),
(940, 41.41, 89999.00, 2278.40, '2025-03-03T16:46:36.811Z'),
(941, 41.41, 89851.00, 2274.07, '2025-03-03T16:46:39.988Z'),
(942, 41.41, 89999.00, 2278.40, '2025-03-03T16:46:51.762Z'),
(943, 41.41, 89972.00, 2278.29, '2025-03-03T16:47:05.951Z'),
(944, 41.41, 89999.00, 2278.40, '2025-03-03T16:47:06.811Z'),
(945, 41.41, 89851.00, 2274.07, '2025-03-03T16:47:10.019Z'),
(946, 41.41, 89999.00, 2278.40, '2025-03-03T16:47:21.792Z'),
(947, 41.41, 89972.00, 2278.29, '2025-03-03T16:47:35.981Z'),
(948, 41.41, 89999.00, 2278.40, '2025-03-03T16:47:36.811Z'),
(949, 41.41, 90011.00, 2279.63, '2025-03-03T16:47:40.273Z'),
(950, 41.41, 89999.00, 2278.40, '2025-03-03T16:47:51.822Z'),
(951, 41.41, 89972.00, 2278.29, '2025-03-03T16:48:06.011Z'),
(952, 41.41, 89999.00, 2278.40, '2025-03-03T16:48:06.812Z'),
(953, 41.41, 90011.00, 2279.63, '2025-03-03T16:48:10.075Z'),
(954, 41.41, 89999.00, 2278.40, '2025-03-03T16:48:21.852Z'),
(955, 41.41, 89972.00, 2278.29, '2025-03-03T16:48:36.041Z'),
(956, 41.41, 89999.00, 2278.40, '2025-03-03T16:48:36.812Z'),
(957, 41.41, 90011.00, 2279.63, '2025-03-03T16:48:40.105Z'),
(958, 41.41, 89999.00, 2278.40, '2025-03-03T16:48:51.882Z'),
(959, 41.41, 89972.00, 2278.29, '2025-03-03T16:49:06.071Z'),
(960, 41.41, 89999.00, 2278.40, '2025-03-03T16:49:06.813Z'),
(961, 41.41, 90011.00, 2279.63, '2025-03-03T16:49:10.134Z'),
(962, 41.41, 89999.00, 2278.40, '2025-03-03T16:49:21.912Z'),
(963, 41.41, 89972.00, 2278.29, '2025-03-03T16:49:36.101Z'),
(964, 41.41, 89999.00, 2278.40, '2025-03-03T16:49:36.813Z'),
(965, 41.41, 90011.00, 2279.63, '2025-03-03T16:49:40.164Z'),
(966, 41.41, 89999.00, 2278.40, '2025-03-03T16:49:51.942Z'),
(967, 41.41, 89972.00, 2278.29, '2025-03-03T16:50:06.131Z'),
(968, 41.41, 89999.00, 2278.40, '2025-03-03T16:50:06.813Z'),
(969, 41.41, 90011.00, 2279.63, '2025-03-03T16:50:10.193Z'),
(970, 41.41, 89999.00, 2278.40, '2025-03-03T16:50:21.972Z'),
(971, 41.41, 89972.00, 2278.29, '2025-03-03T16:50:36.161Z'),
(972, 41.41, 90188.00, 2283.42, '2025-03-03T16:50:37.030Z'),
(973, 41.41, 90011.00, 2279.63, '2025-03-03T16:50:40.222Z'),
(974, 41.41, 90188.00, 2283.42, '2025-03-03T16:50:52.200Z'),
(975, 41.41, 90188.00, 2283.42, '2025-03-03T16:51:06.326Z'),
(976, 41.41, 90188.00, 2283.42, '2025-03-03T16:51:06.814Z'),
(977, 41.41, 90011.00, 2279.63, '2025-03-03T16:51:10.253Z'),
(978, 41.41, 90188.00, 2283.42, '2025-03-03T16:51:22.028Z'),
(979, 41.41, 90188.00, 2283.42, '2025-03-03T16:51:36.217Z'),
(980, 41.41, 90188.00, 2283.42, '2025-03-03T16:51:36.814Z'),
(981, 41.41, 90011.00, 2279.63, '2025-03-03T16:51:40.282Z'),
(982, 41.41, 90188.00, 2283.42, '2025-03-03T16:51:52.058Z'),
(983, 41.41, 90188.00, 2283.42, '2025-03-03T16:52:06.247Z'),
(984, 41.41, 90188.00, 2283.42, '2025-03-03T16:52:06.814Z'),
(985, 41.41, 90011.00, 2279.63, '2025-03-03T16:52:10.313Z'),
(986, 41.41, 90188.00, 2283.42, '2025-03-03T16:52:22.088Z'),
(987, 41.41, 90188.00, 2283.42, '2025-03-03T16:52:36.276Z'),
(988, 41.41, 90188.00, 2283.42, '2025-03-03T16:52:36.814Z'),
(989, 41.41, 90181.00, 2283.55, '2025-03-03T16:52:40.537Z'),
(990, 41.41, 90188.00, 2283.42, '2025-03-03T16:52:52.118Z'),
(991, 41.41, 90188.00, 2283.42, '2025-03-03T16:53:06.307Z'),
(992, 41.41, 90188.00, 2283.42, '2025-03-03T16:53:06.814Z'),
(993, 41.41, 90181.00, 2283.55, '2025-03-03T16:53:10.369Z'),
(994, 41.41, 90188.00, 2283.42, '2025-03-03T16:53:22.148Z'),
(995, 41.41, 90188.00, 2283.42, '2025-03-03T16:53:36.337Z'),
(996, 41.41, 90188.00, 2283.42, '2025-03-03T16:53:36.814Z'),
(997, 41.41, 90181.00, 2283.55, '2025-03-03T16:53:40.398Z'),
(998, 41.41, 90188.00, 2283.42, '2025-03-03T16:53:52.178Z'),
(999, 41.41, 90188.00, 2283.42, '2025-03-03T16:54:06.367Z'),
(1000, 41.41, 90188.00, 2283.42, '2025-03-03T16:54:06.815Z'),
(1001, 41.41, 90181.00, 2283.55, '2025-03-03T16:54:10.428Z'),
(1002, 41.41, 90188.00, 2283.42, '2025-03-03T16:54:22.208Z'),
(1003, 41.41, 90188.00, 2283.42, '2025-03-03T16:54:36.396Z'),
(1004, 41.41, 90188.00, 2283.42, '2025-03-03T16:54:36.816Z'),
(1005, 41.41, 90181.00, 2283.55, '2025-03-03T16:54:40.457Z'),
(1006, 41.41, 90188.00, 2283.42, '2025-03-03T16:54:52.238Z'),
(1010, 41.41, 90188.00, 2283.42, '2025-03-03T16:55:22.269Z'),
(1269, 41.41, 90199.00, 2277.90, '2025-03-03T17:27:42.613Z'),
(1273, 41.41, 90199.00, 2277.90, '2025-03-03T17:28:12.433Z'),
(1277, 41.41, 90199.00, 2277.90, '2025-03-03T17:28:42.462Z'),
(1281, 41.41, 90199.00, 2277.90, '2025-03-03T17:29:12.493Z'),
(1285, 41.41, 90199.00, 2277.90, '2025-03-03T17:29:42.523Z'),
(1289, 41.41, 90199.00, 2277.90, '2025-03-03T17:30:12.552Z'),
(1293, 41.41, 90199.00, 2277.90, '2025-03-03T17:30:42.582Z'),
(1374, 41.41, 90605.00, 2286.37, '2025-03-03T17:40:55.158Z'),
(1378, 41.41, 90605.00, 2286.37, '2025-03-03T17:41:24.998Z'),
(1382, 41.41, 90605.00, 2286.37, '2025-03-03T17:41:55.027Z'),
(1386, 41.41, 90605.00, 2286.37, '2025-03-03T17:42:25.056Z'),
(1390, 41.41, 90605.00, 2286.37, '2025-03-03T17:42:55.086Z'),
(1394, 41.41, 90605.00, 2286.37, '2025-03-03T17:43:25.116Z'),
(1398, 41.41, 90605.00, 2286.37, '2025-03-03T17:43:55.146Z'),
(1402, 41.41, 90605.00, 2286.37, '2025-03-03T17:44:25.176Z'),
(1406, 41.41, 90605.00, 2286.37, '2025-03-03T17:44:55.207Z'),
(1410, 41.41, 90605.00, 2286.37, '2025-03-03T17:45:25.236Z'),
(1494, 41.41, 90370.00, 2280.49, '2025-03-03T17:55:56.091Z'),
(1498, 41.41, 90370.00, 2280.49, '2025-03-03T17:56:25.892Z'),
(1502, 41.41, 90370.00, 2280.49, '2025-03-03T17:56:55.923Z'),
(1506, 41.41, 90370.00, 2280.49, '2025-03-03T17:57:25.953Z'),
(1510, 41.41, 90370.00, 2280.49, '2025-03-03T17:57:55.983Z'),
(1514, 41.41, 90370.00, 2280.49, '2025-03-03T17:58:26.013Z'),
(1518, 41.41, 90370.00, 2280.49, '2025-03-03T17:58:56.043Z'),
(1522, 41.41, 90370.00, 2280.49, '2025-03-03T17:59:26.073Z'),
(1526, 41.41, 90370.00, 2280.49, '2025-03-03T17:59:56.103Z'),
(1530, 41.41, 90370.00, 2280.49, '2025-03-03T18:00:26.133Z'),
(1583, 41.41, 90027.00, 2268.63, '2025-03-03T18:07:10.926Z'),
(1655, 41.41, 89425.00, 2254.00, '2025-03-03T18:16:11.429Z'),
(1659, 41.41, 89425.00, 2254.00, '2025-03-03T18:16:41.243Z'),
(1663, 41.41, 89425.00, 2254.00, '2025-03-03T18:17:11.273Z'),
(1667, 41.41, 89425.00, 2254.00, '2025-03-03T18:17:41.302Z'),
(1671, 41.41, 89425.00, 2254.00, '2025-03-03T18:18:11.332Z'),
(1675, 41.41, 89425.00, 2254.00, '2025-03-03T18:18:41.363Z'),
(1702, 41.41, 88865.00, 2239.91, '2025-03-03T18:22:04.405Z'),
(1706, 41.41, 88865.00, 2239.91, '2025-03-03T18:22:33.424Z'),
(1710, 41.41, 88865.00, 2239.91, '2025-03-03T18:23:03.425Z'),
(1714, 41.41, 88865.00, 2239.91, '2025-03-03T18:23:33.425Z'),
(1718, 41.41, 88865.00, 2239.91, '2025-03-03T18:24:03.426Z'),
(1722, 41.41, 88865.00, 2239.91, '2025-03-03T18:24:33.427Z'),
(1726, 41.41, 88865.00, 2239.91, '2025-03-03T18:25:03.427Z'),
(1813, 41.41, 87522.00, 2202.70, '2025-03-03T18:35:58.433Z'),
(1817, 41.41, 87522.00, 2202.70, '2025-03-03T18:36:28.269Z'),
(1821, 41.41, 87522.00, 2202.70, '2025-03-03T18:36:58.298Z'),
(1825, 41.41, 87522.00, 2202.70, '2025-03-03T18:37:28.328Z'),
(1829, 41.41, 87522.00, 2202.70, '2025-03-03T18:37:58.358Z'),
(1833, 41.41, 87522.00, 2202.70, '2025-03-03T18:38:28.388Z'),
(1837, 41.41, 87522.00, 2202.70, '2025-03-03T18:38:58.418Z'),
(1841, 41.41, 87522.00, 2202.70, '2025-03-03T18:39:28.448Z'),
(1845, 41.41, 87522.00, 2202.70, '2025-03-03T18:39:58.478Z'),
(1849, 41.41, 87522.00, 2202.70, '2025-03-03T18:40:28.509Z'),
(1904, 41.41, 87130.00, 2191.73, '2025-03-03T18:47:17.066Z'),
(1007, 41.41, 90188.00, 2283.42, '2025-03-03T16:55:06.426Z'),
(1011, 41.41, 90188.00, 2283.42, '2025-03-03T16:55:36.456Z'),
(1287, 41.41, 90152.00, 2275.93, '2025-03-03T17:30:06.855Z'),
(1291, 41.41, 90152.00, 2275.93, '2025-03-03T17:30:36.855Z'),
(1295, 41.41, 90152.00, 2275.93, '2025-03-03T17:31:06.856Z'),
(1376, 41.41, 90639.00, 2286.72, '2025-03-03T17:41:09.359Z'),
(1380, 41.41, 90639.00, 2286.72, '2025-03-03T17:41:39.173Z'),
(1384, 41.41, 90639.00, 2286.72, '2025-03-03T17:42:09.202Z'),
(1388, 41.41, 90639.00, 2286.72, '2025-03-03T17:42:39.231Z'),
(1392, 41.41, 90639.00, 2286.72, '2025-03-03T17:43:09.262Z'),
(1396, 41.41, 90639.00, 2286.72, '2025-03-03T17:43:39.291Z'),
(1400, 41.41, 90639.00, 2286.72, '2025-03-03T17:44:09.321Z'),
(1404, 41.41, 90639.00, 2286.72, '2025-03-03T17:44:39.351Z'),
(1408, 41.41, 90639.00, 2286.72, '2025-03-03T17:45:09.381Z'),
(1412, 41.41, 90639.00, 2286.72, '2025-03-03T17:45:39.411Z'),
(1496, 41.41, 90370.00, 2280.49, '2025-03-03T17:56:10.235Z'),
(1500, 41.41, 90370.00, 2280.49, '2025-03-03T17:56:40.059Z'),
(1504, 41.41, 90370.00, 2280.49, '2025-03-03T17:57:10.089Z'),
(1508, 41.41, 90370.00, 2280.49, '2025-03-03T17:57:40.119Z'),
(1512, 41.41, 90370.00, 2280.49, '2025-03-03T17:58:10.149Z'),
(1516, 41.41, 90370.00, 2280.49, '2025-03-03T17:58:40.179Z'),
(1519, 41.41, 90370.00, 2280.49, '2025-03-03T17:59:10.209Z'),
(1523, 41.41, 90370.00, 2280.49, '2025-03-03T17:59:40.239Z'),
(1527, 41.41, 90370.00, 2280.49, '2025-03-03T18:00:10.269Z'),
(1531, 41.41, 90370.00, 2280.49, '2025-03-03T18:00:40.300Z'),
(1587, 41.41, 90027.00, 2268.63, '2025-03-03T18:07:40.926Z'),
(1591, 41.41, 90027.00, 2268.63, '2025-03-03T18:08:10.926Z'),
(1595, 41.41, 90027.00, 2268.63, '2025-03-03T18:08:40.926Z'),
(1599, 41.41, 90027.00, 2268.63, '2025-03-03T18:09:10.926Z'),
(1657, 41.41, 89425.00, 2254.00, '2025-03-03T18:16:24.386Z'),
(1708, 41.41, 88833.00, 2239.26, '2025-03-03T18:22:45.841Z'),
(1712, 41.41, 88833.00, 2239.26, '2025-03-03T18:23:15.654Z'),
(1716, 41.41, 88833.00, 2239.26, '2025-03-03T18:23:45.675Z'),
(1720, 41.41, 88833.00, 2239.26, '2025-03-03T18:24:15.704Z'),
(1724, 41.41, 88833.00, 2239.26, '2025-03-03T18:24:45.734Z'),
(1728, 41.41, 88833.00, 2239.26, '2025-03-03T18:25:15.764Z'),
(1732, 41.41, 88833.00, 2239.26, '2025-03-03T18:25:45.795Z'),
(1736, 41.41, 88833.00, 2239.26, '2025-03-03T18:26:15.824Z'),
(1740, 41.41, 88833.00, 2239.26, '2025-03-03T18:26:45.855Z'),
(1744, 41.41, 88833.00, 2239.26, '2025-03-03T18:27:15.885Z'),
(1815, 41.41, 87740.00, 2207.32, '2025-03-03T18:36:12.560Z'),
(1819, 41.41, 87740.00, 2207.32, '2025-03-03T18:36:42.358Z'),
(1823, 41.41, 87740.00, 2207.32, '2025-03-03T18:37:12.388Z'),
(1827, 41.41, 87740.00, 2207.32, '2025-03-03T18:37:42.418Z'),
(1831, 41.41, 87740.00, 2207.32, '2025-03-03T18:38:12.448Z'),
(1835, 41.41, 87740.00, 2207.32, '2025-03-03T18:38:42.478Z'),
(1839, 41.41, 87740.00, 2207.32, '2025-03-03T18:39:12.508Z'),
(1843, 41.41, 87740.00, 2207.32, '2025-03-03T18:39:42.538Z'),
(1847, 41.41, 87740.00, 2207.32, '2025-03-03T18:40:12.569Z'),
(1851, 41.41, 87740.00, 2207.32, '2025-03-03T18:40:42.599Z'),
(1905, 41.41, 87449.00, 2196.57, '2025-03-03T18:47:28.918Z'),
(1909, 41.41, 87449.00, 2196.57, '2025-03-03T18:47:58.948Z'),
(1913, 41.41, 87449.00, 2196.57, '2025-03-03T18:48:28.978Z'),
(1917, 41.41, 87449.00, 2196.57, '2025-03-03T18:48:59.008Z'),
(1921, 41.41, 87449.00, 2196.57, '2025-03-03T18:49:29.021Z'),
(1008, 41.41, 90188.00, 2283.42, '2025-03-03T16:55:06.817Z'),
(1294, 41.41, 90254.00, 2277.98, '2025-03-03T17:30:54.570Z'),
(1383, 41.41, 90605.00, 2286.37, '2025-03-03T17:42:06.866Z'),
(1387, 41.41, 90605.00, 2286.37, '2025-03-03T17:42:36.867Z'),
(1391, 41.41, 90605.00, 2286.37, '2025-03-03T17:43:06.868Z'),
(1395, 41.41, 90605.00, 2286.37, '2025-03-03T17:43:36.869Z'),
(1399, 41.41, 90605.00, 2286.37, '2025-03-03T17:44:06.870Z'),
(1403, 41.41, 90605.00, 2286.37, '2025-03-03T17:44:36.871Z'),
(1407, 41.41, 90605.00, 2286.37, '2025-03-03T17:45:06.871Z'),
(1411, 41.41, 90947.00, 2294.96, '2025-03-03T17:45:37.089Z'),
(1415, 41.41, 90947.00, 2294.96, '2025-03-03T17:46:06.872Z'),
(1419, 41.41, 90947.00, 2294.96, '2025-03-03T17:46:36.873Z'),
(1423, 41.41, 90947.00, 2294.96, '2025-03-03T17:47:06.873Z'),
(1427, 41.41, 90947.00, 2294.96, '2025-03-03T17:47:36.874Z'),
(1431, 41.41, 90947.00, 2294.96, '2025-03-03T17:48:06.875Z'),
(1435, 41.41, 90947.00, 2294.96, '2025-03-03T17:48:36.876Z'),
(1439, 41.41, 90947.00, 2294.96, '2025-03-03T17:49:06.876Z'),
(1443, 41.41, 90947.00, 2294.96, '2025-03-03T17:49:36.876Z'),
(1447, 41.41, 90947.00, 2294.96, '2025-03-03T17:50:06.876Z'),
(1451, 41.41, 90947.00, 2294.96, '2025-03-03T17:50:36.876Z'),
(1455, 41.41, 90479.00, 2282.76, '2025-03-03T17:51:07.020Z'),
(1459, 41.41, 90479.00, 2282.76, '2025-03-03T17:51:36.877Z'),
(1463, 41.41, 90479.00, 2282.76, '2025-03-03T17:52:06.877Z'),
(1467, 41.41, 90479.00, 2282.76, '2025-03-03T17:52:36.877Z'),
(1471, 41.41, 90479.00, 2282.76, '2025-03-03T17:53:06.877Z'),
(1475, 41.41, 90479.00, 2282.76, '2025-03-03T17:53:36.877Z'),
(1479, 41.41, 90479.00, 2282.76, '2025-03-03T17:54:06.878Z'),
(1499, 41.41, 90370.00, 2280.49, '2025-03-03T17:56:37.023Z'),
(1503, 41.41, 90370.00, 2280.49, '2025-03-03T17:57:06.881Z'),
(1507, 41.41, 90370.00, 2280.49, '2025-03-03T17:57:36.883Z'),
(1511, 41.41, 90370.00, 2280.49, '2025-03-03T17:58:06.883Z'),
(1515, 41.41, 90370.00, 2280.49, '2025-03-03T17:58:36.884Z'),
(1588, 41.41, 89747.00, 2261.49, '2025-03-03T18:07:44.982Z'),
(1592, 41.41, 89747.00, 2261.49, '2025-03-03T18:08:14.795Z'),
(1596, 41.41, 89747.00, 2261.49, '2025-03-03T18:08:44.825Z'),
(1600, 41.41, 89747.00, 2261.49, '2025-03-03T18:09:14.854Z'),
(1604, 41.41, 89747.00, 2261.49, '2025-03-03T18:09:44.884Z'),
(1608, 41.41, 89747.00, 2261.49, '2025-03-03T18:10:14.923Z'),
(1612, 41.41, 89747.00, 2261.49, '2025-03-03T18:10:44.953Z'),
(1616, 41.41, 89747.00, 2261.49, '2025-03-03T18:11:14.984Z'),
(1620, 41.41, 89747.00, 2261.49, '2025-03-03T18:11:45.014Z'),
(1624, 41.41, 89747.00, 2261.49, '2025-03-03T18:12:15.043Z'),
(1661, 41.41, 89425.00, 2254.00, '2025-03-03T18:16:54.387Z'),
(1665, 41.41, 89425.00, 2254.00, '2025-03-03T18:17:24.387Z'),
(1669, 41.41, 89425.00, 2254.00, '2025-03-03T18:17:54.387Z'),
(1673, 41.41, 89425.00, 2254.00, '2025-03-03T18:18:24.387Z'),
(1677, 41.41, 89425.00, 2254.00, '2025-03-03T18:18:54.387Z'),
(1730, 41.41, 88865.00, 2239.91, '2025-03-03T18:25:33.427Z'),
(1734, 41.41, 88865.00, 2239.91, '2025-03-03T18:26:03.428Z'),
(1738, 41.41, 88865.00, 2239.91, '2025-03-03T18:26:33.428Z'),
(1818, 41.41, 87936.00, 2214.11, '2025-03-03T18:36:33.435Z'),
(1906, 41.41, 87159.00, 2190.59, '2025-03-03T18:47:33.448Z'),
(1009, 41.41, 90181.00, 2283.55, '2025-03-03T16:55:10.487Z'),
(1012, 41.41, 90188.00, 2283.42, '2025-03-03T16:55:36.819Z'),
(1013, 41.41, 90181.00, 2283.55, '2025-03-03T16:55:40.517Z'),
(1014, 41.41, 90195.00, 2284.18, '2025-03-03T16:55:52.490Z'),
(1015, 41.41, 90195.00, 2284.18, '2025-03-03T16:56:06.730Z'),
(1016, 41.41, 90195.00, 2284.18, '2025-03-03T16:56:07.002Z'),
(1017, 41.41, 90181.00, 2283.55, '2025-03-03T16:56:10.548Z'),
(1018, 41.41, 90195.00, 2284.18, '2025-03-03T16:56:22.324Z'),
(1019, 41.41, 90195.00, 2284.18, '2025-03-03T16:56:36.514Z'),
(1020, 41.41, 90195.00, 2284.18, '2025-03-03T16:56:36.820Z'),
(1021, 41.41, 90181.00, 2283.55, '2025-03-03T16:56:40.578Z'),
(1022, 41.41, 90195.00, 2284.18, '2025-03-03T16:56:52.353Z'),
(1023, 41.41, 90195.00, 2284.18, '2025-03-03T16:57:06.544Z'),
(1024, 41.41, 90195.00, 2284.18, '2025-03-03T16:57:06.820Z'),
(1025, 41.41, 90181.00, 2283.55, '2025-03-03T16:57:10.607Z'),
(1026, 41.41, 90195.00, 2284.18, '2025-03-03T16:57:22.384Z'),
(1027, 41.41, 90195.00, 2284.18, '2025-03-03T16:57:36.575Z'),
(1028, 41.41, 90195.00, 2284.18, '2025-03-03T16:57:36.821Z'),
(1029, 41.41, 90246.00, 2284.60, '2025-03-03T16:57:40.820Z'),
(1030, 41.41, 90195.00, 2284.18, '2025-03-03T16:57:52.415Z'),
(1031, 41.41, 90195.00, 2284.18, '2025-03-03T16:58:06.604Z'),
(1032, 41.41, 90195.00, 2284.18, '2025-03-03T16:58:06.822Z'),
(1033, 41.41, 90246.00, 2284.60, '2025-03-03T16:58:10.663Z'),
(1034, 41.41, 90195.00, 2284.18, '2025-03-03T16:58:22.447Z'),
(1035, 41.41, 90195.00, 2284.18, '2025-03-03T16:58:36.634Z'),
(1036, 41.41, 90195.00, 2284.18, '2025-03-03T16:58:36.823Z'),
(1037, 41.41, 90246.00, 2284.60, '2025-03-03T16:58:40.693Z'),
(1038, 41.41, 90195.00, 2284.18, '2025-03-03T16:58:52.477Z'),
(1039, 41.41, 90195.00, 2284.18, '2025-03-03T16:59:06.663Z'),
(1040, 41.41, 90195.00, 2284.18, '2025-03-03T16:59:06.823Z'),
(1041, 41.41, 90246.00, 2284.60, '2025-03-03T16:59:10.724Z'),
(1042, 41.41, 90195.00, 2284.18, '2025-03-03T16:59:22.507Z'),
(1043, 41.41, 90195.00, 2284.18, '2025-03-03T16:59:36.693Z'),
(1044, 41.41, 90195.00, 2284.18, '2025-03-03T16:59:36.824Z'),
(1045, 41.41, 90246.00, 2284.60, '2025-03-03T16:59:40.754Z'),
(1046, 41.41, 90195.00, 2284.18, '2025-03-03T16:59:52.536Z'),
(1047, 41.41, 90195.00, 2284.18, '2025-03-03T17:00:06.723Z'),
(1048, 41.41, 90195.00, 2284.18, '2025-03-03T17:00:06.824Z'),
(1049, 41.41, 90246.00, 2284.60, '2025-03-03T17:00:10.783Z'),
(1050, 41.41, 90195.00, 2284.18, '2025-03-03T17:00:22.567Z'),
(1051, 41.41, 90195.00, 2284.18, '2025-03-03T17:00:36.754Z'),
(1052, 41.41, 90195.00, 2284.18, '2025-03-03T17:00:36.825Z'),
(1053, 41.41, 90246.00, 2284.60, '2025-03-03T17:00:40.814Z'),
(1054, 41.41, 90133.00, 2281.55, '2025-03-03T17:00:52.883Z'),
(1055, 41.41, 90195.00, 2284.18, '2025-03-03T17:01:06.826Z'),
(1056, 41.41, 90133.00, 2281.55, '2025-03-03T17:01:06.922Z'),
(1057, 41.41, 90246.00, 2284.60, '2025-03-03T17:01:10.843Z'),
(1058, 41.41, 90133.00, 2281.55, '2025-03-03T17:01:22.622Z'),
(1059, 41.41, 90133.00, 2281.55, '2025-03-03T17:01:36.809Z'),
(1060, 41.41, 90133.00, 2281.55, '2025-03-03T17:01:37.068Z'),
(1061, 41.41, 90246.00, 2284.60, '2025-03-03T17:01:40.874Z'),
(1062, 41.41, 90133.00, 2281.55, '2025-03-03T17:01:52.657Z'),
(1063, 41.41, 90133.00, 2281.55, '2025-03-03T17:02:06.827Z'),
(1064, 41.41, 90133.00, 2281.55, '2025-03-03T17:02:06.839Z'),
(1065, 41.41, 90246.00, 2284.60, '2025-03-03T17:02:10.903Z'),
(1066, 41.41, 90133.00, 2281.55, '2025-03-03T17:02:22.687Z'),
(1067, 41.41, 90133.00, 2281.55, '2025-03-03T17:02:36.827Z'),
(1068, 41.41, 90133.00, 2281.55, '2025-03-03T17:02:36.868Z'),
(1069, 41.41, 90063.00, 2279.37, '2025-03-03T17:02:41.138Z'),
(1070, 41.41, 90133.00, 2281.55, '2025-03-03T17:02:52.717Z'),
(1071, 41.41, 90133.00, 2281.55, '2025-03-03T17:03:06.827Z'),
(1072, 41.41, 90133.00, 2281.55, '2025-03-03T17:03:06.898Z'),
(1073, 41.41, 90063.00, 2279.37, '2025-03-03T17:03:10.959Z'),
(1074, 41.41, 90133.00, 2281.55, '2025-03-03T17:03:22.747Z'),
(1075, 41.41, 90133.00, 2281.55, '2025-03-03T17:03:36.828Z'),
(1076, 41.41, 90133.00, 2281.55, '2025-03-03T17:03:36.928Z'),
(1077, 41.41, 90063.00, 2279.37, '2025-03-03T17:03:40.988Z'),
(1078, 41.41, 90133.00, 2281.55, '2025-03-03T17:03:52.777Z'),
(1079, 41.41, 90133.00, 2281.55, '2025-03-03T17:04:06.828Z'),
(1080, 41.41, 90133.00, 2281.55, '2025-03-03T17:04:06.958Z'),
(1081, 41.41, 90063.00, 2279.37, '2025-03-03T17:04:11.018Z'),
(1082, 41.41, 90133.00, 2281.55, '2025-03-03T17:04:22.808Z'),
(1083, 41.41, 90133.00, 2281.55, '2025-03-03T17:04:36.829Z'),
(1084, 41.41, 90133.00, 2281.55, '2025-03-03T17:04:36.989Z'),
(1085, 41.41, 90063.00, 2279.37, '2025-03-03T17:04:41.049Z'),
(1086, 41.41, 90133.00, 2281.55, '2025-03-03T17:04:52.838Z'),
(1087, 41.41, 90133.00, 2281.55, '2025-03-03T17:05:06.830Z'),
(1088, 41.41, 90133.00, 2281.55, '2025-03-03T17:05:07.019Z'),
(1089, 41.41, 90063.00, 2279.37, '2025-03-03T17:05:11.078Z'),
(1090, 41.41, 90133.00, 2281.55, '2025-03-03T17:05:22.869Z'),
(1091, 41.41, 90133.00, 2281.55, '2025-03-03T17:05:36.831Z'),
(1092, 41.41, 90133.00, 2281.55, '2025-03-03T17:05:37.049Z'),
(1093, 41.41, 90063.00, 2279.37, '2025-03-03T17:05:41.108Z'),
(1094, 41.41, 89999.00, 2275.13, '2025-03-03T17:05:53.031Z'),
(1095, 41.41, 90133.00, 2281.55, '2025-03-03T17:06:06.831Z'),
(1096, 41.41, 89999.00, 2275.13, '2025-03-03T17:06:07.201Z'),
(1097, 41.41, 90063.00, 2279.37, '2025-03-03T17:06:11.138Z'),
(1098, 41.41, 89999.00, 2275.13, '2025-03-03T17:06:22.925Z'),
(1099, 41.41, 90133.00, 2281.55, '2025-03-03T17:06:36.831Z'),
(1100, 41.41, 89999.00, 2275.13, '2025-03-03T17:06:37.105Z'),
(1101, 41.41, 90063.00, 2279.37, '2025-03-03T17:06:41.168Z'),
(1102, 41.41, 89999.00, 2275.13, '2025-03-03T17:06:52.955Z'),
(1103, 41.41, 90237.00, 2280.55, '2025-03-03T17:07:07.046Z'),
(1104, 41.41, 89999.00, 2275.13, '2025-03-03T17:07:07.133Z'),
(1105, 41.41, 90063.00, 2279.37, '2025-03-03T17:07:11.198Z'),
(1106, 41.41, 89999.00, 2275.13, '2025-03-03T17:07:22.985Z'),
(1107, 41.41, 90237.00, 2280.55, '2025-03-03T17:07:36.830Z'),
(1108, 41.41, 89999.00, 2275.13, '2025-03-03T17:07:37.163Z'),
(1109, 41.41, 90237.00, 2280.55, '2025-03-03T17:07:41.411Z'),
(1110, 41.41, 89999.00, 2275.13, '2025-03-03T17:07:53.015Z'),
(1111, 41.41, 90237.00, 2280.55, '2025-03-03T17:08:06.831Z'),
(1112, 41.41, 89999.00, 2275.13, '2025-03-03T17:08:07.194Z'),
(1113, 41.41, 90237.00, 2280.55, '2025-03-03T17:08:11.252Z'),
(1114, 41.41, 89999.00, 2275.13, '2025-03-03T17:08:23.045Z'),
(1115, 41.41, 90237.00, 2280.55, '2025-03-03T17:08:36.831Z'),
(1116, 41.41, 89999.00, 2275.13, '2025-03-03T17:08:37.223Z'),
(1117, 41.41, 90237.00, 2280.55, '2025-03-03T17:08:41.281Z'),
(1118, 41.41, 89999.00, 2275.13, '2025-03-03T17:08:53.076Z'),
(1119, 41.41, 90237.00, 2280.55, '2025-03-03T17:09:06.832Z'),
(1120, 41.41, 89999.00, 2275.13, '2025-03-03T17:09:07.253Z'),
(1121, 41.41, 90237.00, 2280.55, '2025-03-03T17:09:11.312Z'),
(1122, 41.41, 89999.00, 2275.13, '2025-03-03T17:09:23.105Z'),
(1123, 41.41, 90237.00, 2280.55, '2025-03-03T17:09:36.833Z'),
(1124, 41.41, 89999.00, 2275.13, '2025-03-03T17:09:37.284Z'),
(1125, 41.41, 90237.00, 2280.55, '2025-03-03T17:09:41.341Z'),
(1126, 41.41, 89999.00, 2275.13, '2025-03-03T17:09:53.135Z'),
(1127, 41.41, 90237.00, 2280.55, '2025-03-03T17:10:06.834Z'),
(1128, 41.41, 89999.00, 2275.13, '2025-03-03T17:10:07.313Z'),
(1129, 41.41, 90237.00, 2280.55, '2025-03-03T17:10:11.371Z'),
(1130, 41.41, 89999.00, 2275.13, '2025-03-03T17:10:23.165Z'),
(1131, 41.41, 90237.00, 2280.55, '2025-03-03T17:10:36.835Z'),
(1135, 41.41, 90237.00, 2280.55, '2025-03-03T17:11:06.836Z'),
(1139, 41.41, 90237.00, 2280.55, '2025-03-03T17:11:36.836Z'),
(1143, 41.41, 90237.00, 2280.55, '2025-03-03T17:12:06.836Z'),
(1296, 41.41, 90254.00, 2277.98, '2025-03-03T17:31:08.765Z'),
(1300, 41.41, 90254.00, 2277.98, '2025-03-03T17:31:38.581Z'),
(1304, 41.41, 90254.00, 2277.98, '2025-03-03T17:32:08.610Z'),
(1308, 41.41, 90254.00, 2277.98, '2025-03-03T17:32:38.640Z'),
(1312, 41.41, 90254.00, 2277.98, '2025-03-03T17:33:08.670Z'),
(1316, 41.41, 90254.00, 2277.98, '2025-03-03T17:33:38.700Z'),
(1320, 41.41, 90254.00, 2277.98, '2025-03-03T17:34:08.730Z'),
(1324, 41.41, 90254.00, 2277.98, '2025-03-03T17:34:38.761Z'),
(1328, 41.41, 90254.00, 2277.98, '2025-03-03T17:35:08.790Z'),
(1332, 41.41, 90254.00, 2277.98, '2025-03-03T17:35:38.820Z'),
(1389, 41.41, 90774.00, 2289.61, '2025-03-03T17:42:43.488Z'),
(1393, 41.41, 90774.00, 2289.61, '2025-03-03T17:43:13.318Z'),
(1397, 41.41, 90774.00, 2289.61, '2025-03-03T17:43:43.348Z'),
(1401, 41.41, 90774.00, 2289.61, '2025-03-03T17:44:13.377Z'),
(1405, 41.41, 90774.00, 2289.61, '2025-03-03T17:44:43.408Z'),
(1409, 41.41, 90774.00, 2289.61, '2025-03-03T17:45:13.437Z'),
(1413, 41.41, 90774.00, 2289.61, '2025-03-03T17:45:43.467Z'),
(1417, 41.41, 90774.00, 2289.61, '2025-03-03T17:46:13.497Z'),
(1421, 41.41, 90774.00, 2289.61, '2025-03-03T17:46:43.528Z'),
(1425, 41.41, 90774.00, 2289.61, '2025-03-03T17:47:13.557Z'),
(1509, 41.41, 90325.00, 2279.26, '2025-03-03T17:57:44.382Z'),
(1513, 41.41, 90325.00, 2279.26, '2025-03-03T17:58:14.201Z'),
(1517, 41.41, 90325.00, 2279.26, '2025-03-03T17:58:44.229Z'),
(1520, 41.41, 90325.00, 2279.26, '2025-03-03T17:59:14.260Z'),
(1525, 41.41, 90325.00, 2279.26, '2025-03-03T17:59:44.289Z'),
(1529, 41.41, 90325.00, 2279.26, '2025-03-03T18:00:14.319Z'),
(1533, 41.41, 90325.00, 2279.26, '2025-03-03T18:00:44.350Z'),
(1537, 41.41, 90325.00, 2279.26, '2025-03-03T18:01:14.379Z'),
(1541, 41.41, 90325.00, 2279.26, '2025-03-03T18:01:44.409Z'),
(1545, 41.41, 90325.00, 2279.26, '2025-03-03T18:02:14.439Z'),
(1603, 41.41, 90027.00, 2268.63, '2025-03-03T18:09:40.927Z'),
(1607, 41.41, 90027.00, 2268.63, '2025-03-03T18:10:10.929Z'),
(1611, 41.41, 90027.00, 2268.63, '2025-03-03T18:10:40.928Z'),
(1668, 41.41, 89380.00, 2253.95, '2025-03-03T18:17:45.570Z'),
(1672, 41.41, 89380.00, 2253.95, '2025-03-03T18:18:15.397Z'),
(1676, 41.41, 89380.00, 2253.95, '2025-03-03T18:18:45.427Z'),
(1733, 41.41, 88608.00, 2233.52, '2025-03-03T18:25:57.843Z'),
(1737, 41.41, 88608.00, 2233.52, '2025-03-03T18:26:27.679Z'),
(1741, 41.41, 88608.00, 2233.52, '2025-03-03T18:26:57.709Z'),
(1745, 41.41, 88608.00, 2233.52, '2025-03-03T18:27:27.739Z'),
(1749, 41.41, 88608.00, 2233.52, '2025-03-03T18:27:57.770Z'),
(1753, 41.41, 88608.00, 2233.52, '2025-03-03T18:28:27.799Z'),
(1757, 41.41, 88608.00, 2233.52, '2025-03-03T18:28:57.828Z'),
(1761, 41.41, 88608.00, 2233.52, '2025-03-03T18:29:27.858Z'),
(1765, 41.41, 88608.00, 2233.52, '2025-03-03T18:29:57.888Z'),
(1769, 41.41, 88608.00, 2233.52, '2025-03-03T18:30:27.918Z'),
(1828, 41.41, 87828.00, 2210.15, '2025-03-03T18:37:46.702Z'),
(1832, 41.41, 87828.00, 2210.15, '2025-03-03T18:38:16.532Z'),
(1836, 41.41, 87828.00, 2210.15, '2025-03-03T18:38:46.562Z'),
(1840, 41.41, 87828.00, 2210.15, '2025-03-03T18:39:16.593Z'),
(1844, 41.41, 87828.00, 2210.15, '2025-03-03T18:39:46.622Z'),
(1848, 41.41, 87828.00, 2210.15, '2025-03-03T18:40:16.652Z'),
(1852, 41.41, 87828.00, 2210.15, '2025-03-03T18:40:46.681Z'),
(1856, 41.41, 87828.00, 2210.15, '2025-03-03T18:41:16.711Z'),
(1860, 41.41, 87828.00, 2210.15, '2025-03-03T18:41:46.741Z'),
(1864, 41.41, 87828.00, 2210.15, '2025-03-03T18:42:16.771Z'),
(1908, 41.41, 87316.00, 2193.67, '2025-03-03T18:47:47.303Z'),
(1912, 41.41, 87316.00, 2193.67, '2025-03-03T18:48:17.121Z'),
(1916, 41.41, 87316.00, 2193.67, '2025-03-03T18:48:47.151Z'),
(1920, 41.41, 87316.00, 2193.67, '2025-03-03T18:49:17.151Z'),
(1132, 41.41, 89999.00, 2275.13, '2025-03-03T17:10:37.343Z'),
(1297, 41.41, 90199.00, 2277.90, '2025-03-03T17:31:12.613Z'),
(1301, 41.41, 90199.00, 2277.90, '2025-03-03T17:31:42.642Z'),
(1305, 41.41, 90199.00, 2277.90, '2025-03-03T17:32:12.672Z'),
(1414, 41.41, 90947.00, 2294.96, '2025-03-03T17:45:55.470Z'),
(1418, 41.41, 90947.00, 2294.96, '2025-03-03T17:46:25.292Z'),
(1422, 41.41, 90947.00, 2294.96, '2025-03-03T17:46:55.321Z'),
(1426, 41.41, 90947.00, 2294.96, '2025-03-03T17:47:25.351Z'),
(1430, 41.41, 90947.00, 2294.96, '2025-03-03T17:47:55.382Z'),
(1434, 41.41, 90947.00, 2294.96, '2025-03-03T17:48:25.411Z'),
(1438, 41.41, 90947.00, 2294.96, '2025-03-03T17:48:55.441Z'),
(1442, 41.41, 90947.00, 2294.96, '2025-03-03T17:49:25.472Z'),
(1446, 41.41, 90947.00, 2294.96, '2025-03-03T17:49:55.502Z'),
(1450, 41.41, 90947.00, 2294.96, '2025-03-03T17:50:25.533Z'),
(1521, 41.41, 90321.00, 2278.55, '2025-03-03T17:59:14.864Z'),
(1524, 41.41, 90321.00, 2278.55, '2025-03-03T17:59:42.609Z'),
(1528, 41.41, 90321.00, 2278.55, '2025-03-03T18:00:12.610Z'),
(1536, 41.41, 90321.00, 2278.55, '2025-03-03T18:01:12.611Z'),
(1613, 41.41, 89487.00, 2253.94, '2025-03-03T18:10:56.955Z'),
(1617, 41.41, 89487.00, 2253.94, '2025-03-03T18:11:26.779Z'),
(1621, 41.41, 89487.00, 2253.94, '2025-03-03T18:11:56.808Z'),
(1625, 41.41, 89487.00, 2253.94, '2025-03-03T18:12:26.838Z'),
(1629, 41.41, 89487.00, 2253.94, '2025-03-03T18:12:56.868Z'),
(1633, 41.41, 89487.00, 2253.94, '2025-03-03T18:13:26.897Z'),
(1637, 41.41, 89487.00, 2253.94, '2025-03-03T18:13:56.927Z'),
(1642, 41.41, 89487.00, 2253.94, '2025-03-03T18:14:26.980Z'),
(1646, 41.41, 89487.00, 2253.94, '2025-03-03T18:14:57.009Z'),
(1650, 41.41, 89487.00, 2253.94, '2025-03-03T18:15:27.045Z'),
(1679, 41.41, 89425.00, 2254.00, '2025-03-03T18:19:11.392Z'),
(1683, 41.41, 89425.00, 2254.00, '2025-03-03T18:19:41.423Z'),
(1687, 41.41, 89425.00, 2254.00, '2025-03-03T18:20:11.452Z'),
(1691, 41.41, 89425.00, 2254.00, '2025-03-03T18:20:41.457Z'),
(1735, 41.41, 88608.00, 2233.52, '2025-03-03T18:26:11.950Z'),
(1739, 41.41, 88608.00, 2233.52, '2025-03-03T18:26:41.769Z'),
(1743, 41.41, 88608.00, 2233.52, '2025-03-03T18:27:11.797Z'),
(1747, 41.41, 88608.00, 2233.52, '2025-03-03T18:27:41.827Z'),
(1751, 41.41, 88608.00, 2233.52, '2025-03-03T18:28:11.858Z'),
(1755, 41.41, 88608.00, 2233.52, '2025-03-03T18:28:41.887Z'),
(1759, 41.41, 88608.00, 2233.52, '2025-03-03T18:29:11.917Z'),
(1763, 41.41, 88608.00, 2233.52, '2025-03-03T18:29:41.947Z'),
(1767, 41.41, 88608.00, 2233.52, '2025-03-03T18:30:11.977Z'),
(1771, 41.41, 88608.00, 2233.52, '2025-03-03T18:30:42.007Z'),
(1830, 41.41, 87936.00, 2214.11, '2025-03-03T18:38:03.436Z'),
(1834, 41.41, 87871.00, 2211.50, '2025-03-03T18:38:33.650Z'),
(1838, 41.41, 87871.00, 2211.50, '2025-03-03T18:39:03.438Z'),
(1842, 41.41, 87871.00, 2211.50, '2025-03-03T18:39:33.439Z'),
(1846, 41.41, 87871.00, 2211.50, '2025-03-03T18:40:03.440Z'),
(1850, 41.41, 87871.00, 2211.50, '2025-03-03T18:40:33.442Z'),
(1854, 41.41, 87871.00, 2211.50, '2025-03-03T18:41:03.442Z'),
(1858, 41.41, 87871.00, 2211.50, '2025-03-03T18:41:33.443Z'),
(1910, 41.41, 87159.00, 2190.59, '2025-03-03T18:48:03.448Z'),
(1914, 41.41, 87159.00, 2190.59, '2025-03-03T18:48:33.449Z'),
(1918, 41.41, 87159.00, 2190.59, '2025-03-03T18:49:03.448Z'),
(1133, 41.41, 90237.00, 2280.55, '2025-03-03T17:10:41.401Z'),
(1134, 41.41, 90275.00, 2281.72, '2025-03-03T17:10:53.407Z'),
(1136, 41.41, 90256.00, 2280.60, '2025-03-03T17:11:07.582Z'),
(1137, 41.41, 90237.00, 2280.55, '2025-03-03T17:11:11.431Z'),
(1138, 41.41, 90275.00, 2281.72, '2025-03-03T17:11:23.221Z'),
(1140, 41.41, 90256.00, 2280.60, '2025-03-03T17:11:37.399Z'),
(1141, 41.41, 90237.00, 2280.55, '2025-03-03T17:11:41.461Z'),
(1142, 41.41, 90275.00, 2281.72, '2025-03-03T17:11:53.252Z'),
(1144, 41.41, 90256.00, 2280.60, '2025-03-03T17:12:07.429Z'),
(1145, 41.41, 90237.00, 2280.55, '2025-03-03T17:12:11.491Z'),
(1146, 41.41, 90275.00, 2281.72, '2025-03-03T17:12:23.281Z'),
(1147, 41.41, 90194.00, 2279.63, '2025-03-03T17:12:37.038Z'),
(1148, 41.41, 90256.00, 2280.60, '2025-03-03T17:12:37.459Z'),
(1149, 41.41, 90194.00, 2279.63, '2025-03-03T17:12:41.726Z'),
(1150, 41.41, 90275.00, 2281.72, '2025-03-03T17:12:53.311Z'),
(1151, 41.41, 90194.00, 2279.63, '2025-03-03T17:13:06.838Z'),
(1152, 41.41, 90256.00, 2280.60, '2025-03-03T17:13:07.488Z'),
(1153, 41.41, 90194.00, 2279.63, '2025-03-03T17:13:11.548Z'),
(1154, 41.41, 90275.00, 2281.72, '2025-03-03T17:13:23.341Z'),
(1155, 41.41, 90194.00, 2279.63, '2025-03-03T17:13:36.839Z'),
(1156, 41.41, 90256.00, 2280.60, '2025-03-03T17:13:37.518Z'),
(1157, 41.41, 90194.00, 2279.63, '2025-03-03T17:13:41.577Z'),
(1158, 41.41, 90275.00, 2281.72, '2025-03-03T17:13:53.371Z'),
(1159, 41.41, 90194.00, 2279.63, '2025-03-03T17:14:06.839Z'),
(1160, 41.41, 90256.00, 2280.60, '2025-03-03T17:14:07.549Z'),
(1161, 41.41, 90194.00, 2279.63, '2025-03-03T17:14:11.607Z'),
(1162, 41.41, 90275.00, 2281.72, '2025-03-03T17:14:23.401Z'),
(1163, 41.41, 90194.00, 2279.63, '2025-03-03T17:14:36.840Z'),
(1164, 41.41, 90256.00, 2280.60, '2025-03-03T17:14:37.578Z'),
(1165, 41.41, 90194.00, 2279.63, '2025-03-03T17:14:41.638Z'),
(1166, 41.41, 90275.00, 2281.72, '2025-03-03T17:14:53.431Z'),
(1167, 41.41, 90194.00, 2279.63, '2025-03-03T17:15:06.842Z'),
(1168, 41.41, 90256.00, 2280.60, '2025-03-03T17:15:07.609Z'),
(1169, 41.41, 90194.00, 2279.63, '2025-03-03T17:15:11.667Z'),
(1170, 41.41, 90275.00, 2281.72, '2025-03-03T17:15:23.461Z'),
(1171, 41.41, 90194.00, 2279.63, '2025-03-03T17:15:36.842Z'),
(1172, 41.41, 90256.00, 2280.60, '2025-03-03T17:15:37.639Z'),
(1173, 41.41, 90194.00, 2279.63, '2025-03-03T17:15:41.697Z'),
(1174, 41.41, 90012.00, 2273.04, '2025-03-03T17:15:53.685Z'),
(1175, 41.41, 90194.00, 2279.63, '2025-03-03T17:16:06.843Z'),
(1176, 41.41, 90012.00, 2273.04, '2025-03-03T17:16:07.871Z'),
(1177, 41.41, 90194.00, 2279.63, '2025-03-03T17:16:11.727Z'),
(1178, 41.41, 90012.00, 2273.04, '2025-03-03T17:16:23.518Z'),
(1179, 41.41, 90194.00, 2279.63, '2025-03-03T17:16:36.843Z'),
(1180, 41.41, 90012.00, 2273.04, '2025-03-03T17:16:37.694Z'),
(1181, 41.41, 90194.00, 2279.63, '2025-03-03T17:16:41.757Z'),
(1182, 41.41, 90012.00, 2273.04, '2025-03-03T17:16:53.548Z'),
(1183, 41.41, 90194.00, 2279.63, '2025-03-03T17:17:06.844Z'),
(1184, 41.41, 90012.00, 2273.04, '2025-03-03T17:17:07.724Z'),
(1185, 41.41, 90194.00, 2279.63, '2025-03-03T17:17:11.786Z'),
(1186, 41.41, 90012.00, 2273.04, '2025-03-03T17:17:23.577Z'),
(1187, 41.41, 90194.00, 2279.63, '2025-03-03T17:17:36.844Z'),
(1188, 41.41, 90012.00, 2273.04, '2025-03-03T17:17:37.754Z'),
(1189, 41.41, 90042.00, 2272.24, '2025-03-03T17:17:42.041Z'),
(1190, 41.41, 90012.00, 2273.04, '2025-03-03T17:17:53.607Z'),
(1191, 41.41, 90042.00, 2272.24, '2025-03-03T17:18:07.039Z'),
(1192, 41.41, 90012.00, 2273.04, '2025-03-03T17:18:07.784Z'),
(1193, 41.41, 90042.00, 2272.24, '2025-03-03T17:18:11.842Z'),
(1194, 41.41, 90012.00, 2273.04, '2025-03-03T17:18:23.637Z'),
(1195, 41.41, 90042.00, 2272.24, '2025-03-03T17:18:36.845Z'),
(1196, 41.41, 90012.00, 2273.04, '2025-03-03T17:18:37.814Z'),
(1197, 41.41, 90042.00, 2272.24, '2025-03-03T17:18:41.872Z'),
(1198, 41.41, 90012.00, 2273.04, '2025-03-03T17:18:53.667Z'),
(1199, 41.41, 90042.00, 2272.24, '2025-03-03T17:19:06.846Z'),
(1200, 41.41, 90012.00, 2273.04, '2025-03-03T17:19:07.845Z'),
(1201, 41.41, 90042.00, 2272.24, '2025-03-03T17:19:11.903Z'),
(1202, 41.41, 90012.00, 2273.04, '2025-03-03T17:19:23.698Z'),
(1203, 41.41, 90042.00, 2272.24, '2025-03-03T17:19:36.847Z'),
(1204, 41.41, 90012.00, 2273.04, '2025-03-03T17:19:37.874Z'),
(1205, 41.41, 90042.00, 2272.24, '2025-03-03T17:19:41.933Z'),
(1206, 41.41, 90012.00, 2273.04, '2025-03-03T17:19:53.728Z'),
(1207, 41.41, 90042.00, 2272.24, '2025-03-03T17:20:06.848Z'),
(1208, 41.41, 90012.00, 2273.04, '2025-03-03T17:20:07.904Z'),
(1209, 41.41, 90042.00, 2272.24, '2025-03-03T17:20:11.963Z'),
(1210, 41.41, 90012.00, 2273.04, '2025-03-03T17:20:23.759Z'),
(1211, 41.41, 90042.00, 2272.24, '2025-03-03T17:20:36.848Z'),
(1212, 41.41, 90012.00, 2273.04, '2025-03-03T17:20:37.934Z'),
(1213, 41.41, 90042.00, 2272.24, '2025-03-03T17:20:41.992Z'),
(1214, 41.41, 90353.00, 2280.22, '2025-03-03T17:20:54.073Z'),
(1215, 41.41, 90042.00, 2272.24, '2025-03-03T17:21:06.848Z'),
(1216, 41.41, 90353.00, 2280.22, '2025-03-03T17:21:08.111Z'),
(1217, 41.41, 90042.00, 2272.24, '2025-03-03T17:21:12.022Z'),
(1218, 41.41, 90353.00, 2280.22, '2025-03-03T17:21:23.814Z'),
(1219, 41.41, 90042.00, 2272.24, '2025-03-03T17:21:36.848Z'),
(1220, 41.41, 90353.00, 2280.22, '2025-03-03T17:21:37.990Z'),
(1221, 41.41, 90042.00, 2272.24, '2025-03-03T17:21:42.051Z'),
(1222, 41.41, 90353.00, 2280.22, '2025-03-03T17:21:53.844Z'),
(1223, 41.41, 90042.00, 2272.24, '2025-03-03T17:22:06.848Z'),
(1224, 41.41, 90353.00, 2280.22, '2025-03-03T17:22:08.020Z'),
(1225, 41.41, 90042.00, 2272.24, '2025-03-03T17:22:12.081Z'),
(1226, 41.41, 90353.00, 2280.22, '2025-03-03T17:22:23.873Z'),
(1227, 41.41, 90042.00, 2272.24, '2025-03-03T17:22:36.848Z'),
(1228, 41.41, 90353.00, 2280.22, '2025-03-03T17:22:38.050Z'),
(1229, 41.41, 90372.00, 2281.05, '2025-03-03T17:22:42.305Z'),
(1230, 41.41, 90353.00, 2280.22, '2025-03-03T17:22:53.903Z'),
(1231, 41.41, 90042.00, 2272.24, '2025-03-03T17:23:06.848Z'),
(1298, 41.41, 90254.00, 2277.98, '2025-03-03T17:31:24.404Z'),
(1302, 41.41, 90254.00, 2277.98, '2025-03-03T17:31:54.434Z'),
(1306, 41.41, 90254.00, 2277.98, '2025-03-03T17:32:24.464Z'),
(1310, 41.41, 90254.00, 2277.98, '2025-03-03T17:32:54.495Z'),
(1314, 41.41, 90254.00, 2277.98, '2025-03-03T17:33:24.525Z'),
(1318, 41.41, 90254.00, 2277.98, '2025-03-03T17:33:54.554Z'),
(1322, 41.41, 90254.00, 2277.98, '2025-03-03T17:34:24.584Z'),
(1326, 41.41, 90254.00, 2277.98, '2025-03-03T17:34:54.615Z'),
(1330, 41.41, 90254.00, 2277.98, '2025-03-03T17:35:24.645Z'),
(1416, 41.41, 90947.00, 2294.96, '2025-03-03T17:46:09.581Z'),
(1420, 41.41, 90947.00, 2294.96, '2025-03-03T17:46:39.467Z'),
(1424, 41.41, 90947.00, 2294.96, '2025-03-03T17:47:09.497Z'),
(1428, 41.41, 90947.00, 2294.96, '2025-03-03T17:47:39.527Z'),
(1432, 41.41, 90947.00, 2294.96, '2025-03-03T17:48:09.557Z'),
(1436, 41.41, 90947.00, 2294.96, '2025-03-03T17:48:39.587Z'),
(1440, 41.41, 90947.00, 2294.96, '2025-03-03T17:49:09.618Z'),
(1444, 41.41, 90947.00, 2294.96, '2025-03-03T17:49:39.648Z'),
(1448, 41.41, 90947.00, 2294.96, '2025-03-03T17:50:09.677Z'),
(1452, 41.41, 90947.00, 2294.96, '2025-03-03T17:50:39.707Z'),
(1532, 41.41, 90321.00, 2278.55, '2025-03-03T18:00:42.611Z'),
(1540, 41.41, 90321.00, 2278.55, '2025-03-03T18:01:42.611Z'),
(1544, 41.41, 90321.00, 2278.55, '2025-03-03T18:02:12.613Z'),
(1614, 41.41, 90027.00, 2268.63, '2025-03-03T18:11:10.929Z'),
(1619, 41.41, 89487.00, 2253.94, '2025-03-03T18:11:41.064Z');
