INSERT INTO users (id, username, password, is_regulator, regulator_balance, last_nft_generation, nft_generation_count) VALUES
(5, 'Tod Kolinsk', 'dda845d60595df05ca8c90a32c72f721eaa6f73bfa8a25a063f1981fe45b87910c31bc45a7724ab945b1a9e33a0a68b08e2296fb73b960877d85c57b42ac5ff7.e307a6994d6eb04c87392ce530309630', false, 0.00000000, NULL, 0),
(6, 'Tod Kolins', '5ef77cb19fc9406965acb4e028683a124ca1ebb17b338208661127275f108424d8af6b26dea963f3570d1d8939d2ec7a4a8b32fc191a9551832e611a90b4ac4d.a877e8fe8f6f620a3a7589d048534602', false, 0.00000000, NULL, 0),
(2, 'Kich32', 'password123', false, 0.00000000, NULL, 0),
(7, 'olektreyd@gmail.com', '9187c19246b7ef132ba5cff07bf1a528b8e19c112dbdaea27045df3e77408c479bac1a59225e4aef6409f1aa337cd490cebbdf50866d478477d01aac95184c6e.440d8cd7817ef5d331a7345b64eb6b41', false, 0.00000000, NULL, 0),
(8, 'Nikita', 'c6e6ad1df7ccd60cb6d2948ae04ac83da3e8608a37f544f7650c52c5271c027e6aa6aa8cf5618cfd951ee33fd6a2a83b0badfc2ad2992d8e3e54ad5f0e110553.345c80e97a319d2a0a275f7031c672b3', false, 0.00000000, NULL, 0),
(9, 'Maksim4440432', '07f040ac39b3254bcbf515cab85c28458bb1c85f31533340fae085449eddc73095dd1d37f1d5c132fdcf2df6d116aef9af57f511208936af7745c0ff87330d9c.3bc39831b34601ec4b225bb10900ea4c', false, 0.00000000, NULL, 0),
(10, '1 g', 'a3a57271d41d1591da6c1c1bf889033a812bc225bc67397e5b1ce6c20cc29484ef2e4a84d0ee9122b9f287a1dddc6a55f3c7a386fb7fa88941d9285d94ae07c5.276f3bc1e701cad1cebd9ad03cc291a1', false, 0.00000000, NULL, 0),
(11, 'Miller ', 'bceecb61482bb5f672f47d4e8be3a9d3b1ad6fa84ac77b0ce6a402f72844d558b0e2c62198268049453f24bf7a1b72dd89cd068eefa18a6e554cf5372e2bbda8.8d56cf629d853514ac9775a56176587c', false, 0.00000000, NULL, 0),
(12, '6877', 'aaeb99e853f851a297f47a5883edc107310cc81fa53f75fa737ae12baae3a492ef6e4f56a652f220c8af5463a568470a4e642a200a0f7b5de019081d06cfbc2c.d0117dd2f3daf3923a4d00c2425fbc91', false, 0.00000000, NULL, 0),
(13, '1', 'd712134b93f00f1e14d3d80a0ba8a60babf90c965e1d4bb9ea6c16d3b72a37701291841cec8152d32e0b1f16fdf3ae39df122d1f4ecda2198fecdb5ad6f8dd0f.ec6732530dca428510483251f9aa9e21', false, 0.00000000, NULL, 0),
(14, 'Dimka', '6c09f7fc6dc81052322822e8b925a2e75e34eea027aba911a7a01f25a92f413b4e231304506057d7adff7a3f561a902cbbe670d5318991de95cf8487733033e9.e614b2009048cddd17eac92c9341da94', false, 0.00000000, NULL, 0),
(15, '2', 'ee5107ced647eff88796c1b1ad723a58492de993fdf56d5f6b3868ee5052014a68a00e8f6ab2b4b69884f05ae3cab66958c3600fb1c5d012ccad0bd2ab36a48b.50788c962d1238f45d61dfec68040a84', false, 0.00000000, NULL, 0),
(16, '2huy', '34934760eb4d9c9b8c7cc94c9da6bd1c303ec11115b3c434d69ba1c696cc807aaeeb6d72b4c8525c02a3c914c28f047a930c5567d72f895b3f4e1e4bfd645229.ed35588e3f5a5c7a73bb27e91db5a535', false, 0.00000000, NULL, 0),
(17, '4', '6c8b92e579546eec5fcd989d70b2ca29080b8ecfd086dbe49f06297c26c862fb862e0c9c22a336044eece23fb4cda2b41d8328e77856e8ec5df6a10fb3df7b58.6f51f4f51b760cfa0201fbda0e8b5d85', false, 0.00000000, NULL, 0),
(18, '5', '71e08f928de2c9c2b73da9687b0cb024993f0724e3bc05cf7fa86139809760b240b6537c58b7444c681443529e1dca79e044a7711f038cb4d7b25d1e78062e48.8b2dd39a53fa646e7a4b99cb3d8d115e', false, 0.00000000, NULL, 0),
(19, 'sergey1988', '806f7e7382a12d1cd4d456ac749114717de254d421b23fc6be3e82d1207d8254190165faa8182e7f9ace26299341ad844b178931e9d0f3b55842163b17aa2e11.fae8ea5578f000e04e67d40a0c850bba', false, 0.00000000, NULL, 0),
(20, '12', '194412e35b64c62441dc101fa007c24ed860ce087a5013ab21d6401d2a788766098b856171d8d8d73e5df163df50e577a72536360a3f3b9c1e06eb6fef08f98b.b0346ad44472aa612dbe6428023e8079', false, 0.00000000, NULL, 0),
(21, 'gy', 'f91cb2bcc0b018390e5db17417c4478d9063e5dd9f04a5e556e1278431afb8102477552f0bfd873c68df54d2725cfc5a0bd292bee28b49ab0cf9152426872898.f357ce6220ac6a3b2325c877cef2931a', false, 0.00000000, NULL, 0),
(1, 'admin', '73992c62ca47be0e8d949ad8df64324bae8f542007c0f2ef886f1b39418963c8b4ccc9c63939340a0a0f9c96d170dd0705075c728a35c76e3c340650970417cc.32567ef87fc584ec22cea70d4dbd6f46', true, 6641.47366134, NULL, 0);

INSERT INTO cards (id, user_id, type, number, expiry, cvv, balance, btc_balance, eth_balance, btc_address, eth_address) VALUES
(5, 5, 'usd', '4283764713218456', '12/25', '981', 0.00000000, 0.00000000, 0.00000000, NULL, NULL),
(6, 5, 'uah', '4496364436548156', '02/29', '238', 0.00000000, 0.00000000, 0.00000000, NULL, NULL),
(4, 5, 'crypto', '4705253597553356', '08/27', '734', 26930.00000000, 0.00000000, 0.00000000, '1e99e3cb491521598822e872e9a693f979', '0xcee3853a474711b2f9205306252dce9f14d3899a'),
(8, 6, 'usd', '4823612607289428', '10/27', '624', 296219.35000000, 0.00000000, 0.00000000, NULL, NULL),
(26, 12, 'usd', '7336737187794917', '02/28', '963', 150.00000000, 0.00000000, 0.00000000, NULL, NULL),
(44, 19, 'uah', '4111174747608822', '02/29', '363', 14223276.84000000, 0.00000000, 0.00000000, '0', '0'),
(43, 19, 'usd', '4111335868451217', '02/29', '978', 9548.84000000, 0.00000000, 0.00000000, '0', '0'),
(50, 21, 'uah', '4111812997807538', '02/29', '128', 83420.00000000, 0.00000000, 0.00000000, '0', '0'),
(20, 9, 'crypto', '4822340036956025', '07/28', '416', 234.00000000, 240.00000000, 0.00000000, '12M4YnqbpEEGDdk78p83yj9TZRvxGevUEd', '0xd2109e57ea685590465fd67fe0f9581fab7df589'),
(49, 21, 'usd', '4111966513505909', '02/29', '490', 2332.38000000, 0.00000000, 0.00000000, '0', '0'),
(19, 9, 'usd', '4699878420571000', '07/26', '620', 93518.98000000, 0.00000000, 0.00000000, NULL, NULL),
(21, 9, 'uah', '4502993597804046', '10/25', '558', 169462.72000000, 0.00000000, 0.00000000, NULL, NULL),
(22, 11, 'uah', '2453768786073922', '02/28', '117', 37000.00000000, 0.00000000, 0.00000000, NULL, NULL),
(23, 11, 'usd', '2826705500542841', '02/28', '117', 1000.00000000, 0.00000000, 0.00000000, NULL, NULL),
(24, 11, 'crypto', '0072753985021707', '02/28', '117', 0.00000000, 0.05000000, 1.00000000, '176fEuAKeyViwvntKi3fCBqtgF1w78WHNg', '0x49667Df500e2440914276AE8528CF8e35d5345c9'),
(25, 12, 'uah', '4969281187573426', '02/28', '963', 0.00000000, 0.00000000, 0.00000000, NULL, NULL),
(27, 12, 'crypto', '2699251780233529', '02/28', '963', 0.00000000, 0.00000000, 0.00000000, '15fGV89N7x1wVivEB8hKA98XLSnroKqtwp', '0xd4D2B0137034FC50e4ab0feCe124907073E70CaE'),
(28, 13, 'usd', '5946327404556138', '02/28', '732', 193031.49000000, 0.00000000, 0.00000000, NULL, NULL),
(1, 1, 'crypto', '4686080646631828', '02/29', '505', 4883.31000000, 4766.73131697, 12814.94137800, '1NpXrBFqLtpzFncjFeZn5f7bTMM8yiXmTE', '0xe4d787118bfdf3fe7099351946eb4ea14e965a91'),
(30, 13, 'crypto', '4235221482047224', '02/28', '732', 0.00000000, 27.60728498, 15.00000000, '13Nvkm3KU2ac4SHFGn4rMaCRRkZbVw4tc6', '0x6B2527441FCd1db9c183397A5C7e9044B61FD236'),
(29, 13, 'uah', '7012919897050653', '02/28', '732', 3051.08000000, 0.00000000, 0.00000000, NULL, NULL),
(3, 1, 'uah', '4763950103360695', '12/28', '808', 900000.00000000, 0.00000000, 0.00000000, NULL, NULL),
(2, 1, 'usd', '4593125478989946', '01/25', '483', 408000.00000000, 0.00000000, 0.00000000, NULL, NULL);

INSERT INTO transactions (id, from_card_id, to_card_id, amount, converted_amount, type, wallet, status, created_at, description, from_card_number, to_card_number) VALUES
(1, 1, 7, 2648.00000000, 2648.00000000, 'transfer', NULL, 'completed', '2025-02-22T17:39:00.658Z', 'Transfer from card 4686080646631828 to 4279465421080570', '4686080646631828', '4279465421080570'),
(2, 3, 9, 64507.00000000, 64507.00000000, 'transfer', NULL, 'completed', '2025-02-22T18:08:31.659Z', 'Transfer from card 4763950103360695 to 4199184831816278', '4763950103360695', '4199184831816278'),
(3, 9, 8, 1000.00000000, 1000.00000000, 'transfer', NULL, 'completed', '2025-02-22T18:12:00.555Z', 'Transfer from card 4199184831816278 to 4823612607289428', '4199184831816278', '4823612607289428'),
(4, 9, 8, 60000.00000000, 60000.00000000, 'transfer', NULL, 'completed', '2025-02-22T18:13:30.817Z', 'Transfer from card 4199184831816278 to 4823612607289428', '4199184831816278', '4823612607289428'),
(5, 1, 7, 56067.00000000, 56067.00000000, 'transfer', NULL, 'completed', '2025-02-22T18:21:36.282Z', 'Transfer from card 4686080646631828 to 4279465421080570', '4686080646631828', '4279465421080570'),
(6, 9, 8, 10000000.00000000, 240153.70000000, 'transfer', NULL, 'completed', '2025-02-22T19:22:59.996Z', 'Transfer from 4199184831816278 to 4823612607289428', '4199184831816278', '4823612607289428'),
(7, 2, 3, 1000.00000000, 41640.00000000, 'transfer', NULL, 'completed', '2025-02-22T21:01:47.364Z', 'Transfer from 4593125478989946 to 4763950103360695', '4593125478989946', '4763950103360695'),
(8, 1, 2, 362.00000000, 34999246.00000000, 'transfer', NULL, 'completed', '2025-02-23T06:12:52.883Z', 'Transfer from 4686080646631828 to 4593125478989946', '4686080646631828', '4593125478989946'),
(9, 1, 2, 15.00000000, 1450245.00000000, 'transfer', NULL, 'completed', '2025-02-23T06:16:56.005Z', 'Transfer from 4686080646631828 to 4593125478989946', '4686080646631828', '4593125478989946'),
(10, 1, 2, 400.00000000, 38673200.00000000, 'transfer', NULL, 'completed', '2025-02-23T06:26:11.711Z', 'Transfer from 4686080646631828 to 4593125478989946', '4686080646631828', '4593125478989946'),
(11, 1, 2, 701.00000000, 67774783.00000000, 'transfer', NULL, 'completed', '2025-02-23T06:32:38.251Z', 'Transfer from 4686080646631828 to 4593125478989946', '4686080646631828', '4593125478989946'),
(12, 1, 2, 2.00000000, 193366.00000000, 'transfer', NULL, 'completed', '2025-02-23T06:39:23.534Z', 'Transfer from 4686080646631828 to 4593125478989946', '4686080646631828', '4593125478989946'),
(13, 1, 2, 13.00000000, 1256879.00000000, 'transfer', NULL, 'completed', '2025-02-23T06:42:41.933Z', 'Transfer from 4686080646631828 to 4593125478989946', '4686080646631828', '4593125478989946'),
(14, 1, 2, 13.00000000, 1256879.00000000, 'transfer', NULL, 'completed', '2025-02-23T06:45:40.036Z', 'Transfer from 4686080646631828 to 4593125478989946', '4686080646631828', '4593125478989946'),
(15, 1, 2, 0.00000000, 1.00000000, 'transfer', 'btc', 'completed', '2025-02-23T06:48:29.449Z', 'Transfer from 4686080646631828 to 4593125478989946', '4686080646631828', '4593125478989946'),
(16, 2, 1, 250.00000000, 0.00259735, 'transfer', 'btc', 'completed', '2025-02-23T10:17:47.481Z', 'Convert 250 USD to 0.00259735 BTC', '4593125478989946', '4686080646631828'),
(17, 2, 19, 2656.00000000, 2656.00000000, 'transfer', NULL, 'completed', '2025-02-23T15:41:49.097Z', 'Перевод 2656.00 USD', '4593125478989946', '4699878420571000'),
(18, 19, 8, 565.00000000, 565.00000000, 'transfer', NULL, 'completed', '2025-02-23T15:49:01.514Z', 'Перевод 565.00 USD', '4699878420571000', '4823612607289428'),
(19, 19, 8, 57.00000000, 57.00000000, 'transfer', NULL, 'completed', '2025-02-23T15:50:51.773Z', 'Перевод 57.00 USD', '4699878420571000', '4823612607289428'),
(20, 1, 1, 555.00000000, 555.00000000, 'transfer', '12M4YnqbpEEGDdk78p83yj9TZRvxGevUEd', 'completed', '2025-02-23T15:58:02.955Z', 'Перевод 555.00000000 BTC на адрес 12M4YnqbpEEGDdk78p83yj9TZRvxGevUEd', '4686080646631828', '4686080646631828'),
(21, 1, 20, 223.00000000, 223.00000000, 'transfer', '12M4YnqbpEEGDdk78p83yj9TZRvxGevUEd', 'completed', '2025-02-23T16:06:33.937Z', 'Перевод 223.00000000 BTC на карту 12M4YnqbpEEGDdk78p83yj9TZRvxGevUEd', '4686080646631828', '4822340036956025'),
(22, 19, 21, 1000.00000000, 38500.00000000, 'transfer', NULL, 'completed', '2025-02-23T16:07:45.864Z', 'Перевод 1000.00 USD -> 38500.00 UAH', '4699878420571000', '4502993597804046'),
(23, 1, 2, 1.00000000, 95652.99000000, 'transfer', NULL, 'completed', '2025-02-23T16:39:34.764Z', 'Перевод 1.00000000 CRYPTO -> 95652.99000000 USD', '4686080646631828', '4593125478989946'),
(24, 1, 20, 12.00000000, 12.00000000, 'transfer', '12M4YnqbpEEGDdk78p83yj9TZRvxGevUEd', 'completed', '2025-02-23T16:47:53.889Z', 'Перевод 12.00000000 BTC на карту 12M4YnqbpEEGDdk78p83yj9TZRvxGevUEd', '4686080646631828', '4822340036956025'),
(25, 20, 19, 1.00000000, 95652.99000000, 'transfer', NULL, 'completed', '2025-02-23T17:11:02.081Z', 'Перевод 1.00000000 CRYPTO -> 95652.99000000 USD', '4822340036956025', '4699878420571000'),
(26, 19, 21, 1147.00000000, 47761.08000000, 'transfer', NULL, 'completed', '2025-02-23T17:11:58.373Z', 'Перевод 1147.00000000 USD -> 47761.08000000 UAH', '4699878420571000', '4502993597804046'),
(27, 1, 20, 5.00000000, 5.00000000, 'transfer', '12M4YnqbpEEGDdk78p83yj9TZRvxGevUEd', 'completed', '2025-02-23T19:59:50.278Z', 'Перевод 5.00000000 BTC на карту 12M4YnqbpEEGDdk78p83yj9TZRvxGevUEd', '4686080646631828', '4822340036956025'),
(28, 19, 21, 1.00000000, 41.64000000, 'transfer', NULL, 'completed', '2025-02-23T20:12:13.467Z', 'Перевод 1.00000000 USD -> 41.64000000 UAH', '4699878420571000', '4502993597804046'),
(29, 19, 21, 0.01000000, 0.00000010, 'commission', NULL, 'completed', '2025-02-23T20:12:13.543Z', 'Комиссия 1% (0.00000010 BTC)', '4699878420571000', '4502993597804046'),
(30, 19, 21, 1000.00000000, 41580.00000000, 'transfer', NULL, 'completed', '2025-02-23T20:30:16.793Z', 'Перевод 1000.00000000 USD -> 41580.00000000 UAH', '4699878420571000', '4502993597804046'),
(31, 19, 1, 10.00000000, 0.00010445, 'commission', NULL, 'completed', '2025-02-23T20:30:16.825Z', 'Комиссия 1% от перевода с карты 4699878420571000 на карту 4502993597804046 (0.00010445 BTC)', '4699878420571000', 'REGULATOR'),
(32, 19, 21, 1000.00000000, 41580.00000000, 'exchange', NULL, 'completed', '2025-02-23T20:45:34.365Z', 'Обмен 1000.00 USD → 41580.00 UAH', '4699878420571000', '4502993597804046'),
(33, 19, 1, 10.00000000, 0.00010443, 'commission', NULL, 'completed', '2025-02-23T20:45:34.397Z', '💰 Комиссия за обмен 1000.00 USD (0.00010443 BTC)', '4699878420571000', 'REGULATOR'),
(34, 2, 3, 1206.00000000, 50145.48000000, 'exchange', NULL, 'completed', '2025-02-23T23:17:38.127Z', 'Обмен 1206.00 USD → 50145.48 UAH', '4593125478989946', '4763950103360695'),
(35, 2, 1, 12.06000000, 0.00012557, 'commission', NULL, 'completed', '2025-02-23T23:17:38.197Z', '💰 Комиссия за обмен 1206.00 USD (0.00012557 BTC)', '4593125478989946', 'REGULATOR'),
(36, 1, 28, 0.20000000, 0.20000000, 'transfer', NULL, 'completed', '2025-02-24T14:04:27.093Z', 'Перевод 0.20 CRYPTO', '4686080646631828', '5946327404556138'),
(37, 2, 28, 260.00000000, 260.00000000, 'transfer', NULL, 'completed', '2025-02-24T14:05:34.113Z', 'Перевод 260.00 USD', '4593125478989946', '5946327404556138'),
(38, 1, 28, 0.20000000, 0.20000000, 'transfer', NULL, 'completed', '2025-02-24T14:14:42.055Z', 'Перевод 0.20 CRYPTO', '4686080646631828', '5946327404556138'),
(39, 1, 28, 0.20000000, 0.20000000, 'transfer', NULL, 'completed', '2025-02-24T14:17:32.333Z', 'Перевод 0.20 CRYPTO', '4686080646631828', '5946327404556138'),
(40, 1, 28, 50.00000000, 50.00000000, 'transfer', NULL, 'completed', '2025-02-24T14:43:47.370Z', 'Перевод 50.00 CRYPTO', '4686080646631828', '5946327404556138'),
(41, 28, 26, 150.00000000, 150.00000000, 'transfer', NULL, 'completed', '2025-02-24T14:49:47.770Z', 'Перевод 150.00 USD', '5946327404556138', '7336737187794917'),
(42, 28, 29, 160.00000000, 160.00000000, 'transfer', NULL, 'completed', '2025-02-24T14:51:15.610Z', 'Перевод 160.00 USD', '5946327404556138', '7012919897050653'),
(43, 2, 3, 1569.00000000, 65239.02000000, 'transfer', NULL, 'completed', '2025-02-24T15:57:25.712Z', 'Перевод 1569.00 USD → 65239.02 UAH', '4593125478989946', '4763950103360695'),
(44, 2, 1, 15.69000000, 15.69000000, 'commission', NULL, 'completed', '2025-02-24T15:57:25.788Z', 'Комиссия 1% за перевод (15.69000000 BTC)', '4593125478989946', 'REGULATOR'),
(45, 2, 28, 60000.00000000, 60000.00000000, 'transfer', NULL, 'completed', '2025-02-24T16:47:33.199Z', 'Перевод 60000.00 USD', '4593125478989946', '5946327404556138'),
(96, 28, 1, 0.50000000, 0.00000532, 'commission', NULL, 'completed', '2025-02-24T19:47:25.938Z', 'Комиссия 1% (0.00000532 BTC)', '5946327404556138', 'REGULATOR'),
(97, 1, NULL, 244140.00000000, 2.60000000, 'transfer', '13Nvkm3KU2ac4SHFGn4rMaCRRkZbVw4tc6', 'completed', '2025-02-24T19:51:41.027Z', 'Перевод 2.60000000 BTC на адрес 13Nvkm3KU2ac4SHFGn4rMaCRRkZbVw4tc6', '4686080646631828', NULL),
(98, 1, 1, 2441.40000000, 0.02600000, 'commission', NULL, 'completed', '2025-02-24T19:51:41.056Z', 'Комиссия 1% (0.02600000 BTC)', '4686080646631828', 'REGULATOR'),
(99, 28, 29, 300.00000000, 12474.00000000, 'transfer', NULL, 'completed', '2025-02-24T20:04:29.941Z', 'Перевод 300.00 USD → 12474.00 UAH', '5946327404556138', '7012919897050653'),
(100, 28, 1, 3.00000000, 3.00000000, 'commission', NULL, 'completed', '2025-02-24T20:04:29.983Z', 'Комиссия 1% (3.00000000 BTC)', '5946327404556138', 'REGULATOR'),
(101, 29, 28, 25550.00000000, 614.47811448, 'transfer', NULL, 'completed', '2025-02-24T20:05:31.563Z', 'Перевод 25550.00 UAH → 614.48 USD', '7012919897050653', '5946327404556138'),
(102, 29, 1, 255.50000000, 255.50000000, 'commission', NULL, 'completed', '2025-02-24T20:05:31.594Z', 'Комиссия 1% (255.50000000 BTC)', '7012919897050653', 'REGULATOR'),
(103, 29, NULL, 200.00000000, 0.07555952, 'transfer', '0x6B2527441FCd1db9c183397A5C7e9044B61FD236', 'completed', '2025-02-24T20:07:40.581Z', 'Перевод 200.00 UAH (0.07555952 ETH) на адрес 0x6B2527441FCd1db9c183397A5C7e9044B61FD236', '7012919897050653', NULL),
(104, 29, 1, 2.00000000, 0.00002125, 'commission', NULL, 'completed', '2025-02-24T20:07:40.612Z', 'Комиссия 1% (0.00002125 BTC)', '7012919897050653', 'REGULATOR'),
(105, 29, 28, 200000.00000000, 4810.00481000, 'transfer', NULL, 'completed', '2025-02-24T20:08:52.548Z', 'Перевод 200000.00 UAH → 4810.00 USD', '7012919897050653', '5946327404556138'),
(106, 29, 1, 2000.00000000, 2000.00000000, 'commission', NULL, 'completed', '2025-02-24T20:08:52.579Z', 'Комиссия 1% (2000.00000000 BTC)', '7012919897050653', 'REGULATOR'),
(107, 30, 28, 0.00540000, 509.03640000, 'transfer', NULL, 'completed', '2025-02-24T20:27:23.726Z', 'Перевод 0.00540000 BTC → 509.04 USD', '4235221482047224', '5946327404556138'),
(108, 30, 1, 0.00005400, 0.00005400, 'commission', NULL, 'completed', '2025-02-24T20:27:23.757Z', 'Комиссия 1% (0.00005400 BTC)', '4235221482047224', 'REGULATOR'),
(109, 29, NULL, 20000.00000000, 0.21216557, 'transfer', '13Nvkm3KU2ac4SHFGn4rMaCRRkZbVw4tc6', 'completed', '2025-02-24T20:28:07.798Z', 'Перевод 20000.00 UAH (0.21216557 BTC) на адрес 13Nvkm3KU2ac4SHFGn4rMaCRRkZbVw4tc6', '7012919897050653', NULL),
(110, 29, 1, 200.00000000, 0.00212166, 'commission', NULL, 'completed', '2025-02-24T20:28:07.831Z', 'Комиссия 1% (0.00212166 BTC)', '7012919897050653', 'REGULATOR'),
(111, 1, 28, 2.00000000, 188286.00000000, 'transfer', NULL, 'completed', '2025-02-24T20:31:33.970Z', 'Перевод 2.00000000 BTC → 188286.00 USD', '4686080646631828', '5946327404556138'),
(112, 1, 1, 0.02000000, 0.02000000, 'commission', NULL, 'completed', '2025-02-24T20:31:34.002Z', 'Комиссия 1% (0.02000000 BTC)', '4686080646631828', 'REGULATOR'),
(113, 1, 2, 1.00000000, 94587.00000000, 'transfer', NULL, 'completed', '2025-02-24T20:38:20.112Z', 'Перевод 1.00000000 BTC → 94587.00 USD', '4686080646631828', '4593125478989946'),
(114, 1, 1, 0.01000000, 0.01000000, 'commission', NULL, 'completed', '2025-02-24T20:38:20.142Z', 'Комиссия 1% (0.01000000 BTC)', '4686080646631828', 'REGULATOR'),
(115, 1, NULL, 559206.40000000, 6.40000000, 'transfer', '13Nvkm3KU2ac4SHFGn4rMaCRRkZbVw4tc6', 'completed', '2025-02-25T17:07:16.124Z', 'Перевод 6.40000000 BTC на адрес 13Nvkm3KU2ac4SHFGn4rMaCRRkZbVw4tc6', '4686080646631828', NULL),
(116, 1, 1, 5592.06400000, 0.06400000, 'commission', NULL, 'completed', '2025-02-25T17:07:16.167Z', 'Комиссия 1% (0.06400000 BTC)', '4686080646631828', 'REGULATOR'),
(117, 1, NULL, 43585.00000000, 0.50000000, 'transfer', 'bc13d10220117c86850fcb9ac2b26e02d3983d9733', 'completed', '2025-02-25T17:13:06.490Z', 'Перевод 0.50000000 BTC на адрес bc13d10220117c86850fcb9ac2b26e02d3983d9733', '4686080646631828', NULL),
(118, 1, 1, 435.85000000, 0.00500000, 'commission', NULL, 'completed', '2025-02-25T17:13:06.522Z', 'Комиссия 1% (0.00500000 BTC)', '4686080646631828', 'REGULATOR'),
(119, 1, 29, 13.00000000, 13.00000000, 'transfer', NULL, 'completed', '2025-02-25T17:15:07.236Z', 'Перевод 13.00000000 BTC → 13.00 UAH', '4686080646631828', '7012919897050653'),
(120, 1, 1, 0.13000000, 0.13000000, 'commission', NULL, 'completed', '2025-02-25T17:15:07.265Z', 'Комиссия 1% (0.13000000 BTC)', '4686080646631828', 'REGULATOR'),
(121, 2, NULL, 50000.00000000, 0.57138286, 'transfer', '13Nvkm3KU2ac4SHFGn4rMaCRRkZbVw4tc6', 'completed', '2025-02-25T17:17:03.265Z', 'Перевод 50000.00 USD (0.57138286 BTC) на адрес 13Nvkm3KU2ac4SHFGn4rMaCRRkZbVw4tc6', '4593125478989946', NULL),
(122, 2, 1, 500.00000000, 0.00571383, 'commission', NULL, 'completed', '2025-02-25T17:17:03.297Z', 'Комиссия 1% (0.00571383 BTC)', '4593125478989946', 'REGULATOR'),
(123, 1, NULL, 87309.00000000, 1.00000000, 'transfer', 'bc19a0298ea72af0b567efb1ea65c0f3440c56271b', 'completed', '2025-02-25T18:17:01.484Z', 'Перевод 1.00000000 BTC на адрес bc19a0298ea72af0b567efb1ea65c0f3440c56271b', '4686080646631828', NULL),
(124, 1, 1, 873.09000000, 0.01000000, 'commission', NULL, 'completed', '2025-02-25T18:17:01.560Z', 'Комиссия 1% (0.01000000 BTC)', '4686080646631828', 'REGULATOR'),
(125, 1, 2, 1.00000000, 87309.00000000, 'transfer', NULL, 'completed', '2025-02-25T18:18:03.282Z', 'Перевод 1.00000000 BTC → 87309.00 USD', '4686080646631828', '4593125478989946'),
(126, 1, 1, 0.01000000, 0.01000000, 'commission', NULL, 'completed', '2025-02-25T18:18:03.314Z', 'Комиссия 1% (0.01000000 BTC)', '4686080646631828', 'REGULATOR'),
(127, 2, 43, 10563.00000000, 10563.00000000, 'transfer', NULL, 'completed', '2025-02-25T18:19:38.659Z', 'Перевод 10563.00 USD', '4593125478989946', '4111335868451217'),
(128, 2, 1, 105.63000000, 105.63000000, 'commission', NULL, 'completed', '2025-02-25T18:19:38.689Z', 'Комиссия 1% (105.63000000 BTC)', '4593125478989946', 'REGULATOR'),
(129, 2, 44, 340000.00000000, 14181400.00000000, 'transfer', NULL, 'completed', '2025-02-25T18:20:52.785Z', 'Перевод 340000.00000000 USD → 14181400.00 UAH', '4593125478989946', '4111174747608822'),
(130, 2, 1, 3400.00000000, 3400.00000000, 'commission', NULL, 'completed', '2025-02-25T18:20:52.815Z', 'Комиссия 1% (3400.00000000 BTC)', '4593125478989946', 'REGULATOR'),
(131, 3, NULL, 150000.00000000, 1.72506987, 'transfer', 'bc19a0298ea72af0b567efb1ea65c0f3440c56271b', 'completed', '2025-02-25T18:22:07.723Z', 'Перевод 150000.00 UAH (1.72506987 BTC) на адрес bc19a0298ea72af0b567efb1ea65c0f3440c56271b', '4763950103360695', NULL),
(132, 3, 1, 1500.00000000, 0.01725070, 'commission', NULL, 'completed', '2025-02-25T18:22:07.757Z', 'Комиссия 1% (0.01725070 BTC)', '4763950103360695', 'REGULATOR'),
(133, 2, NULL, 23000.00000000, 9.53514114, 'transfer', '0x107eBA75B4B58A8050D4B6CC7EcfE087243d952D', 'completed', '2025-02-25T18:24:38.809Z', 'Перевод 23000.00 USD (9.53514114 ETH) на адрес 0x107eBA75B4B58A8050D4B6CC7EcfE087243d952D', '4593125478989946', NULL),
(134, 2, 1, 230.00000000, 0.00264511, 'commission', NULL, 'completed', '2025-02-25T18:24:38.840Z', 'Комиссия 1% (0.00264511 BTC)', '4593125478989946', 'REGULATOR'),
(135, 1, NULL, 220454.44110000, 2.53230000, 'transfer', 'bc19a0298ea72af0b567efb1ea65c0f3440c56271b', 'completed', '2025-02-25T18:30:55.683Z', 'Перевод 2.53230000 BTC на адрес bc19a0298ea72af0b567efb1ea65c0f3440c56271b', '4686080646631828', NULL),
(136, 1, 1, 2204.54441100, 0.02532300, 'commission', NULL, 'completed', '2025-02-25T18:30:55.715Z', 'Комиссия 1% (0.02532300 BTC)', '4686080646631828', 'REGULATOR'),
(137, 3, NULL, 15000.00000000, 0.17230091, 'transfer', 'bc19a0298ea72af0b567efb1ea65c0f3440c56271b', 'completed', '2025-02-25T18:31:51.889Z', 'Перевод 15000.00 UAH (0.17230091 BTC) на адрес bc19a0298ea72af0b567efb1ea65c0f3440c56271b', '4763950103360695', NULL),
(138, 3, 1, 150.00000000, 0.00172301, 'commission', NULL, 'completed', '2025-02-25T18:31:51.919Z', 'Комиссия 1% (0.00172301 BTC)', '4763950103360695', 'REGULATOR'),
(139, 1, NULL, 173756.00000000, 2.00000000, 'transfer', 'bc19a0298ea72af0b567efb1ea65c0f3440c56271b', 'completed', '2025-02-25T18:35:47.588Z', 'Перевод 2.00000000 BTC на адрес bc19a0298ea72af0b567efb1ea65c0f3440c56271b', '4686080646631828', NULL),
(140, 1, 1, 1737.56000000, 0.02000000, 'commission', NULL, 'completed', '2025-02-25T18:35:47.618Z', 'Комиссия 1% (0.02000000 BTC)', '4686080646631828', 'REGULATOR'),
(141, 2, NULL, 2000.00000000, 0.02302079, 'transfer', 'bc19a0298ea72af0b567efb1ea65c0f3440c56271b', 'completed', '2025-02-25T18:36:39.256Z', 'Перевод 2000.00 USD (0.02302079 BTC) на адрес bc19a0298ea72af0b567efb1ea65c0f3440c56271b', '4593125478989946', NULL),
(142, 2, 1, 20.00000000, 0.00023021, 'commission', NULL, 'completed', '2025-02-25T18:36:39.288Z', 'Комиссия 1% (0.00023021 BTC)', '4593125478989946', 'REGULATOR'),
(143, 1, NULL, 174152.00000000, 2.00000000, 'transfer', 'bc19a0298ea72af0b567efb1ea65c0f3440c56271b', 'completed', '2025-02-25T18:40:04.791Z', 'Перевод 2.00000000 BTC на адрес bc19a0298ea72af0b567efb1ea65c0f3440c56271b', '4686080646631828', NULL),
(144, 1, 1, 1741.52000000, 0.02000000, 'commission', NULL, 'completed', '2025-02-25T18:40:04.826Z', 'Комиссия 1% (0.02000000 BTC)', '4686080646631828', 'REGULATOR'),
(145, 3, NULL, 25000.00000000, 0.28710552, 'transfer', 'bc19a0298ea72af0b567efb1ea65c0f3440c56271b', 'completed', '2025-02-25T18:40:45.000Z', 'Перевод 25000.00 UAH (0.28710552 BTC) на адрес bc19a0298ea72af0b567efb1ea65c0f3440c56271b', '4763950103360695', NULL),
(146, 3, 1, 250.00000000, 0.00287106, 'commission', NULL, 'completed', '2025-02-25T18:40:45.032Z', 'Комиссия 1% (0.00287106 BTC)', '4763950103360695', 'REGULATOR'),
(147, 1, NULL, 87330.00000000, 1.00000000, 'transfer', 'bc19a0298ea72af0b567efb1ea65c0f3440c56271b', 'completed', '2025-02-25T18:44:56.656Z', 'Перевод 1.00000000 BTC на адрес bc19a0298ea72af0b567efb1ea65c0f3440c56271b', '4686080646631828', NULL),
(148, 1, 1, 873.30000000, 0.01000000, 'commission', NULL, 'completed', '2025-02-25T18:44:56.688Z', 'Комиссия 1% (0.01000000 BTC)', '4686080646631828', 'REGULATOR'),
(149, 2, NULL, 16321.00000000, 0.18688881, 'transfer', 'bc19a0298ea72af0b567efb1ea65c0f3440c56271b', 'completed', '2025-02-25T18:45:40.871Z', 'Перевод 16321.00 USD (0.18688881 BTC) на адрес bc19a0298ea72af0b567efb1ea65c0f3440c56271b', '4593125478989946', NULL),
(150, 2, 1, 163.21000000, 0.00186889, 'commission', NULL, 'completed', '2025-02-25T18:45:40.903Z', 'Комиссия 1% (0.00186889 BTC)', '4593125478989946', 'REGULATOR'),
(151, 28, 1, 100.00000000, 0.00110407, 'transfer', NULL, 'completed', '2025-03-03T15:42:10.523Z', 'Перевод 100.00 USD (0.00110407 BTC) на адрес 1NpXrBFqLtpzFncjFeZn5f7bTMM8yiXmTE', '5946327404556138', '4686080646631828'),
(152, 28, 1, 1.00000000, 0.00001104, 'commission', NULL, 'completed', '2025-03-03T15:42:10.642Z', 'Комиссия за перевод 1.00 USD (0.00001104 BTC)', '5946327404556138', 'REGULATOR'),
(153, 30, 28, 2.00000000, 181148.00000000, 'transfer', NULL, 'completed', '2025-03-03T15:43:11.261Z', 'Перевод 2.00000000 CRYPTO → 181148.00 USD', '4235221482047224', '5946327404556138'),
(154, 30, 1, 0.02000000, 0.00000022, 'commission', NULL, 'completed', '2025-03-03T15:43:11.376Z', 'Комиссия за перевод (0.00000022 BTC)', '4235221482047224', 'REGULATOR'),
(155, 1, 30, 25.00000000, 25.00000000, 'transfer', NULL, 'completed', '2025-03-03T15:44:14.762Z', 'Перевод 25.00000000 BTC на адрес 13Nvkm3KU2ac4SHFGn4rMaCRRkZbVw4tc6', '4686080646631828', '4235221482047224'),
(156, 1, 1, 0.25000000, 0.25000000, 'commission', NULL, 'completed', '2025-03-03T15:44:14.880Z', 'Комиссия за перевод (0.25000000 BTC)', '4686080646631828', 'REGULATOR');

INSERT INTO exchange_rates (id, usd_to_uah, btc_to_usd, eth_to_usd, updated_at) VALUES
(1, 41.41, 92398.00, 2354.89, '2025-03-03T10:59:30.446Z'),
(2, 41.41, 92398.00, 2354.89, '2025-03-03T10:59:59.786Z'),
(3, 41.41, 92398.00, 2354.89, '2025-03-03T11:00:29.786Z'),
(4, 41.41, 92398.00, 2354.89, '2025-03-03T11:00:59.787Z'),
(5, 41.41, 92398.00, 2354.89, '2025-03-03T11:01:29.787Z'),
(6, 41.41, 92398.00, 2354.89, '2025-03-03T11:01:59.788Z'),
(7, 41.41, 92398.00, 2354.89, '2025-03-03T11:02:29.789Z'),
(8, 41.58, 87330.00, 2413.67, '2025-03-03T11:02:33.387Z'),
(9, 41.41, 92522.00, 2358.29, '2025-03-03T11:02:42.593Z'),
(10, 41.41, 92522.00, 2358.29, '2025-03-03T11:03:11.866Z'),
(11, 41.41, 92522.00, 2358.29, '2025-03-03T11:03:41.866Z'),
(12, 41.41, 92522.00, 2358.29, '2025-03-03T11:04:11.866Z'),
(13, 41.41, 92522.00, 2358.29, '2025-03-03T11:04:41.866Z'),
(14, 41.41, 92522.00, 2358.29, '2025-03-03T11:05:11.866Z'),
(15, 41.41, 92522.00, 2358.29, '2025-03-03T11:05:41.867Z'),
(16, 41.41, 92522.00, 2358.29, '2025-03-03T11:06:11.866Z'),
(17, 41.41, 92522.00, 2358.29, '2025-03-03T11:06:41.868Z'),
(18, 41.41, 92522.00, 2358.29, '2025-03-03T11:07:11.869Z'),
(19, 41.41, 92522.00, 2358.29, '2025-03-03T11:07:41.870Z'),
(20, 41.41, 92465.00, 2354.77, '2025-03-03T11:08:12.122Z'),
(21, 41.41, 92465.00, 2354.77, '2025-03-03T11:08:41.872Z'),
(22, 41.41, 92444.00, 2355.12, '2025-03-03T11:09:15.167Z'),
(23, 41.41, 92444.00, 2355.12, '2025-03-03T11:09:44.392Z'),
(24, 41.41, 92444.00, 2355.12, '2025-03-03T11:10:14.392Z'),
(25, 41.41, 92444.00, 2355.12, '2025-03-03T11:10:44.393Z'),
(26, 41.41, 92444.00, 2355.12, '2025-03-03T11:11:14.394Z'),
(27, 41.41, 92444.00, 2355.12, '2025-03-03T11:11:44.396Z'),
(28, 41.41, 92444.00, 2355.12, '2025-03-03T11:12:14.397Z'),
(29, 41.41, 92444.00, 2355.12, '2025-03-03T11:12:44.397Z'),
(30, 41.41, 92444.00, 2355.12, '2025-03-03T11:13:14.397Z'),
(31, 41.41, 92444.00, 2355.12, '2025-03-03T11:13:44.398Z'),
(32, 41.41, 92444.00, 2355.12, '2025-03-03T11:14:14.398Z'),
(33, 41.41, 92792.00, 2360.63, '2025-03-03T11:14:44.603Z'),
(34, 41.41, 92792.00, 2360.63, '2025-03-03T11:15:14.398Z'),
(35, 41.41, 92792.00, 2360.63, '2025-03-03T11:15:44.399Z'),
(36, 41.41, 92792.00, 2360.63, '2025-03-03T11:16:14.400Z'),
(37, 41.41, 92792.00, 2360.63, '2025-03-03T11:16:44.399Z'),
(38, 41.41, 92792.00, 2360.63, '2025-03-03T11:17:14.400Z'),
(39, 41.41, 92792.00, 2360.63, '2025-03-03T11:17:44.399Z'),
(40, 41.41, 92792.00, 2360.63, '2025-03-03T11:18:14.400Z'),
(41, 41.41, 92792.00, 2360.63, '2025-03-03T11:18:44.399Z'),
(42, 41.41, 92792.00, 2360.63, '2025-03-03T11:19:14.400Z'),
(43, 41.41, 92792.00, 2360.63, '2025-03-03T11:19:44.400Z'),
(44, 41.41, 92639.00, 2353.24, '2025-03-03T11:20:14.616Z'),
(45, 41.41, 92639.00, 2353.24, '2025-03-03T11:20:44.401Z'),
(46, 41.41, 92592.00, 2350.91, '2025-03-03T11:21:20.810Z'),
(47, 41.41, 92592.00, 2350.91, '2025-03-03T11:21:50.312Z'),
(48, 41.41, 92592.00, 2350.91, '2025-03-03T11:22:20.312Z'),
(49, 41.41, 92592.00, 2350.91, '2025-03-03T11:22:50.313Z'),
(50, 41.41, 92592.00, 2350.91, '2025-03-03T11:23:20.313Z'),
(51, 41.41, 92592.00, 2350.91, '2025-03-03T11:23:50.314Z'),
(52, 41.41, 92592.00, 2350.91, '2025-03-03T11:24:20.316Z'),
(53, 41.41, 92592.00, 2350.91, '2025-03-03T11:24:50.316Z'),
(54, 41.41, 92592.00, 2350.91, '2025-03-03T11:25:20.316Z'),
(55, 41.41, 92592.00, 2350.91, '2025-03-03T11:25:50.317Z'),
(56, 41.41, 92592.00, 2350.91, '2025-03-03T11:26:20.316Z'),
(57, 41.41, 92613.00, 2349.21, '2025-03-03T11:26:50.534Z'),
(58, 41.41, 92613.00, 2349.21, '2025-03-03T11:27:20.318Z'),
(59, 41.41, 92613.00, 2349.21, '2025-03-03T11:27:50.319Z'),
(60, 41.41, 92613.00, 2349.21, '2025-03-03T11:28:20.320Z'),
(61, 41.41, 92613.00, 2349.21, '2025-03-03T11:28:50.321Z'),
(62, 41.41, 92613.00, 2349.21, '2025-03-03T11:29:20.321Z'),
(63, 41.41, 92613.00, 2349.21, '2025-03-03T11:29:50.322Z'),
(64, 41.41, 92613.00, 2349.21, '2025-03-03T11:30:20.323Z'),
(65, 41.41, 92613.00, 2349.21, '2025-03-03T11:30:50.324Z'),
(66, 41.41, 92699.00, 2353.40, '2025-03-03T11:31:18.616Z'),
(67, 41.41, 92699.00, 2353.40, '2025-03-03T11:31:47.763Z'),
(68, 41.41, 92699.00, 2353.40, '2025-03-03T11:32:17.763Z'),
(69, 41.41, 92699.00, 2353.40, '2025-03-03T11:32:47.763Z'),
(70, 41.41, 92699.00, 2353.40, '2025-03-03T11:33:17.765Z'),
(71, 41.41, 92699.00, 2353.40, '2025-03-03T11:33:47.765Z'),
(72, 41.41, 92699.00, 2353.40, '2025-03-03T11:34:17.766Z'),
(73, 41.41, 92699.00, 2353.40, '2025-03-03T11:34:47.768Z'),
(74, 41.41, 92699.00, 2353.40, '2025-03-03T11:35:17.769Z'),
(75, 41.41, 92699.00, 2353.40, '2025-03-03T11:35:47.769Z'),
(76, 41.41, 92699.00, 2353.40, '2025-03-03T11:36:17.770Z'),
(77, 41.41, 92500.00, 2351.21, '2025-03-03T11:36:47.990Z'),
(78, 41.41, 92500.00, 2351.21, '2025-03-03T11:37:17.773Z'),
(79, 41.41, 92500.00, 2351.21, '2025-03-03T11:37:47.773Z'),
(80, 41.41, 92500.00, 2351.21, '2025-03-03T11:38:17.773Z'),
(81, 41.41, 92500.00, 2351.21, '2025-03-03T11:38:47.774Z'),
(82, 41.41, 92500.00, 2351.21, '2025-03-03T11:39:17.775Z'),
(83, 41.41, 92500.00, 2351.21, '2025-03-03T11:39:47.775Z'),
(84, 41.41, 92500.00, 2351.21, '2025-03-03T11:40:17.776Z'),
(85, 41.41, 92500.00, 2351.21, '2025-03-03T11:40:47.776Z'),
(86, 41.41, 92500.00, 2351.21, '2025-03-03T11:41:17.776Z'),
(87, 41.41, 92500.00, 2351.21, '2025-03-03T11:41:47.776Z'),
(88, 41.41, 92482.00, 2352.60, '2025-03-03T11:42:17.977Z'),
(89, 41.41, 92482.00, 2352.60, '2025-03-03T11:42:47.776Z'),
(90, 41.41, 92482.00, 2352.60, '2025-03-03T11:43:17.776Z'),
(91, 41.41, 92482.00, 2352.60, '2025-03-03T11:43:47.775Z'),
(92, 41.41, 92482.00, 2352.60, '2025-03-03T11:44:17.776Z'),
(93, 41.41, 92482.00, 2352.60, '2025-03-03T11:44:47.775Z'),
(94, 41.41, 92482.00, 2352.60, '2025-03-03T11:45:17.776Z'),
(95, 41.41, 92482.00, 2352.60, '2025-03-03T11:45:47.777Z'),
(96, 41.41, 92482.00, 2352.60, '2025-03-03T11:46:17.778Z'),
(97, 41.41, 92482.00, 2352.60, '2025-03-03T11:46:47.779Z'),
(98, 41.41, 92482.00, 2352.60, '2025-03-03T11:47:17.779Z'),
(99, 41.41, 92571.00, 2354.35, '2025-03-03T11:47:39.103Z'),
(100, 41.41, 92571.00, 2354.35, '2025-03-03T11:48:07.807Z'),
(101, 41.41, 92571.00, 2354.35, '2025-03-03T11:48:37.807Z'),
(102, 41.41, 92571.00, 2354.35, '2025-03-03T11:49:07.807Z'),
(103, 41.41, 92571.00, 2354.35, '2025-03-03T11:49:37.808Z'),
(104, 41.41, 92571.00, 2354.35, '2025-03-03T11:50:07.809Z'),
(105, 41.41, 92571.00, 2354.35, '2025-03-03T11:50:37.810Z'),
(106, 41.41, 92571.00, 2354.35, '2025-03-03T11:51:07.810Z'),
(107, 41.41, 92571.00, 2354.35, '2025-03-03T11:51:37.812Z'),
(108, 41.41, 92571.00, 2354.35, '2025-03-03T11:52:07.812Z'),
(109, 41.41, 92571.00, 2354.35, '2025-03-03T11:52:37.812Z'),
(110, 41.41, 92607.00, 2354.57, '2025-03-03T11:53:08.025Z'),
(111, 41.41, 92607.00, 2354.57, '2025-03-03T11:53:37.812Z'),
(112, 41.41, 92607.00, 2354.57, '2025-03-03T11:54:07.812Z'),
(113, 41.41, 92607.00, 2354.57, '2025-03-03T11:54:37.812Z'),
(114, 41.41, 92607.00, 2354.57, '2025-03-03T11:55:07.812Z'),
(115, 41.41, 92607.00, 2354.57, '2025-03-03T11:55:37.813Z'),
(116, 41.41, 92607.00, 2354.57, '2025-03-03T11:56:07.813Z'),
(117, 41.41, 92607.00, 2354.57, '2025-03-03T11:56:37.815Z'),
(118, 41.41, 92607.00, 2354.57, '2025-03-03T11:57:07.815Z'),
(119, 41.41, 92607.00, 2354.57, '2025-03-03T11:57:37.817Z'),
(120, 41.41, 92607.00, 2354.57, '2025-03-03T11:58:07.818Z'),
(121, 41.41, 92577.00, 2352.21, '2025-03-03T11:58:38.019Z'),
(122, 41.41, 92577.00, 2352.21, '2025-03-03T11:59:07.820Z'),
(123, 41.41, 92577.00, 2352.21, '2025-03-03T11:59:37.820Z'),
(124, 41.41, 92577.00, 2352.21, '2025-03-03T12:00:07.821Z'),
(125, 41.41, 92577.00, 2352.21, '2025-03-03T12:00:37.821Z'),
(126, 41.41, 92577.00, 2352.21, '2025-03-03T12:01:07.822Z'),
(127, 41.41, 92577.00, 2352.21, '2025-03-03T12:01:37.822Z'),
(128, 41.41, 92577.00, 2352.21, '2025-03-03T12:02:07.823Z'),
(129, 41.41, 92577.00, 2352.21, '2025-03-03T12:02:37.825Z'),
(130, 41.41, 92577.00, 2352.21, '2025-03-03T12:03:07.825Z'),
(131, 41.41, 92577.00, 2352.21, '2025-03-03T12:03:37.825Z'),
(132, 41.41, 93007.00, 2361.87, '2025-03-03T12:04:08.021Z'),
(133, 41.41, 93007.00, 2361.87, '2025-03-03T12:04:37.826Z'),
(134, 41.41, 93007.00, 2361.87, '2025-03-03T12:05:07.827Z'),
(135, 41.41, 93007.00, 2361.87, '2025-03-03T12:05:37.827Z'),
(136, 41.41, 93007.00, 2361.87, '2025-03-03T12:06:07.827Z'),
(137, 41.41, 93007.00, 2361.87, '2025-03-03T12:06:37.827Z'),
(138, 41.41, 93007.00, 2361.87, '2025-03-03T12:07:07.828Z'),
(139, 41.41, 93007.00, 2361.87, '2025-03-03T12:07:37.828Z'),
(140, 41.41, 93007.00, 2361.87, '2025-03-03T12:08:07.829Z'),
(141, 41.41, 93007.00, 2361.87, '2025-03-03T12:08:37.829Z'),
(142, 41.41, 93007.00, 2361.87, '2025-03-03T12:09:07.829Z'),
(143, 41.41, 93232.00, 2371.15, '2025-03-03T12:09:38.050Z'),
(144, 41.41, 93232.00, 2371.15, '2025-03-03T12:10:07.829Z'),
(145, 41.41, 93232.00, 2371.15, '2025-03-03T12:10:37.830Z'),
(146, 41.41, 93232.00, 2371.15, '2025-03-03T12:11:07.830Z'),
(147, 41.41, 93232.00, 2371.15, '2025-03-03T12:11:37.831Z'),
(148, 41.41, 93232.00, 2371.15, '2025-03-03T12:12:07.832Z'),
(149, 41.41, 93232.00, 2371.15, '2025-03-03T12:12:37.833Z'),
(150, 41.41, 93232.00, 2371.15, '2025-03-03T12:13:07.833Z'),
(151, 41.41, 93232.00, 2371.15, '2025-03-03T12:13:37.834Z'),
(152, 41.41, 93232.00, 2371.15, '2025-03-03T12:14:07.834Z'),
(153, 41.41, 93232.00, 2371.15, '2025-03-03T12:14:37.835Z'),
(154, 41.41, 93075.00, 2365.01, '2025-03-03T12:15:08.032Z'),
(155, 41.41, 93075.00, 2365.01, '2025-03-03T12:15:37.838Z'),
(156, 41.41, 93075.00, 2365.01, '2025-03-03T12:16:07.839Z'),
(157, 41.41, 93075.00, 2365.01, '2025-03-03T12:16:37.840Z'),
(158, 41.41, 93075.00, 2365.01, '2025-03-03T12:17:07.840Z'),
(159, 41.41, 93075.00, 2365.01, '2025-03-03T12:17:37.841Z'),
(160, 41.41, 93075.00, 2365.01, '2025-03-03T12:18:07.841Z'),
(161, 41.41, 93075.00, 2365.01, '2025-03-03T12:18:37.842Z'),
(162, 41.41, 93075.00, 2365.01, '2025-03-03T12:19:07.842Z'),
(163, 41.41, 93075.00, 2365.01, '2025-03-03T12:19:37.842Z'),
(164, 41.41, 93075.00, 2365.01, '2025-03-03T12:20:07.843Z'),
(165, 41.41, 92957.00, 2357.25, '2025-03-03T12:20:38.075Z'),
(166, 41.41, 92957.00, 2357.25, '2025-03-03T12:21:07.843Z'),
(167, 41.41, 92957.00, 2357.25, '2025-03-03T12:21:37.843Z'),
(168, 41.41, 92957.00, 2357.25, '2025-03-03T12:22:07.843Z'),
(169, 41.41, 92957.00, 2357.25, '2025-03-03T12:22:37.844Z'),
(170, 41.41, 92957.00, 2357.25, '2025-03-03T12:23:07.845Z'),
(171, 41.41, 92957.00, 2357.25, '2025-03-03T12:23:37.844Z'),
(172, 41.41, 92957.00, 2357.25, '2025-03-03T12:24:07.845Z'),
(173, 41.41, 92957.00, 2357.25, '2025-03-03T12:24:37.845Z'),
(174, 41.41, 92957.00, 2357.25, '2025-03-03T12:25:07.845Z'),
(175, 41.41, 92957.00, 2357.25, '2025-03-03T12:25:37.845Z'),
(176, 41.41, 93068.00, 2360.74, '2025-03-03T12:26:08.047Z'),
(177, 41.41, 93068.00, 2360.74, '2025-03-03T12:26:37.847Z'),
(178, 41.41, 93068.00, 2360.74, '2025-03-03T12:27:07.847Z'),
(179, 41.41, 93068.00, 2360.74, '2025-03-03T12:27:37.848Z'),
(180, 41.41, 93068.00, 2360.74, '2025-03-03T12:28:07.849Z'),
(181, 41.41, 93068.00, 2360.74, '2025-03-03T12:28:37.850Z'),
(182, 41.41, 93068.00, 2360.74, '2025-03-03T12:29:07.851Z'),
(183, 41.41, 93068.00, 2360.74, '2025-03-03T12:29:37.852Z'),
(184, 41.41, 93068.00, 2360.74, '2025-03-03T12:30:07.854Z'),
(185, 41.41, 93068.00, 2360.74, '2025-03-03T12:30:37.854Z'),
(186, 41.41, 93068.00, 2360.74, '2025-03-03T12:31:07.855Z'),
(187, 41.41, 92846.00, 2357.39, '2025-03-03T12:31:38.054Z'),
(188, 41.41, 92846.00, 2357.39, '2025-03-03T12:32:07.856Z'),
(189, 41.41, 92846.00, 2357.39, '2025-03-03T12:32:37.858Z'),
(190, 41.41, 92846.00, 2357.39, '2025-03-03T12:33:07.859Z'),
(191, 41.41, 92846.00, 2357.39, '2025-03-03T12:33:37.859Z'),
(192, 41.41, 92846.00, 2357.39, '2025-03-03T12:34:07.860Z'),
(193, 41.41, 92846.00, 2357.39, '2025-03-03T12:34:37.860Z'),
(194, 41.41, 92656.00, 2353.40, '2025-03-03T12:35:04.487Z'),
(195, 41.41, 92656.00, 2353.40, '2025-03-03T12:35:33.125Z'),
(196, 41.41, 92656.00, 2353.40, '2025-03-03T12:36:03.124Z'),
(197, 41.41, 92656.00, 2353.40, '2025-03-03T12:36:33.125Z'),
(198, 41.41, 92656.00, 2353.40, '2025-03-03T12:37:03.125Z'),
(199, 41.41, 92656.00, 2353.40, '2025-03-03T12:37:33.126Z'),
(200, 41.41, 92656.00, 2353.40, '2025-03-03T12:38:03.127Z'),
(201, 41.41, 92656.00, 2353.40, '2025-03-03T12:38:33.127Z'),
(202, 41.41, 92656.00, 2353.40, '2025-03-03T12:39:03.128Z'),
(203, 41.41, 92656.00, 2353.40, '2025-03-03T12:39:33.127Z'),
(204, 41.41, 92656.00, 2353.40, '2025-03-03T12:40:03.128Z'),
(205, 41.41, 92914.00, 2358.72, '2025-03-03T12:40:31.383Z'),
(206, 41.41, 92914.00, 2358.72, '2025-03-03T12:41:00.890Z'),
(207, 41.41, 92914.00, 2358.72, '2025-03-03T12:41:30.890Z'),
(208, 41.41, 92914.00, 2358.72, '2025-03-03T12:42:00.890Z'),
(209, 41.41, 92914.00, 2358.72, '2025-03-03T12:42:30.891Z'),
(210, 41.41, 92914.00, 2358.72, '2025-03-03T12:43:00.892Z'),
(211, 41.41, 92914.00, 2358.72, '2025-03-03T12:43:30.892Z'),
(212, 41.41, 92914.00, 2358.72, '2025-03-03T12:44:00.893Z'),
(213, 41.41, 92914.00, 2358.72, '2025-03-03T12:44:30.893Z'),
(214, 41.41, 92914.00, 2358.72, '2025-03-03T12:45:00.893Z'),
(215, 41.41, 92914.00, 2358.72, '2025-03-03T12:45:30.893Z'),
(216, 41.41, 93030.00, 2366.47, '2025-03-03T12:46:01.106Z'),
(217, 41.41, 93030.00, 2366.47, '2025-03-03T12:46:30.893Z'),
(218, 41.41, 93030.00, 2366.47, '2025-03-03T12:46:44.961Z'),
(219, 41.41, 93030.00, 2366.47, '2025-03-03T12:47:14.424Z'),
(220, 41.41, 93030.00, 2366.47, '2025-03-03T12:47:44.424Z'),
(221, 41.41, 93030.00, 2366.47, '2025-03-03T12:48:14.424Z'),
(222, 41.41, 93030.00, 2366.47, '2025-03-03T12:48:44.424Z'),
(223, 41.41, 93030.00, 2366.47, '2025-03-03T12:49:14.424Z'),
(224, 41.41, 93030.00, 2366.47, '2025-03-03T12:49:44.424Z'),
(225, 41.41, 93030.00, 2366.47, '2025-03-03T12:50:14.426Z'),
(226, 41.41, 93030.00, 2366.47, '2025-03-03T12:50:44.426Z'),
(227, 41.41, 93030.00, 2366.47, '2025-03-03T12:51:14.426Z'),
(228, 41.41, 93030.00, 2366.47, '2025-03-03T12:51:44.426Z'),
(229, 41.41, 93099.00, 2369.57, '2025-03-03T12:52:14.666Z'),
(230, 41.41, 93099.00, 2369.57, '2025-03-03T12:52:44.426Z'),
(231, 41.41, 93099.00, 2369.57, '2025-03-03T12:53:14.426Z'),
(232, 41.41, 93099.00, 2369.57, '2025-03-03T12:53:44.425Z'),
(233, 41.41, 93099.00, 2369.57, '2025-03-03T12:54:14.425Z'),
(234, 41.41, 93099.00, 2369.57, '2025-03-03T12:54:44.426Z'),
(235, 41.41, 93099.00, 2369.57, '2025-03-03T12:55:14.426Z'),
(236, 41.41, 93099.00, 2369.57, '2025-03-03T12:55:44.426Z'),
(237, 41.41, 93099.00, 2369.57, '2025-03-03T12:56:14.426Z'),
(238, 41.41, 93099.00, 2369.57, '2025-03-03T12:56:44.427Z'),
(239, 41.41, 93099.00, 2369.57, '2025-03-03T12:57:14.427Z'),
(240, 41.41, 92941.00, 2364.58, '2025-03-03T12:57:44.634Z'),
(241, 41.41, 92941.00, 2364.58, '2025-03-03T12:58:14.427Z'),
(242, 41.41, 92941.00, 2364.58, '2025-03-03T12:58:44.428Z'),
(243, 41.41, 92941.00, 2364.58, '2025-03-03T12:59:14.429Z'),
(244, 41.41, 92941.00, 2364.58, '2025-03-03T12:59:44.429Z'),
(245, 41.41, 92941.00, 2364.58, '2025-03-03T13:00:14.430Z'),
(246, 41.41, 92941.00, 2364.58, '2025-03-03T13:00:44.431Z'),
(247, 41.41, 92941.00, 2364.58, '2025-03-03T13:01:14.431Z'),
(248, 41.41, 92941.00, 2364.58, '2025-03-03T13:01:44.432Z'),
(249, 41.41, 92941.00, 2364.58, '2025-03-03T13:02:14.433Z'),
(250, 41.41, 92941.00, 2364.58, '2025-03-03T13:02:44.433Z'),
(251, 41.41, 93063.00, 2367.83, '2025-03-03T13:03:14.629Z'),
(252, 41.41, 93063.00, 2367.83, '2025-03-03T13:03:44.433Z'),
(253, 41.41, 93063.00, 2367.83, '2025-03-03T13:04:14.434Z'),
(254, 41.41, 93063.00, 2367.83, '2025-03-03T13:04:44.434Z'),
(255, 41.41, 93063.00, 2367.83, '2025-03-03T13:05:14.435Z'),
(256, 41.41, 93063.00, 2367.83, '2025-03-03T13:05:44.436Z'),
(257, 41.41, 93063.00, 2367.83, '2025-03-03T13:06:14.436Z'),
(258, 41.41, 93063.00, 2367.83, '2025-03-03T13:06:44.436Z'),
(259, 41.41, 93063.00, 2367.83, '2025-03-03T13:07:14.436Z'),
(260, 41.41, 93063.00, 2367.83, '2025-03-03T13:07:44.437Z'),
(261, 41.41, 93063.00, 2367.83, '2025-03-03T13:08:14.437Z'),
(262, 41.41, 93191.00, 2373.04, '2025-03-03T13:08:44.648Z'),
(263, 41.41, 93191.00, 2373.04, '2025-03-03T13:09:14.437Z'),
(264, 41.41, 93191.00, 2373.04, '2025-03-03T13:09:44.436Z'),
(265, 41.41, 93191.00, 2373.04, '2025-03-03T13:10:14.437Z'),
(266, 41.41, 93191.00, 2373.04, '2025-03-03T13:10:44.437Z'),
(267, 41.41, 93191.00, 2373.04, '2025-03-03T13:11:14.438Z'),
(268, 41.41, 93191.00, 2373.04, '2025-03-03T13:11:44.440Z'),
(269, 41.41, 93191.00, 2373.04, '2025-03-03T13:12:14.441Z'),
(270, 41.41, 93191.00, 2373.04, '2025-03-03T13:12:44.441Z'),
(271, 41.41, 93191.00, 2373.04, '2025-03-03T13:13:14.442Z'),
(272, 41.41, 93191.00, 2373.04, '2025-03-03T13:13:44.442Z'),
(273, 41.41, 92939.00, 2367.12, '2025-03-03T13:14:14.627Z'),
(274, 41.41, 92939.00, 2367.12, '2025-03-03T13:14:44.443Z'),
(275, 41.41, 92939.00, 2367.12, '2025-03-03T13:15:14.443Z'),
(276, 41.41, 92939.00, 2367.12, '2025-03-03T13:15:44.445Z'),
(277, 41.41, 92939.00, 2367.12, '2025-03-03T13:16:14.445Z'),
(278, 41.41, 92939.00, 2367.12, '2025-03-03T13:16:44.446Z'),
(279, 41.41, 92939.00, 2367.12, '2025-03-03T13:17:14.446Z'),
(280, 41.41, 92939.00, 2367.12, '2025-03-03T13:17:44.448Z'),
(281, 41.41, 92939.00, 2367.12, '2025-03-03T13:18:14.448Z'),
(282, 41.41, 92939.00, 2367.12, '2025-03-03T13:18:44.449Z'),
(283, 41.41, 92939.00, 2367.12, '2025-03-03T13:19:14.449Z'),
(284, 41.41, 92969.00, 2364.96, '2025-03-03T13:19:44.651Z'),
(285, 41.41, 92969.00, 2364.96, '2025-03-03T13:20:14.451Z'),
(286, 41.41, 92969.00, 2364.96, '2025-03-03T13:20:44.451Z'),
(287, 41.41, 92969.00, 2364.96, '2025-03-03T13:21:14.452Z'),
(288, 41.41, 92969.00, 2364.96, '2025-03-03T13:21:44.452Z'),
(289, 41.41, 92969.00, 2364.96, '2025-03-03T13:22:14.452Z'),
(290, 41.41, 92969.00, 2364.96, '2025-03-03T13:22:44.453Z'),
(291, 41.41, 92969.00, 2364.96, '2025-03-03T13:23:14.456Z'),
(292, 41.41, 92969.00, 2364.96, '2025-03-03T13:23:44.457Z'),
(293, 41.41, 92969.00, 2364.96, '2025-03-03T13:24:14.457Z'),
(294, 41.41, 92969.00, 2364.96, '2025-03-03T13:24:44.457Z'),
(295, 41.41, 93129.00, 2371.02, '2025-03-03T13:25:14.653Z'),
(296, 41.41, 93129.00, 2371.02, '2025-03-03T13:25:44.457Z'),
(297, 41.41, 93129.00, 2371.02, '2025-03-03T13:26:14.458Z'),
(298, 41.41, 93129.00, 2371.02, '2025-03-03T13:26:44.459Z'),
(299, 41.41, 93129.00, 2371.02, '2025-03-03T13:27:14.460Z'),
(300, 41.41, 93129.00, 2371.02, '2025-03-03T13:27:44.460Z'),
(301, 41.41, 93129.00, 2371.02, '2025-03-03T13:28:14.461Z'),
(302, 41.41, 93129.00, 2371.02, '2025-03-03T13:28:44.462Z'),
(303, 41.41, 93129.00, 2371.02, '2025-03-03T13:29:14.462Z'),
(304, 41.41, 93129.00, 2371.02, '2025-03-03T13:29:44.463Z'),
(305, 41.41, 93129.00, 2371.02, '2025-03-03T13:30:14.464Z'),
(306, 41.41, 93119.00, 2369.05, '2025-03-03T13:30:44.669Z'),
(307, 41.41, 93119.00, 2369.05, '2025-03-03T13:31:14.465Z'),
(308, 41.41, 93119.00, 2369.05, '2025-03-03T13:31:44.466Z'),
(309, 41.41, 93119.00, 2369.05, '2025-03-03T13:32:14.467Z'),
(310, 41.41, 93119.00, 2369.05, '2025-03-03T13:32:44.467Z'),
(311, 41.41, 93119.00, 2369.05, '2025-03-03T13:33:14.467Z'),
(312, 41.41, 93119.00, 2369.05, '2025-03-03T13:33:44.467Z'),
(313, 41.41, 93119.00, 2369.05, '2025-03-03T13:34:14.467Z'),
(314, 41.41, 93119.00, 2369.05, '2025-03-03T13:34:44.472Z'),
(315, 41.41, 93119.00, 2369.05, '2025-03-03T13:35:14.472Z'),
(316, 41.41, 93119.00, 2369.05, '2025-03-03T13:35:44.472Z'),
(317, 41.41, 93165.00, 2369.93, '2025-03-03T13:36:14.663Z'),
(318, 41.41, 93165.00, 2369.93, '2025-03-03T13:36:44.472Z'),
(319, 41.41, 93165.00, 2369.93, '2025-03-03T13:37:14.472Z'),
(320, 41.41, 93165.00, 2369.93, '2025-03-03T13:37:44.473Z'),
(321, 41.41, 93165.00, 2369.93, '2025-03-03T13:38:14.472Z'),
(322, 41.41, 93165.00, 2369.93, '2025-03-03T13:38:44.473Z'),
(323, 41.41, 93165.00, 2369.93, '2025-03-03T13:39:14.473Z'),
(324, 41.41, 93165.00, 2369.93, '2025-03-03T13:39:44.473Z'),
(325, 41.41, 93165.00, 2369.93, '2025-03-03T13:40:14.473Z'),
(326, 41.41, 93165.00, 2369.93, '2025-03-03T13:40:44.473Z'),
(327, 41.41, 93165.00, 2369.93, '2025-03-03T13:41:14.473Z'),
(328, 41.41, 93228.00, 2372.33, '2025-03-03T13:41:44.705Z'),
(329, 41.41, 93228.00, 2372.33, '2025-03-03T13:42:14.475Z'),
(330, 41.41, 93228.00, 2372.33, '2025-03-03T13:42:44.476Z'),
(331, 41.41, 93228.00, 2372.33, '2025-03-03T13:43:14.476Z'),
(332, 41.41, 93228.00, 2372.33, '2025-03-03T13:43:44.477Z'),
(333, 41.41, 93228.00, 2372.33, '2025-03-03T13:44:14.478Z'),
(334, 41.41, 93228.00, 2372.33, '2025-03-03T13:44:44.480Z'),
(335, 41.41, 93228.00, 2372.33, '2025-03-03T13:45:14.485Z'),
(336, 41.41, 93228.00, 2372.33, '2025-03-03T13:45:44.485Z'),
(337, 41.41, 93228.00, 2372.33, '2025-03-03T13:46:14.486Z'),
(338, 41.41, 93228.00, 2372.33, '2025-03-03T13:46:44.487Z'),
(339, 41.41, 93651.00, 2384.12, '2025-03-03T13:47:14.693Z'),
(340, 41.41, 93651.00, 2384.12, '2025-03-03T13:47:44.488Z'),
(341, 41.41, 93651.00, 2384.12, '2025-03-03T13:48:14.488Z'),
(342, 41.41, 93651.00, 2384.12, '2025-03-03T13:48:44.489Z'),
(343, 41.41, 93651.00, 2384.12, '2025-03-03T13:49:14.489Z'),
(344, 41.41, 93651.00, 2384.12, '2025-03-03T13:49:44.490Z'),
(345, 41.41, 93651.00, 2384.12, '2025-03-03T13:50:14.490Z'),
(346, 41.41, 93651.00, 2384.12, '2025-03-03T13:50:44.491Z'),
(347, 41.41, 93651.00, 2384.12, '2025-03-03T13:51:14.491Z'),
(348, 41.41, 93651.00, 2384.12, '2025-03-03T13:51:44.492Z'),
(349, 41.41, 93651.00, 2384.12, '2025-03-03T13:52:14.492Z'),
(350, 41.41, 93405.00, 2378.42, '2025-03-03T13:52:44.700Z'),
(351, 41.41, 93405.00, 2378.42, '2025-03-03T13:53:14.492Z'),
(352, 41.41, 93405.00, 2378.42, '2025-03-03T13:53:44.492Z'),
(353, 41.41, 93405.00, 2378.42, '2025-03-03T13:54:14.492Z'),
(354, 41.41, 93405.00, 2378.42, '2025-03-03T13:54:44.493Z'),
(355, 41.41, 93405.00, 2378.42, '2025-03-03T13:55:14.493Z'),
(356, 41.41, 93405.00, 2378.42, '2025-03-03T13:55:44.494Z'),
(357, 41.41, 93405.00, 2378.42, '2025-03-03T13:56:14.495Z'),
(358, 41.41, 93405.00, 2378.42, '2025-03-03T13:56:44.496Z'),
(359, 41.41, 93405.00, 2378.42, '2025-03-03T13:57:14.497Z'),
(360, 41.41, 93405.00, 2378.42, '2025-03-03T13:57:44.498Z'),
(361, 41.41, 93369.00, 2375.34, '2025-03-03T13:58:14.704Z'),
(362, 41.41, 93369.00, 2375.34, '2025-03-03T13:58:44.499Z'),
(363, 41.41, 93369.00, 2375.34, '2025-03-03T13:59:14.500Z'),
(364, 41.41, 93369.00, 2375.34, '2025-03-03T13:59:44.501Z'),
(365, 41.41, 93369.00, 2375.34, '2025-03-03T14:00:14.503Z'),
(366, 41.41, 93369.00, 2375.34, '2025-03-03T14:00:44.503Z'),
(367, 41.41, 93369.00, 2375.34, '2025-03-03T14:01:14.504Z'),
(368, 41.41, 93369.00, 2375.34, '2025-03-03T14:01:44.505Z'),
(369, 41.41, 93369.00, 2375.34, '2025-03-03T14:02:14.506Z'),
(370, 41.41, 93369.00, 2375.34, '2025-03-03T14:02:44.507Z'),
(371, 41.41, 93369.00, 2375.34, '2025-03-03T14:03:14.509Z'),
(372, 41.41, 93454.00, 2375.48, '2025-03-03T14:03:44.762Z'),
(373, 41.41, 93454.00, 2375.48, '2025-03-03T14:04:14.510Z'),
(374, 41.41, 93454.00, 2375.48, '2025-03-03T14:04:44.511Z'),
(375, 41.41, 93454.00, 2375.48, '2025-03-03T14:05:14.511Z'),
(376, 41.41, 93454.00, 2375.48, '2025-03-03T14:05:44.511Z'),
(377, 41.41, 93454.00, 2375.48, '2025-03-03T14:06:14.512Z'),
(378, 41.41, 93454.00, 2375.48, '2025-03-03T14:06:44.512Z'),
(379, 41.41, 93454.00, 2375.48, '2025-03-03T14:07:14.511Z'),
(380, 41.41, 93454.00, 2375.48, '2025-03-03T14:07:44.512Z'),
(381, 41.41, 93454.00, 2375.48, '2025-03-03T14:08:14.512Z'),
(382, 41.41, 93454.00, 2375.48, '2025-03-03T14:08:44.512Z'),
(383, 41.41, 93429.00, 2376.59, '2025-03-03T14:09:14.721Z'),
(384, 41.41, 93429.00, 2376.59, '2025-03-03T14:09:44.514Z'),
(385, 41.41, 93429.00, 2376.59, '2025-03-03T14:10:14.514Z'),
(386, 41.41, 93429.00, 2376.59, '2025-03-03T14:10:44.517Z'),
(387, 41.41, 93429.00, 2376.59, '2025-03-03T14:11:14.518Z'),
(388, 41.41, 93429.00, 2376.59, '2025-03-03T14:11:44.519Z'),
(389, 41.41, 93429.00, 2376.59, '2025-03-03T14:12:14.519Z'),
(390, 41.41, 93429.00, 2376.59, '2025-03-03T14:12:44.519Z'),
(391, 41.41, 93429.00, 2376.59, '2025-03-03T14:13:14.520Z'),
(392, 41.41, 93429.00, 2376.59, '2025-03-03T14:13:44.521Z'),
(393, 41.41, 93429.00, 2376.59, '2025-03-03T14:14:14.520Z'),
(394, 41.41, 93593.00, 2377.75, '2025-03-03T14:14:44.728Z'),
(395, 41.41, 93593.00, 2377.75, '2025-03-03T14:15:14.522Z'),
(396, 41.41, 93593.00, 2377.75, '2025-03-03T14:15:44.523Z'),
(397, 41.41, 93593.00, 2377.75, '2025-03-03T14:16:14.525Z'),
(398, 41.41, 93593.00, 2377.75, '2025-03-03T14:16:44.523Z'),
(399, 41.41, 93593.00, 2377.75, '2025-03-03T14:17:14.523Z'),
(400, 41.41, 93593.00, 2377.75, '2025-03-03T14:17:44.524Z'),
(401, 41.41, 93593.00, 2377.75, '2025-03-03T14:18:14.524Z'),
(402, 41.41, 93593.00, 2377.75, '2025-03-03T14:18:44.524Z'),
(403, 41.41, 93593.00, 2377.75, '2025-03-03T14:19:14.524Z'),
(404, 41.41, 93593.00, 2377.75, '2025-03-03T14:19:44.525Z'),
(405, 41.41, 93329.00, 2366.46, '2025-03-03T14:20:14.743Z'),
(406, 41.41, 93329.00, 2366.46, '2025-03-03T14:20:44.526Z'),
(407, 41.41, 93329.00, 2366.46, '2025-03-03T14:21:14.526Z'),
(408, 41.41, 93329.00, 2366.46, '2025-03-03T14:21:44.526Z'),
(409, 41.41, 93329.00, 2366.46, '2025-03-03T14:22:14.527Z'),
(410, 41.41, 93329.00, 2366.46, '2025-03-03T14:22:44.527Z'),
(411, 41.41, 93329.00, 2366.46, '2025-03-03T14:23:14.527Z'),
(412, 41.41, 93329.00, 2366.46, '2025-03-03T14:23:44.527Z'),
(413, 41.41, 93329.00, 2366.46, '2025-03-03T14:24:14.526Z'),
(414, 41.41, 93329.00, 2366.46, '2025-03-03T14:24:44.527Z'),
(415, 41.41, 93329.00, 2366.46, '2025-03-03T14:25:14.528Z'),
(416, 41.41, 93006.00, 2357.94, '2025-03-03T14:25:44.740Z'),
(417, 41.41, 93006.00, 2357.94, '2025-03-03T14:26:14.530Z'),
(418, 41.41, 93006.00, 2357.94, '2025-03-03T14:26:44.529Z'),
(419, 41.41, 93006.00, 2357.94, '2025-03-03T14:27:14.530Z'),
(420, 41.41, 93006.00, 2357.94, '2025-03-03T14:27:44.530Z'),
(421, 41.41, 93006.00, 2357.94, '2025-03-03T14:28:14.532Z'),
(422, 41.41, 93006.00, 2357.94, '2025-03-03T14:28:44.533Z'),
(423, 41.41, 93006.00, 2357.94, '2025-03-03T14:29:14.534Z'),
(424, 41.41, 93006.00, 2357.94, '2025-03-03T14:29:44.535Z'),
(425, 41.41, 93006.00, 2357.94, '2025-03-03T14:30:14.536Z'),
(426, 41.41, 93006.00, 2357.94, '2025-03-03T14:30:44.537Z'),
(427, 41.41, 93102.00, 2359.06, '2025-03-03T14:31:14.745Z'),
(428, 41.41, 93102.00, 2359.06, '2025-03-03T14:31:44.539Z'),
(429, 41.41, 93102.00, 2359.06, '2025-03-03T14:32:14.539Z'),
(430, 41.41, 93102.00, 2359.06, '2025-03-03T14:32:44.540Z'),
(431, 41.41, 93102.00, 2359.06, '2025-03-03T14:33:14.540Z'),
(432, 41.41, 93102.00, 2359.06, '2025-03-03T14:33:44.540Z'),
(433, 41.41, 93102.00, 2359.06, '2025-03-03T14:34:14.541Z'),
(434, 41.41, 93102.00, 2359.06, '2025-03-03T14:34:44.542Z'),
(435, 41.41, 93102.00, 2359.06, '2025-03-03T14:35:14.542Z'),
(436, 41.41, 93102.00, 2359.06, '2025-03-03T14:35:44.542Z'),
(437, 41.41, 93102.00, 2359.06, '2025-03-03T14:36:14.542Z'),
(438, 41.41, 92649.00, 2350.86, '2025-03-03T14:36:44.749Z'),
(439, 41.41, 92649.00, 2350.86, '2025-03-03T14:37:14.542Z'),
(440, 41.41, 92649.00, 2350.86, '2025-03-03T14:37:44.542Z'),
(441, 41.41, 92649.00, 2350.86, '2025-03-03T14:38:14.543Z'),
(442, 41.41, 92649.00, 2350.86, '2025-03-03T14:38:44.543Z'),
(443, 41.41, 92417.00, 2347.32, '2025-03-03T14:39:19.846Z'),
(444, 41.41, 92417.00, 2347.32, '2025-03-03T14:39:48.302Z'),
(445, 41.41, 92417.00, 2347.32, '2025-03-03T14:40:18.302Z'),
(446, 41.41, 92417.00, 2347.32, '2025-03-03T14:40:48.303Z'),
(447, 41.41, 92417.00, 2347.32, '2025-03-03T14:41:18.304Z'),
(448, 41.41, 92417.00, 2347.32, '2025-03-03T14:41:48.305Z'),
(449, 41.41, 92417.00, 2347.32, '2025-03-03T14:42:18.306Z'),
(450, 41.41, 92417.00, 2347.32, '2025-03-03T14:42:48.309Z'),
(451, 41.41, 92417.00, 2347.32, '2025-03-03T14:43:18.311Z'),
(452, 41.41, 92417.00, 2347.32, '2025-03-03T14:43:48.312Z'),
(453, 41.41, 92417.00, 2347.32, '2025-03-03T14:44:18.311Z'),
(454, 41.41, 91599.00, 2327.36, '2025-03-03T14:44:48.513Z'),
(455, 41.41, 91599.00, 2327.36, '2025-03-03T14:45:18.313Z'),
(456, 41.41, 91599.00, 2327.36, '2025-03-03T14:45:48.314Z'),
(457, 41.41, 91599.00, 2327.36, '2025-03-03T14:46:18.317Z'),
(458, 41.41, 91599.00, 2327.36, '2025-03-03T14:46:48.317Z'),
(459, 41.41, 91599.00, 2327.36, '2025-03-03T14:47:18.318Z'),
(460, 41.41, 91599.00, 2327.36, '2025-03-03T14:47:48.318Z'),
(461, 41.41, 91599.00, 2327.36, '2025-03-03T14:48:18.318Z'),
(462, 41.41, 91599.00, 2327.36, '2025-03-03T14:48:48.319Z'),
(463, 41.41, 91599.00, 2327.36, '2025-03-03T14:49:18.320Z'),
(464, 41.41, 91599.00, 2327.36, '2025-03-03T14:49:48.321Z'),
(465, 41.41, 91452.00, 2327.89, '2025-03-03T14:50:18.532Z'),
(466, 41.41, 91452.00, 2327.89, '2025-03-03T14:50:48.321Z'),
(467, 41.41, 91452.00, 2327.89, '2025-03-03T14:51:18.322Z'),
(468, 41.41, 91452.00, 2327.89, '2025-03-03T14:51:48.322Z'),
(469, 41.41, 91452.00, 2327.89, '2025-03-03T14:52:18.322Z'),
(470, 41.41, 91452.00, 2327.89, '2025-03-03T14:52:48.324Z'),
(471, 41.41, 91452.00, 2327.89, '2025-03-03T14:53:18.324Z'),
(472, 41.41, 91452.00, 2327.89, '2025-03-03T14:53:48.325Z'),
(473, 41.41, 91452.00, 2327.89, '2025-03-03T14:54:18.326Z'),
(474, 41.41, 91452.00, 2327.89, '2025-03-03T14:54:48.327Z'),
(475, 41.41, 91452.00, 2327.89, '2025-03-03T14:55:18.328Z'),
(476, 41.41, 89985.00, 2297.46, '2025-03-03T14:55:48.583Z'),
(477, 41.41, 89985.00, 2297.46, '2025-03-03T14:56:18.330Z'),
(478, 41.41, 89985.00, 2297.46, '2025-03-03T14:56:48.331Z'),
(479, 41.41, 89985.00, 2297.46, '2025-03-03T14:57:18.331Z'),
(480, 41.41, 89985.00, 2297.46, '2025-03-03T14:57:48.332Z'),
(481, 41.41, 89985.00, 2297.46, '2025-03-03T14:58:18.333Z'),
(482, 41.41, 89985.00, 2297.46, '2025-03-03T14:58:48.333Z'),
(483, 41.41, 89985.00, 2297.46, '2025-03-03T14:59:18.334Z'),
(484, 41.41, 89985.00, 2297.46, '2025-03-03T14:59:48.334Z'),
(485, 41.41, 89985.00, 2297.46, '2025-03-03T15:00:18.335Z'),
(486, 41.41, 89985.00, 2297.46, '2025-03-03T15:00:48.335Z'),
(487, 41.41, 89472.00, 2284.10, '2025-03-03T15:01:18.533Z'),
(488, 41.41, 89472.00, 2284.10, '2025-03-03T15:01:48.336Z'),
(489, 41.41, 89472.00, 2284.10, '2025-03-03T15:02:18.338Z'),
(490, 41.41, 89472.00, 2284.10, '2025-03-03T15:02:48.338Z'),
(491, 41.41, 89472.00, 2284.10, '2025-03-03T15:03:18.339Z'),
(492, 41.41, 89472.00, 2284.10, '2025-03-03T15:03:48.339Z'),
(493, 41.41, 89472.00, 2284.10, '2025-03-03T15:04:18.340Z'),
(494, 41.41, 89472.00, 2284.10, '2025-03-03T15:04:48.340Z'),
(495, 41.41, 89472.00, 2284.10, '2025-03-03T15:05:18.340Z'),
(496, 41.41, 89472.00, 2284.10, '2025-03-03T15:05:48.340Z'),
(497, 41.41, 89472.00, 2284.10, '2025-03-03T15:06:18.339Z'),
(498, 41.41, 89962.00, 2291.22, '2025-03-03T15:06:48.550Z'),
(499, 41.41, 89962.00, 2291.22, '2025-03-03T15:07:18.342Z'),
(500, 41.41, 89962.00, 2291.22, '2025-03-03T15:07:48.343Z'),
(501, 41.41, 89962.00, 2291.22, '2025-03-03T15:08:18.343Z'),
(502, 41.41, 89962.00, 2291.22, '2025-03-03T15:08:48.344Z'),
(503, 41.41, 89962.00, 2291.22, '2025-03-03T15:09:18.345Z'),
(504, 41.41, 89962.00, 2291.22, '2025-03-03T15:09:48.346Z'),
(505, 41.41, 89962.00, 2291.22, '2025-03-03T15:10:18.347Z'),
(506, 41.41, 89962.00, 2291.22, '2025-03-03T15:10:48.348Z'),
(507, 41.41, 89962.00, 2291.22, '2025-03-03T15:11:18.348Z'),
(508, 41.41, 89962.00, 2291.22, '2025-03-03T15:11:48.349Z'),
(509, 41.41, 89777.00, 2284.37, '2025-03-03T15:12:18.558Z'),
(510, 41.41, 89777.00, 2284.37, '2025-03-03T15:12:48.351Z'),
(511, 41.41, 89777.00, 2284.37, '2025-03-03T15:13:18.352Z'),
(512, 41.41, 89777.00, 2284.37, '2025-03-03T15:13:48.353Z'),
(513, 41.41, 89777.00, 2284.37, '2025-03-03T15:14:18.353Z'),
(514, 41.41, 89777.00, 2284.37, '2025-03-03T15:14:48.354Z'),
(515, 41.41, 89777.00, 2284.37, '2025-03-03T15:15:18.354Z'),
(516, 41.41, 89777.00, 2284.37, '2025-03-03T15:15:48.355Z'),
(517, 41.41, 89777.00, 2284.37, '2025-03-03T15:16:18.355Z'),
(518, 41.41, 89777.00, 2284.37, '2025-03-03T15:16:48.356Z'),
(519, 41.41, 89777.00, 2284.37, '2025-03-03T15:17:18.356Z'),
(520, 41.41, 89945.00, 2285.96, '2025-03-03T15:17:48.572Z'),
(521, 41.41, 89945.00, 2285.96, '2025-03-03T15:18:18.355Z'),
(522, 41.41, 89945.00, 2285.96, '2025-03-03T15:18:48.356Z'),
(523, 41.41, 89945.00, 2285.96, '2025-03-03T15:19:18.356Z'),
(524, 41.41, 89945.00, 2285.96, '2025-03-03T15:19:48.357Z'),
(525, 41.41, 89945.00, 2285.96, '2025-03-03T15:20:18.358Z'),
(526, 41.41, 89945.00, 2285.96, '2025-03-03T15:20:48.358Z'),
(527, 41.41, 89945.00, 2285.96, '2025-03-03T15:21:18.358Z'),
(528, 41.41, 89945.00, 2285.96, '2025-03-03T15:21:48.358Z'),
(529, 41.41, 89945.00, 2285.96, '2025-03-03T15:22:18.359Z'),
(530, 41.41, 89945.00, 2285.96, '2025-03-03T15:22:48.360Z'),
(531, 41.41, 90556.00, 2295.42, '2025-03-03T15:23:18.579Z'),
(532, 41.41, 90556.00, 2295.42, '2025-03-03T15:23:48.361Z'),
(533, 41.41, 90556.00, 2295.42, '2025-03-03T15:24:18.363Z'),
(534, 41.41, 90556.00, 2295.42, '2025-03-03T15:24:48.364Z'),
(535, 41.41, 90556.00, 2295.42, '2025-03-03T15:25:18.365Z'),
(536, 41.41, 90556.00, 2295.42, '2025-03-03T15:25:48.366Z'),
(537, 41.41, 90556.00, 2295.42, '2025-03-03T15:26:18.367Z'),
(538, 41.41, 90556.00, 2295.42, '2025-03-03T15:26:48.367Z'),
(539, 41.41, 90556.00, 2295.42, '2025-03-03T15:27:18.368Z'),
(540, 41.41, 90556.00, 2295.42, '2025-03-03T15:27:48.371Z'),
(541, 41.41, 90556.00, 2295.42, '2025-03-03T15:28:18.371Z'),
(542, 41.41, 91016.00, 2302.99, '2025-03-03T15:28:48.578Z'),
(543, 41.41, 91016.00, 2302.99, '2025-03-03T15:29:18.372Z'),
(544, 41.41, 91016.00, 2302.99, '2025-03-03T15:29:48.373Z'),
(545, 41.41, 91016.00, 2302.99, '2025-03-03T15:30:18.373Z'),
(546, 41.41, 91016.00, 2302.99, '2025-03-03T15:30:48.373Z'),
(547, 41.41, 91016.00, 2302.99, '2025-03-03T15:31:18.375Z'),
(548, 41.41, 91016.00, 2302.99, '2025-03-03T15:31:48.375Z'),
(549, 41.41, 91016.00, 2302.99, '2025-03-03T15:32:18.376Z'),
(550, 41.41, 91016.00, 2302.99, '2025-03-03T15:32:48.376Z'),
(551, 41.41, 91016.00, 2302.99, '2025-03-03T15:33:18.376Z'),
(552, 41.41, 91016.00, 2302.99, '2025-03-03T15:33:48.377Z'),
(553, 41.41, 90551.00, 2289.10, '2025-03-03T15:34:40.185Z'),
(554, 41.41, 90551.00, 2289.10, '2025-03-03T15:35:09.087Z'),
(555, 41.41, 90482.00, 2287.69, '2025-03-03T15:35:56.916Z'),
(556, 41.41, 90482.00, 2287.69, '2025-03-03T15:36:25.516Z'),
(557, 41.41, 90482.00, 2287.69, '2025-03-03T15:36:55.516Z'),
(558, 41.41, 90482.00, 2287.69, '2025-03-03T15:37:25.516Z'),
(559, 41.41, 90482.00, 2287.69, '2025-03-03T15:37:55.517Z'),
(560, 41.41, 90482.00, 2287.69, '2025-03-03T15:38:25.517Z'),
(561, 41.41, 90482.00, 2287.69, '2025-03-03T15:38:55.518Z'),
(562, 41.41, 90482.00, 2287.69, '2025-03-03T15:39:25.518Z'),
(563, 41.41, 90482.00, 2287.69, '2025-03-03T15:39:55.520Z'),
(564, 41.41, 90496.00, 2288.47, '2025-03-03T15:40:25.121Z'),
(565, 41.41, 90496.00, 2288.47, '2025-03-03T15:40:54.180Z'),
(566, 41.41, 90574.00, 2292.28, '2025-03-03T15:41:32.759Z'),
(567, 41.41, 90574.00, 2292.28, '2025-03-03T15:42:01.395Z'),
(568, 41.41, 90574.00, 2292.28, '2025-03-03T15:42:31.395Z'),
(569, 41.41, 90574.00, 2292.28, '2025-03-03T15:43:01.396Z'),
(570, 41.41, 90574.00, 2292.28, '2025-03-03T15:43:31.396Z'),
(571, 41.41, 90574.00, 2292.28, '2025-03-03T15:44:01.396Z'),
(572, 41.41, 90574.00, 2292.28, '2025-03-03T15:44:31.396Z'),
(573, 41.41, 90574.00, 2292.28, '2025-03-03T15:45:01.396Z'),
(574, 41.41, 90574.00, 2292.28, '2025-03-03T15:45:31.397Z'),
(575, 41.41, 90574.00, 2292.28, '2025-03-03T15:46:01.398Z'),
(576, 41.41, 90574.00, 2292.28, '2025-03-03T15:46:31.398Z'),
(577, 41.41, 90628.00, 2295.11, '2025-03-03T15:47:01.638Z'),
(578, 41.41, 90628.00, 2295.11, '2025-03-03T15:47:31.398Z'),
(579, 41.41, 90628.00, 2295.11, '2025-03-03T15:48:01.399Z'),
(580, 41.41, 90628.00, 2295.11, '2025-03-03T15:48:31.399Z'),
(581, 41.41, 90628.00, 2295.11, '2025-03-03T15:49:01.399Z'),
(582, 41.41, 90628.00, 2295.11, '2025-03-03T15:49:31.399Z'),
(583, 41.41, 90628.00, 2295.11, '2025-03-03T15:50:01.401Z'),
(584, 41.41, 90628.00, 2295.11, '2025-03-03T15:50:31.402Z'),
(585, 41.41, 90628.00, 2295.11, '2025-03-03T15:51:01.403Z'),
(586, 41.41, 90628.00, 2295.11, '2025-03-03T15:51:31.404Z'),
(587, 41.41, 90628.00, 2295.11, '2025-03-03T15:52:01.405Z'),
(588, 41.41, 90484.00, 2292.29, '2025-03-03T15:52:31.628Z'),
(589, 41.41, 90484.00, 2292.29, '2025-03-03T15:53:01.406Z'),
(590, 41.41, 90690.00, 2299.25, '2025-03-03T15:53:30.010Z'),
(591, 41.41, 90690.00, 2299.25, '2025-03-03T15:53:58.386Z'),
(592, 41.41, 90731.00, 2298.86, '2025-03-03T15:55:11.933Z'),
(593, 41.41, 90731.00, 2298.86, '2025-03-03T15:55:40.509Z'),
(594, 41.41, 90731.00, 2298.86, '2025-03-03T15:56:10.508Z'),
(595, 41.41, 90731.00, 2298.86, '2025-03-03T15:56:40.510Z'),
(596, 41.41, 90625.00, 2296.75, '2025-03-03T15:57:08.098Z'),
(597, 41.41, 90731.00, 2298.86, '2025-03-03T15:57:10.511Z'),
(598, 41.41, 90625.00, 2296.75, '2025-03-03T15:57:37.119Z'),
(599, 41.41, 90731.00, 2298.86, '2025-03-03T15:57:40.512Z'),
(600, 41.41, 90625.00, 2296.75, '2025-03-03T15:58:07.128Z'),
(601, 41.41, 90731.00, 2298.86, '2025-03-03T15:58:10.512Z'),
(603, 41.41, 90731.00, 2298.86, '2025-03-03T15:58:40.514Z'),
(605, 41.41, 90731.00, 2298.86, '2025-03-03T15:59:10.515Z'),
(607, 41.41, 90731.00, 2298.86, '2025-03-03T15:59:40.515Z'),
(602, 41.41, 90625.00, 2296.75, '2025-03-03T15:58:37.158Z'),
(604, 41.41, 90625.00, 2296.75, '2025-03-03T15:59:07.177Z'),
(606, 41.41, 90625.00, 2296.75, '2025-03-03T15:59:37.207Z'),
(608, 41.41, 90625.00, 2296.75, '2025-03-03T16:00:07.235Z'),
(609, 41.41, 90363.00, 2291.03, '2025-03-03T16:00:11.847Z'),
(610, 41.41, 90625.00, 2296.75, '2025-03-03T16:00:37.260Z'),
(611, 41.41, 90363.00, 2291.03, '2025-03-03T16:00:40.760Z'),
(612, 41.41, 90625.00, 2296.75, '2025-03-03T16:01:07.292Z'),
(613, 41.41, 90093.00, 2285.95, '2025-03-03T16:01:17.413Z'),
(614, 41.41, 90625.00, 2296.75, '2025-03-03T16:01:37.322Z'),
(615, 41.41, 90093.00, 2285.95, '2025-03-03T16:01:46.695Z'),
(616, 41.41, 90625.00, 2296.75, '2025-03-03T16:02:07.352Z'),
(617, 41.41, 90093.00, 2285.95, '2025-03-03T16:02:16.696Z'),
(618, 41.41, 90040.00, 2283.57, '2025-03-03T16:02:37.621Z'),
(619, 41.41, 90093.00, 2285.95, '2025-03-03T16:02:46.697Z'),
(620, 41.41, 90040.00, 2283.57, '2025-03-03T16:03:07.407Z'),
(621, 41.41, 90093.00, 2285.95, '2025-03-03T16:03:16.698Z'),
(622, 41.41, 90040.00, 2283.57, '2025-03-03T16:03:37.437Z'),
(623, 41.41, 90093.00, 2285.95, '2025-03-03T16:03:46.699Z'),
(624, 41.41, 90040.00, 2283.57, '2025-03-03T16:04:07.468Z'),
(625, 41.41, 90093.00, 2285.95, '2025-03-03T16:04:16.700Z'),
(626, 41.41, 90040.00, 2283.57, '2025-03-03T16:04:37.497Z'),
(627, 41.41, 90093.00, 2285.95, '2025-03-03T16:04:46.701Z'),
(628, 41.41, 90040.00, 2283.57, '2025-03-03T16:05:07.527Z'),
(629, 41.41, 90093.00, 2285.95, '2025-03-03T16:05:16.702Z'),
(630, 41.41, 90040.00, 2283.57, '2025-03-03T16:05:37.558Z'),
(631, 41.41, 90093.00, 2285.95, '2025-03-03T16:05:46.703Z'),
(632, 41.41, 90040.00, 2283.57, '2025-03-03T16:06:07.588Z'),
(633, 41.41, 90093.00, 2285.95, '2025-03-03T16:06:16.704Z'),
(634, 41.41, 90040.00, 2283.57, '2025-03-03T16:06:37.618Z'),
(635, 41.41, 90182.00, 2288.46, '2025-03-03T16:06:46.890Z'),
(636, 41.41, 90040.00, 2283.57, '2025-03-03T16:07:07.647Z'),
(637, 41.41, 90182.00, 2288.46, '2025-03-03T16:07:16.705Z'),
(638, 41.41, 90176.00, 2288.58, '2025-03-03T16:07:37.891Z'),
(639, 41.41, 90182.00, 2288.46, '2025-03-03T16:07:46.705Z'),
(640, 41.41, 90176.00, 2288.58, '2025-03-03T16:08:07.704Z'),
(641, 41.41, 90182.00, 2288.46, '2025-03-03T16:08:16.706Z'),
(642, 41.41, 90176.00, 2288.58, '2025-03-03T16:08:37.733Z'),
(643, 41.41, 90182.00, 2288.46, '2025-03-03T16:08:46.707Z'),
(644, 41.41, 90176.00, 2288.58, '2025-03-03T16:09:07.762Z'),
(645, 41.41, 90182.00, 2288.46, '2025-03-03T16:09:16.707Z'),
(646, 41.41, 90176.00, 2288.58, '2025-03-03T16:09:37.792Z'),
(647, 41.41, 90182.00, 2288.46, '2025-03-03T16:09:46.708Z'),
(648, 41.41, 90176.00, 2288.58, '2025-03-03T16:10:07.823Z'),
(649, 41.41, 90182.00, 2288.46, '2025-03-03T16:10:16.708Z'),
(650, 41.41, 90022.00, 2284.46, '2025-03-03T16:10:20.499Z');
