INSERT INTO users (id, username, password, is_regulator, regulator_balance, last_nft_generation, nft_generation_count) VALUES
(47, 'CryptoTrader2025', 'hash1.salt1', false, 0.00000000, NULL, 0),
(48, 'FiatExchanger', 'hash2.salt2', false, 0.00000000, NULL, 0),
(49, 'UAHTrader', 'hash3.salt3', false, 0.00000000, NULL, 0),
(50, 'BTCMaster', 'hash4.salt4', false, 0.00000000, NULL, 0),
(51, 'CryptoKing2025', 'hash5.salt5', false, 0.00000000, NULL, 0),
(52, 'USDTrader', 'hash6.salt6', false, 0.00000000, NULL, 0),
(53, 'UAHMaster', 'hash7.salt7', false, 0.00000000, NULL, 0),
(54, 'CryptoQueen', 'hash8.salt8', false, 0.00000000, NULL, 0),
(55, 'BTCTrader', 'hash9.salt9', false, 0.00000000, NULL, 0),
(56, 'GlobalTrader', 'hash10.salt10', false, 0.00000000, NULL, 0),
(57, 'MarketMaker2025', 'hash11.salt11', false, 0.00000000, NULL, 0),
(58, 'ExchangePro', 'hash12.salt12', false, 0.00000000, NULL, 0),
(59, 'CryptoExpert', 'hash13.salt13', false, 0.00000000, NULL, 0),
(60, 'FinanceGuru', 'hash14.salt14', false, 0.00000000, NULL, 0),
(41, 'admin', '73992c62ca47be0e8d949ad8df64324bae8f542007c0f2ef886f1b39418963c8b4ccc9c63939340a0a0f9c96d170dd0705075c728a35c76e3c340650970417cc.32567ef87fc584ec22cea70d4dbd6f46', true, 4389.12345678, NULL, 0),
(42, 'Kich32', 'dda845d60595df05ca8c90a32c72f721eaa6f73bfa8a25a063f1981fe45b87910c31bc45a7724ab945b1a9e33a0a68b08e2296fb73b960877d85c57b42ac5ff7.e307a6994d6eb04c87392ce530309630', false, 0.00000000, NULL, 0),
(43, 'Tod Kolinsk', '5ef77cb19fc9406965acb4e028683a124ca1ebb17b338208661127275f108424d8af6b26dea963f3570d1d8939d2ec7a4a8b32fc191a9551832e611a90b4ac4d.a877e8fe8f6f620a3a7589d048534602', false, 0.00000000, NULL, 0),
(44, 'olektreyd@gmail.com', '9187c19246b7ef132ba5cff07bf1a528b8e19c112dbdaea27045df3e77408c479bac1a59225e4aef6409f1aa337cd490cebbdf50866d478477d01aac95184c6e.440d8cd7817ef5d331a7345b64eb6b41', false, 0.00000000, NULL, 0),
(45, 'Nikita', 'c6e6ad1df7ccd60cb6d2948ae04ac83da3e8608a37f544f7650c52c5271c027e6aa6aa8cf5618cfd951ee33fd6a2a83b0badfc2ad2992d8e3e54ad5f0e110553.345c80e97a319d2a0a275f7031c672b3', false, 0.00000000, NULL, 0),
(46, 'Maksim4440432', '07f040ac39b3254bcbf515cab85c28458bb1c85f31533340fae085449eddc73095dd1d37f1d5c132fdcf2df6d116aef9af57f511208936af7745c0ff87330d9c.3bc39831b34601ec4b225bb10900ea4c', false, 0.00000000, NULL, 0);

INSERT INTO cards (id, user_id, type, number, expiry, cvv, balance, btc_balance, eth_balance, btc_address, eth_address) VALUES
(62, 41, 'crypto', '4000006433994864', '12/25', '838', 0.00000000, 9.16258550, 97.64614381, 'bc18b62f37419dcd708a3e325e6db392c84', '0x7a2bd23508e657ff59a7c3b54333fdf0'),
(63, 41, 'usd', '4111003175619976', '12/25', '577', 20830.02000000, 0.00000000, 0.00000000, NULL, NULL),
(64, 41, 'uah', '4222001293329279', '12/25', '204', 49255.42000000, 0.00000000, 0.00000000, NULL, NULL),
(65, 42, 'crypto', '4000008139177125', '12/25', '816', 0.00000000, 0.30410657, 39.69660251, 'bc11de603b0a48c57dbe059c116ae33698b', '0x80a233c6d39b4864910c232d8b5f232b'),
(66, 42, 'usd', '4111001328996180', '12/25', '471', 38461.32000000, 0.00000000, 0.00000000, NULL, NULL),
(67, 42, 'uah', '4222002003400386', '12/25', '800', 467075.52000000, 0.00000000, 0.00000000, NULL, NULL),
(68, 43, 'crypto', '4000009552853901', '12/25', '147', 0.00000000, 8.82902702, 74.34507977, 'bc122d7e3f93df7d7408a2ee84816e6c5db', '0xf75012e14bead9148a20ae7f9f1a0cb8'),
(69, 43, 'usd', '4111001658589467', '12/25', '856', 11921.43000000, 0.00000000, 0.00000000, NULL, NULL),
(70, 43, 'uah', '4222003875772633', '12/25', '355', 963191.98000000, 0.00000000, 0.00000000, NULL, NULL),
(71, 44, 'crypto', '4000000271864270', '12/25', '291', 0.00000000, 1.30052919, 15.69277014, 'bc1008e9e68853ce22ed47f315339504a44', '0x1939c541343602710b8608735bba7306'),
(72, 44, 'usd', '4111006595423544', '12/25', '473', 48967.30000000, 0.00000000, 0.00000000, NULL, NULL),
(73, 44, 'uah', '4222008708240619', '12/25', '823', 65198.55000000, 0.00000000, 0.00000000, NULL, NULL),
(74, 45, 'crypto', '4000006629734345', '12/25', '806', 0.00000000, 6.68430094, 8.92864394, 'bc150d5a0374da1abd840f0e1b868aebd34', '0xf0ed418a52c5bbbe7bb59306f7e8ecd9'),
(75, 45, 'usd', '4111005003168252', '12/25', '157', 50763.01000000, 0.00000000, 0.00000000, NULL, NULL),
(76, 45, 'uah', '4222006540081422', '12/25', '240', 731826.83000000, 0.00000000, 0.00000000, NULL, NULL),
(77, 46, 'crypto', '4000009058508871', '12/25', '740', 0.00000000, 1.67067066, 26.95256899, 'bc124f821b167c4b65f86a1c0d3f9c631e3', '0x0068b2ae91dbfb0d3064a4a7a90073f5'),
(78, 46, 'usd', '4111003320966624', '12/25', '891', 46431.27000000, 0.00000000, 0.00000000, NULL, NULL),
(79, 46, 'uah', '4222005408381168', '12/25', '558', 564579.48000000, 0.00000000, 0.00000000, NULL, NULL),
(80, 47, 'crypto', '4000001587011734', '12/25', '569', 0.00000000, 9.61052128, 82.37503380, 'bc102a6c631f455afed8cc579ef50e191ad', '0x8b8795b152d761198b603fb4e50aa343'),
(81, 47, 'usd', '4111008503420561', '12/25', '840', 4381.28000000, 0.00000000, 0.00000000, NULL, NULL),
(82, 47, 'uah', '4222001535673158', '12/25', '635', 299124.00000000, 0.00000000, 0.00000000, NULL, NULL),
(83, 48, 'crypto', '4000000293065347', '12/25', '583', 0.00000000, 4.15543196, 4.52735055, 'bc10f827a0be0ce8535fb8890967cc1c1e6', '0xfb1f55b4b7bfa4c44138a2f72f4b6a89'),
(84, 48, 'usd', '4111005502658747', '12/25', '954', 8248.86000000, 0.00000000, 0.00000000, NULL, NULL),
(85, 48, 'uah', '4222001179972222', '12/25', '250', 234303.62000000, 0.00000000, 0.00000000, NULL, NULL),
(86, 49, 'crypto', '4000006269864850', '12/25', '577', 0.00000000, 8.06387252, 32.74671230, 'bc199f6601a459d345285d1c79c0d4c43bc', '0x2965ae8de5b34e54e549c11e3a09a160'),
(87, 49, 'usd', '4111002574266267', '12/25', '613', 44853.03000000, 0.00000000, 0.00000000, NULL, NULL),
(88, 49, 'uah', '4222002647976765', '12/25', '438', 298430.45000000, 0.00000000, 0.00000000, NULL, NULL),
(89, 50, 'crypto', '4000001770347800', '12/25', '759', 0.00000000, 6.27481003, 75.20374049, 'bc17b40a562edd28b6542dbbba8c354b700', '0x87111e1afba1fec2e5efcf1ff87dbefd'),
(90, 50, 'usd', '4111007889422032', '12/25', '492', 46022.86000000, 0.00000000, 0.00000000, NULL, NULL),
(91, 50, 'uah', '4222003782445363', '12/25', '345', 37377.67000000, 0.00000000, 0.00000000, NULL, NULL),
(92, 51, 'crypto', '4000003733859907', '12/25', '830', 0.00000000, 4.44433298, 65.21340794, 'bc14125dcabd6a70b5cc09ce04a3456e450', '0xe988d4c122d06e9534ed4703dd41d32a'),
(93, 51, 'usd', '4111009559464146', '12/25', '617', 20976.09000000, 0.00000000, 0.00000000, NULL, NULL),
(94, 51, 'uah', '4222007940652341', '12/25', '844', 326297.00000000, 0.00000000, 0.00000000, NULL, NULL),
(95, 52, 'crypto', '4000002071468994', '12/25', '866', 0.00000000, 7.32531376, 46.92957202, 'bc155809089e2e8fe9a801ee94c8f724c8b', '0x20ca4e5bbda21d0ca16b5971b485da53'),
(96, 52, 'usd', '4111005384618225', '12/25', '107', 26436.82000000, 0.00000000, 0.00000000, NULL, NULL),
(97, 52, 'uah', '4222007238249701', '12/25', '747', 774018.68000000, 0.00000000, 0.00000000, NULL, NULL),
(98, 53, 'crypto', '4000000471181515', '12/25', '302', 0.00000000, 5.45639280, 4.03844874, 'bc1343fb6ae14c52df93517a2c783de2723', '0x2a846e9ea8dacf3f6a4e9cf8ca2ab28d'),
(99, 53, 'usd', '4111008215476325', '12/25', '975', 20930.99000000, 0.00000000, 0.00000000, NULL, NULL),
(100, 53, 'uah', '4222006947502646', '12/25', '255', 899988.24000000, 0.00000000, 0.00000000, NULL, NULL),
(101, 54, 'crypto', '4000007294535946', '12/25', '247', 0.00000000, 7.67241029, 3.56616628, 'bc1e871135f3eebc9d4f0c08a4cff6d6472', '0xea0a6b7b77da96c32b7b19980d1ff757'),
(102, 54, 'usd', '4111003505130402', '12/25', '339', 16305.46000000, 0.00000000, 0.00000000, NULL, NULL),
(103, 54, 'uah', '4222001621348843', '12/25', '529', 247551.16000000, 0.00000000, 0.00000000, NULL, NULL),
(104, 55, 'crypto', '4000002514028931', '12/25', '144', 0.00000000, 0.30646528, 15.27958757, 'bc13f492e7968a0af6e3605ead5b48a5410', '0xa338415a9c32e5d700c2e689def0a624'),
(105, 55, 'usd', '4111000113644033', '12/25', '969', 41977.92000000, 0.00000000, 0.00000000, NULL, NULL),
(106, 55, 'uah', '4222006915413019', '12/25', '429', 103130.06000000, 0.00000000, 0.00000000, NULL, NULL),
(107, 56, 'crypto', '4000007964458001', '12/25', '201', 0.00000000, 7.15753936, 3.42736859, 'bc17fd7b8c2a971fd1b02868a45c89e64bc', '0xdda8b870ec05e008a301dc7d6888e7b1'),
(108, 56, 'usd', '4111003888544578', '12/25', '137', 14711.16000000, 0.00000000, 0.00000000, NULL, NULL),
(109, 56, 'uah', '4222002975959553', '12/25', '712', 192525.19000000, 0.00000000, 0.00000000, NULL, NULL),
(110, 57, 'crypto', '4000002786612398', '12/25', '365', 0.00000000, 0.84498854, 61.43926329, 'bc12d610bc1761fc627c6ca6c15e509faa8', '0x4096ac165a5cc2006572badfc31d1e0d'),
(111, 57, 'usd', '4111007309482032', '12/25', '838', 26471.20000000, 0.00000000, 0.00000000, NULL, NULL),
(112, 57, 'uah', '4222003201079441', '12/25', '346', 270859.71000000, 0.00000000, 0.00000000, NULL, NULL),
(113, 58, 'crypto', '4000009311128774', '12/25', '607', 0.00000000, 8.38504918, 30.49229665, 'bc1a273633b56d0045d036262718b56e15d', '0xfdb4848eb85470d395e3bc8c5335bdaa'),
(114, 58, 'usd', '4111000621887497', '12/25', '604', 49256.89000000, 0.00000000, 0.00000000, NULL, NULL),
(115, 58, 'uah', '4222007376522594', '12/25', '985', 240299.57000000, 0.00000000, 0.00000000, NULL, NULL),
(116, 59, 'crypto', '4000007061131805', '12/25', '441', 0.00000000, 2.57250506, 37.83531629, 'bc1a89222efdbaee28d2b2b59d5f0714f8b', '0x4b1f2c26de6f0e97e7c4532e538cfdcc'),
(117, 59, 'usd', '4111004572495286', '12/25', '269', 20156.85000000, 0.00000000, 0.00000000, NULL, NULL),
(118, 59, 'uah', '4222004199521216', '12/25', '772', 501683.95000000, 0.00000000, 0.00000000, NULL, NULL),
(119, 60, 'crypto', '4000007213981377', '12/25', '899', 0.00000000, 6.71474392, 74.18388580, 'bc1b84fefb86f3f871ce7d40a983c1e1bf8', '0x9d245b7e149c40c6b815debb0e44a66f'),
(120, 60, 'usd', '4111005856792468', '12/25', '309', 29329.62000000, 0.00000000, 0.00000000, NULL, NULL),
(121, 60, 'uah', '4222001480052150', '12/25', '221', 358691.00000000, 0.00000000, 0.00000000, NULL, NULL);

INSERT INTO transactions (id, from_card_id, to_card_id, amount, converted_amount, type, wallet, status, created_at, description, from_card_number, to_card_number) VALUES
(1, 62, 71, 3.18801645, 60258.86329130, 'commission', NULL, 'completed', '2025-02-26T03:07:12.175Z', 'Продажа ETH', '4000006433994864', '4000000271864270'),
(2, 62, 78, 0.43657835, 150815.10600018, 'exchange', NULL, 'completed', '2025-02-05T12:31:56.254Z', 'Обмен USD/UAH', '4000006433994864', '4111003320966624'),
(3, 62, 84, 2.81280321, 9395.69948480, 'commission', NULL, 'completed', '2025-02-06T05:48:47.003Z', 'Перевод BTC', '4000006433994864', '4111005502658747'),
(4, 62, 85, 3.42464878, 117059.40849595, 'transfer', NULL, 'completed', '2025-03-02T03:00:41.563Z', 'Перевод BTC', '4000006433994864', '4222001179972222'),
(5, 62, 108, 1.02095882, 112665.53395300, 'transfer', '0x3ab6a0d0820f67ada26f7c726daefa94', 'completed', '2025-02-22T13:01:30.176Z', 'Продажа ETH', '4000006433994864', '4111003888544578'),
(6, 63, 66, 1.24929724, 41408.55464084, 'transfer', '0xacea183e17a3429ea718630520b8de48', 'completed', '2025-02-16T11:55:33.727Z', 'Перевод BTC', '4111003175619976', '4111001328996180'),
(7, 63, 76, 0.73806432, 81402.19048823, 'exchange', '0x44da5d43627f890a1481d9b7bf4cce9b', 'completed', '2025-02-09T01:02:31.807Z', 'Покупка BTC', '4111003175619976', '4222006540081422'),
(8, 63, 85, 4.40457649, 83620.68824434, 'commission', NULL, 'completed', '2025-02-17T11:47:56.005Z', 'Комиссия за транзакцию', '4111003175619976', '4222001179972222'),
(9, 63, 89, 3.96238121, 168419.32159897, 'commission', NULL, 'completed', '2025-02-23T04:58:48.893Z', 'Перевод BTC', '4111003175619976', '4000001770347800'),
(10, 63, 93, 4.78374988, 110120.92597303, 'exchange', NULL, 'completed', '2025-02-10T19:53:29.292Z', 'Продажа ETH', '4111003175619976', '4111009559464146'),
(11, 63, 114, 2.04177807, 166038.73771576, 'exchange', '0x19b6a134d87aa135c35233eb605a26a5', 'completed', '2025-02-28T15:34:59.675Z', 'Продажа ETH', '4111003175619976', '4111000621887497'),
(12, 64, 67, 1.34102646, 154143.89794356, 'exchange', '0x343a681f92ad658c1a408698e3859bde', 'completed', '2025-03-04T09:18:44.034Z', 'Покупка BTC', '4222001293329279', '4222002003400386'),
(13, 64, 92, 3.29991576, 29009.36487411, 'commission', NULL, 'completed', '2025-02-13T17:17:59.433Z', 'Продажа ETH', '4222001293329279', '4000003733859907'),
(14, 65, 64, 4.43077882, 84459.19894170, 'exchange', NULL, 'completed', '2025-02-27T11:46:59.665Z', 'Обмен USD/UAH', '4000008139177125', '4222001293329279'),
(15, 65, 71, 4.29115933, 102232.31606315, 'transfer', NULL, 'completed', '2025-03-02T09:26:29.383Z', 'Обмен USD/UAH', '4000008139177125', '4000000271864270'),
(16, 65, 93, 2.44399820, 45672.11997877, 'transfer', NULL, 'completed', '2025-03-03T15:10:10.681Z', 'Перевод BTC', '4000008139177125', '4111009559464146'),
(17, 65, 98, 3.43108439, 83421.83988624, 'exchange', '0x84af4e82483b9d7e5406a1077059deec', 'completed', '2025-03-02T00:47:32.069Z', 'Перевод BTC', '4000008139177125', '4000000471181515'),
(18, 66, 62, 3.96434057, 50758.81836835, 'transfer', NULL, 'completed', '2025-03-03T13:32:59.454Z', 'Перевод BTC', '4111001328996180', '4000006433994864'),
(19, 66, 71, 0.60817551, 151025.36713792, 'exchange', NULL, 'completed', '2025-02-18T20:06:51.850Z', 'Продажа ETH', '4111001328996180', '4000000271864270'),
(20, 66, 77, 0.18864421, 129914.69998419, 'exchange', '0x0eecff2e97cd9b3ad2e142746396d81a', 'completed', '2025-02-04T12:19:25.321Z', 'Покупка BTC', '4111001328996180', '4000009058508871'),
(21, 66, 81, 0.66552772, 16593.14672445, 'exchange', '0x3410c29b1df38a37d907755957403699', 'completed', '2025-03-03T13:57:26.431Z', 'Обмен USD/UAH', '4111001328996180', '4111008503420561'),
(22, 66, 96, 4.43599887, 62792.76860589, 'exchange', '0x36ac46dbf1c5664c3895a83a5e0264c9', 'completed', '2025-02-12T08:37:00.528Z', 'Комиссия за транзакцию', '4111001328996180', '4111005384618225'),
(23, 66, 105, 3.18168407, 118127.09288340, 'commission', NULL, 'completed', '2025-02-13T09:45:18.822Z', 'Покупка BTC', '4111001328996180', '4111000113644033'),
(24, 66, 108, 4.11051147, 200906.16866239, 'transfer', '0x228faf9ebaf81237489f28959fff865e', 'completed', '2025-02-20T09:05:19.232Z', 'Обмен USD/UAH', '4111001328996180', '4111003888544578'),
(25, 66, 117, 4.38162795, 53353.55797909, 'commission', NULL, 'completed', '2025-02-20T03:31:36.577Z', 'Обмен USD/UAH', '4111001328996180', '4111004572495286'),
(26, 67, 74, 2.90737568, 67239.71136620, 'transfer', '0x041627051c87f3fbebe3770269870091', 'completed', '2025-03-02T04:45:07.108Z', 'Продажа ETH', '4222002003400386', '4000006629734345'),
(27, 67, 78, 3.70991508, 26780.67585044, 'commission', '0x1d558339a41a5b1224ac2f8eefffc36b', 'completed', '2025-02-06T16:46:21.209Z', 'Комиссия за транзакцию', '4222002003400386', '4111003320966624'),
(28, 67, 102, 3.07366182, 110827.32843370, 'exchange', NULL, 'completed', '2025-02-10T17:29:51.695Z', 'Комиссия за транзакцию', '4222002003400386', '4111003505130402'),
(29, 67, 106, 4.62380873, 110170.14009412, 'commission', NULL, 'completed', '2025-02-28T11:02:29.061Z', 'Обмен USD/UAH', '4222002003400386', '4222006915413019'),
(30, 67, 118, 0.11900165, 133492.08235398, 'transfer', '0xcdf09c56b1f40d40d84038bdfe59e44f', 'completed', '2025-02-23T11:34:49.173Z', 'Продажа ETH', '4222002003400386', '4222004199521216'),
(31, 68, 79, 0.70766224, 123108.79687166, 'commission', '0x5f6637f62dc794c27db35278ef5d297f', 'completed', '2025-02-25T03:45:23.631Z', 'Комиссия за транзакцию', '4000009552853901', '4222005408381168'),
(32, 68, 91, 3.60974461, 176676.38740029, 'exchange', '0xcd57e4bf6ce85d53ea1c31eedfdc9ec7', 'completed', '2025-02-06T19:14:05.490Z', 'Покупка BTC', '4000009552853901', '4222003782445363'),
(33, 69, 68, 4.19041540, 197185.51114930, 'exchange', NULL, 'completed', '2025-02-09T20:28:30.628Z', 'Продажа ETH', '4111001658589467', '4000009552853901'),
(34, 69, 71, 4.67819927, 175036.62135966, 'exchange', NULL, 'completed', '2025-02-12T11:31:45.407Z', 'Обмен USD/UAH', '4111001658589467', '4000000271864270'),
(35, 69, 72, 0.39672923, 30281.91634475, 'transfer', NULL, 'completed', '2025-02-18T13:44:41.877Z', 'Продажа ETH', '4111001658589467', '4111006595423544'),
(36, 69, 77, 4.24280571, 43526.66276913, 'exchange', '0x435fae05383b737fd01f2b06966aa762', 'completed', '2025-02-27T20:52:21.807Z', 'Комиссия за транзакцию', '4111001658589467', '4000009058508871'),
(37, 69, 86, 2.91113830, 122739.44092307, 'commission', NULL, 'completed', '2025-02-15T11:39:48.046Z', 'Обмен USD/UAH', '4111001658589467', '4000006269864850'),
(38, 69, 93, 0.54133482, 80257.91976962, 'exchange', NULL, 'completed', '2025-02-28T22:54:50.219Z', 'Обмен USD/UAH', '4111001658589467', '4111009559464146'),
(39, 69, 95, 0.47804781, 12719.78092447, 'exchange', '0x3f5ab8f3dcd0c31cc2d218e461e1e2df', 'completed', '2025-02-07T20:17:36.462Z', 'Продажа ETH', '4111001658589467', '4000002071468994'),
(40, 69, 98, 3.45755901, 110486.25302892, 'exchange', '0x77d858f2e2aad9af8ad733ebeaaa5361', 'completed', '2025-02-28T06:10:13.899Z', 'Продажа ETH', '4111001658589467', '4000000471181515'),
(41, 69, 100, 2.92382093, 70249.54747023, 'exchange', NULL, 'completed', '2025-03-02T18:41:58.353Z', 'Перевод BTC', '4111001658589467', '4222006947502646'),
(42, 69, 109, 4.88044033, 153088.72725988, 'commission', NULL, 'completed', '2025-02-25T05:59:17.376Z', 'Продажа ETH', '4111001658589467', '4222002975959553'),
(43, 69, 119, 0.65344709, 93896.36506571, 'transfer', '0xa03d1ab7f0a557f901dd3bfcd3c6df25', 'completed', '2025-03-03T09:34:26.137Z', 'Комиссия за транзакцию', '4111001658589467', '4000007213981377'),
(44, 69, 120, 3.02666990, 111909.28096602, 'commission', '0xa24c678a109d7a7af38c9dad381d747d', 'completed', '2025-03-03T18:20:48.795Z', 'Продажа ETH', '4111001658589467', '4111005856792468'),
(45, 70, 66, 5.07828364, 91691.69174383, 'exchange', '0x1b26214c328ef9271878354aeafb781c', 'completed', '2025-02-26T15:00:43.307Z', 'Продажа ETH', '4222003875772633', '4111001328996180'),
(46, 70, 77, 3.13096211, 152519.68509322, 'transfer', NULL, 'completed', '2025-02-24T21:18:29.894Z', 'Комиссия за транзакцию', '4222003875772633', '4000009058508871'),
(47, 70, 104, 4.07055404, 105850.24362868, 'exchange', '0x531ed1b464fa7dae881c8e9e2f0442f2', 'completed', '2025-02-21T23:49:21.264Z', 'Комиссия за транзакцию', '4222003875772633', '4000002514028931'),
(48, 71, 83, 2.06296362, 3377.62678071, 'exchange', NULL, 'completed', '2025-03-05T06:59:56.163Z', 'Покупка BTC', '4000000271864270', '4000000293065347'),
(49, 71, 90, 4.76099298, 156369.66201445, 'exchange', NULL, 'completed', '2025-02-07T06:29:26.123Z', 'Обмен USD/UAH', '4000000271864270', '4111007889422032'),
(50, 71, 97, 2.32267512, 124345.06733930, 'exchange', '0x6b60f7e74328b5ea20737013bbed7ef6', 'completed', '2025-02-21T15:29:09.870Z', 'Обмен USD/UAH', '4000000271864270', '4222007238249701'),
(51, 71, 110, 2.73175804, 89059.90312118, 'commission', NULL, 'completed', '2025-02-27T10:01:36.609Z', 'Перевод BTC', '4000000271864270', '4000002786612398'),
(52, 72, 65, 3.91357255, 123489.52743900, 'exchange', '0xbd21199350672fa5fdd1edbde2c4ceeb', 'completed', '2025-02-04T02:18:37.113Z', 'Продажа ETH', '4111006595423544', '4000008139177125'),
(53, 72, 75, 2.81359057, 19797.10013272, 'commission', NULL, 'completed', '2025-03-03T03:36:15.411Z', 'Обмен USD/UAH', '4111006595423544', '4111005003168252'),
(54, 72, 77, 1.33211848, 144077.90406882, 'exchange', '0x0e14313796edad41be36b8c36e97ef05', 'completed', '2025-03-02T14:45:18.726Z', 'Комиссия за транзакцию', '4111006595423544', '4000009058508871'),
(55, 72, 87, 0.55335503, 11299.48128925, 'exchange', NULL, 'completed', '2025-02-06T23:33:52.321Z', 'Комиссия за транзакцию', '4111006595423544', '4111002574266267'),
(56, 72, 90, 2.97736918, 34683.19638540, 'exchange', '0xd17f53952082f641c752f61c289d0acd', 'completed', '2025-02-25T03:39:03.533Z', 'Комиссия за транзакцию', '4111006595423544', '4111007889422032'),
(57, 72, 99, 1.96283335, 23824.27536703, 'transfer', '0x203fa44f611ba17c1d2b0420d9a025c0', 'completed', '2025-02-18T22:23:01.680Z', 'Комиссия за транзакцию', '4111006595423544', '4111008215476325'),
(58, 72, 105, 0.81209816, 22961.28221759, 'exchange', NULL, 'completed', '2025-03-04T03:26:36.925Z', 'Перевод BTC', '4111006595423544', '4111000113644033'),
(59, 72, 106, 0.88773437, 156804.03728424, 'transfer', NULL, 'completed', '2025-02-14T09:41:16.597Z', 'Продажа ETH', '4111006595423544', '4222006915413019'),
(60, 73, 93, 2.08653137, 10985.97408295, 'commission', NULL, 'completed', '2025-02-11T10:04:04.061Z', 'Покупка BTC', '4222008708240619', '4111009559464146'),
(61, 73, 106, 4.93959030, 109475.31463742, 'transfer', '0x0f00365381af5213575c1b1e4d9b932d', 'completed', '2025-02-05T18:31:37.880Z', 'Продажа ETH', '4222008708240619', '4222006915413019'),
(62, 73, 113, 2.41141418, 16913.11126066, 'commission', NULL, 'completed', '2025-02-15T22:23:16.840Z', 'Обмен USD/UAH', '4222008708240619', '4000009311128774'),
(63, 73, 114, 2.15632008, 77604.03624943, 'exchange', NULL, 'completed', '2025-02-11T23:18:53.519Z', 'Продажа ETH', '4222008708240619', '4111000621887497'),
(64, 73, 118, 4.42053588, 117367.31090147, 'transfer', NULL, 'completed', '2025-02-13T11:58:57.411Z', 'Обмен USD/UAH', '4222008708240619', '4222004199521216'),
(65, 74, 65, 1.67630188, 197021.46247651, 'exchange', '0x29a10ba50175079e6b7084a97c6bb2b9', 'completed', '2025-03-03T01:11:37.119Z', 'Продажа ETH', '4000006629734345', '4000008139177125'),
(66, 74, 73, 1.95165731, 40558.79646560, 'commission', NULL, 'completed', '2025-02-28T23:31:03.392Z', 'Покупка BTC', '4000006629734345', '4222008708240619'),
(67, 74, 75, 3.50333906, 101468.12483952, 'transfer', '0x6e542db42785bae2cba402197f7b5fc8', 'completed', '2025-02-07T18:58:19.977Z', 'Обмен USD/UAH', '4000006629734345', '4111005003168252'),
(68, 74, 85, 4.72621787, 182154.93723123, 'exchange', NULL, 'completed', '2025-02-26T08:12:48.873Z', 'Продажа ETH', '4000006629734345', '4222001179972222'),
(69, 74, 88, 2.60015351, 158965.36971966, 'exchange', '0x22662da23d7f8bec59fe8a4ffd9b6000', 'completed', '2025-02-07T15:39:15.169Z', 'Продажа ETH', '4000006629734345', '4222002647976765'),
(70, 74, 111, 2.28978330, 72325.51205554, 'transfer', NULL, 'completed', '2025-02-16T14:09:10.874Z', 'Продажа ETH', '4000006629734345', '4111007309482032'),
(71, 75, 71, 3.79206034, 64652.05366607, 'exchange', NULL, 'completed', '2025-02-18T19:33:10.753Z', 'Продажа ETH', '4111005003168252', '4000000271864270'),
(72, 75, 83, 2.68866538, 170410.95772791, 'commission', '0x8eafaeab36ee07a83edb69db16b179bd', 'completed', '2025-02-23T05:29:14.957Z', 'Перевод BTC', '4111005003168252', '4000000293065347'),
(73, 75, 104, 1.75817337, 43691.10732934, 'commission', NULL, 'completed', '2025-03-01T13:06:33.831Z', 'Обмен USD/UAH', '4111005003168252', '4000002514028931'),
(74, 75, 105, 0.96954390, 112899.65035490, 'exchange', '0x5ce0be81b94a7073d9457bd58ee9948a', 'completed', '2025-02-21T16:07:17.338Z', 'Комиссия за транзакцию', '4111005003168252', '4111000113644033'),
(75, 75, 109, 1.49329678, 160044.29486817, 'transfer', NULL, 'completed', '2025-03-05T13:59:46.248Z', 'Обмен USD/UAH', '4111005003168252', '4222002975959553'),
(76, 76, 74, 2.33715743, 127296.02963129, 'transfer', NULL, 'completed', '2025-03-04T01:28:30.939Z', 'Покупка BTC', '4222006540081422', '4000006629734345'),
(77, 76, 78, 0.45868247, 118352.17735713, 'exchange', NULL, 'completed', '2025-02-23T05:28:21.006Z', 'Комиссия за транзакцию', '4222006540081422', '4111003320966624'),
(78, 76, 84, 0.21117252, 131793.63752542, 'exchange', '0x1cacbf0d93609dee7ef3a35b78c8e591', 'completed', '2025-02-23T22:52:01.079Z', 'Перевод BTC', '4222006540081422', '4111005502658747'),
(79, 76, 88, 1.80580794, 30792.42033760, 'exchange', '0x39d9f9914ca2549693f2f6a45b3699f4', 'completed', '2025-02-05T21:19:08.216Z', 'Покупка BTC', '4222006540081422', '4222002647976765'),
(80, 76, 96, 2.14380242, 190342.64231708, 'commission', '0xb3c2d7009c25e448b56064dd9db9e311', 'completed', '2025-02-03T22:32:17.384Z', 'Продажа ETH', '4222006540081422', '4111005384618225'),
(81, 76, 120, 2.21491536, 128640.24034211, 'transfer', NULL, 'completed', '2025-02-16T00:07:31.973Z', 'Продажа ETH', '4222006540081422', '4111005856792468'),
(82, 77, 65, 0.51516438, 131740.59151763, 'commission', '0x33d07b4edce518b440334d623aec6798', 'completed', '2025-03-05T15:47:38.146Z', 'Продажа ETH', '4000009058508871', '4000008139177125'),
(83, 77, 68, 2.18058476, 164324.80189085, 'exchange', NULL, 'completed', '2025-02-28T09:09:05.581Z', 'Покупка BTC', '4000009058508871', '4000009552853901'),
(84, 77, 80, 0.97953921, 75532.05522169, 'transfer', NULL, 'completed', '2025-03-02T13:08:21.955Z', 'Обмен USD/UAH', '4000009058508871', '4000001587011734'),
(85, 77, 82, 3.88274726, 20323.30792061, 'transfer', '0x21f7b30e094e0aba34c4a66142bcf00c', 'completed', '2025-02-18T21:59:46.329Z', 'Комиссия за транзакцию', '4000009058508871', '4222001535673158'),
(86, 77, 85, 4.59899436, 31323.80339651, 'exchange', '0x1f1cb71a961f8928d13238f07a9427bf', 'completed', '2025-03-03T12:06:50.760Z', 'Обмен USD/UAH', '4000009058508871', '4222001179972222'),
(87, 77, 93, 0.24969419, 6527.32153064, 'exchange', NULL, 'completed', '2025-02-05T05:26:07.646Z', 'Обмен USD/UAH', '4000009058508871', '4111009559464146'),
(88, 77, 99, 4.59199448, 101946.05112641, 'exchange', NULL, 'completed', '2025-02-21T09:39:04.819Z', 'Комиссия за транзакцию', '4000009058508871', '4111008215476325'),
(89, 77, 100, 1.75619901, 15457.95745886, 'commission', '0x0120505ce0ef2b2f882cc82eb0e1256f', 'completed', '2025-02-10T00:52:31.542Z', 'Комиссия за транзакцию', '4000009058508871', '4222006947502646'),
(90, 77, 115, 4.45620927, 5521.17276774, 'exchange', NULL, 'completed', '2025-02-05T22:25:18.793Z', 'Перевод BTC', '4000009058508871', '4222007376522594'),
(91, 78, 64, 4.55662457, 34324.33872274, 'commission', '0xcb81dcc32c0a9d72d3f5beb0ebb15d00', 'completed', '2025-02-27T18:02:04.925Z', 'Покупка BTC', '4111003320966624', '4222001293329279'),
(92, 78, 69, 3.59588313, 99422.89024397, 'exchange', NULL, 'completed', '2025-03-04T17:05:59.865Z', 'Продажа ETH', '4111003320966624', '4111001658589467'),
(93, 78, 71, 3.13119086, 55657.78248245, 'exchange', '0xfd8fa6b5ddf71663a101d366601307fb', 'completed', '2025-03-04T02:54:02.655Z', 'Продажа ETH', '4111003320966624', '4000000271864270'),
(94, 78, 75, 3.21656096, 21964.96604870, 'transfer', NULL, 'completed', '2025-02-22T02:56:21.264Z', 'Комиссия за транзакцию', '4111003320966624', '4111005003168252'),
(95, 78, 108, 1.15793365, 3658.82657892, 'commission', NULL, 'completed', '2025-02-19T12:20:28.580Z', 'Перевод BTC', '4111003320966624', '4111003888544578'),
(96, 78, 114, 0.28632775, 158601.58500734, 'exchange', '0x8d6bd0c1167fe63050a3005ccaf8908a', 'completed', '2025-03-02T08:39:09.938Z', 'Комиссия за транзакцию', '4111003320966624', '4111000621887497'),
(97, 79, 78, 0.44638249, 44766.55816104, 'commission', '0x19e14eede18974f5fae4e46b752f241a', 'completed', '2025-02-13T05:06:39.678Z', 'Продажа ETH', '4222005408381168', '4111003320966624'),
(98, 79, 86, 0.66147008, 108069.32965082, 'commission', '0x48da54558ca6d607e4242a04292ef590', 'completed', '2025-02-20T10:14:51.754Z', 'Продажа ETH', '4222005408381168', '4000006269864850'),
(99, 79, 87, 3.28223379, 69855.75057285, 'commission', '0xda6b591afdf2b1d1f56798de85a91554', 'completed', '2025-02-10T11:25:32.878Z', 'Продажа ETH', '4222005408381168', '4111002574266267'),
(100, 79, 103, 1.33408042, 30816.25985049, 'commission', NULL, 'completed', '2025-02-14T03:54:46.376Z', 'Продажа ETH', '4222005408381168', '4222001621348843');

INSERT INTO exchange_rates (id, usd_to_uah, btc_to_usd, eth_to_usd, updated_at) VALUES
(1, 37.00, 50000.00, 3000.00, '2025-03-04T23:00:00.000Z'),
(431, 41.59, 89502.00, 2189.58, '2025-03-05T17:52:28.718Z'),
(432, 41.59, 89804.00, 2195.53, '2025-03-05T17:52:56.201Z'),
(433, 41.59, 89804.00, 2195.53, '2025-03-05T17:53:23.652Z'),
(434, 41.59, 89804.00, 2195.53, '2025-03-05T17:53:53.653Z'),
(435, 41.59, 89804.00, 2195.53, '2025-03-05T17:54:23.654Z'),
(436, 41.59, 89804.00, 2195.53, '2025-03-05T17:54:53.654Z'),
(437, 41.59, 89804.00, 2195.53, '2025-03-05T17:55:23.654Z'),
(438, 41.59, 89804.00, 2195.53, '2025-03-05T17:55:53.655Z'),
(439, 41.59, 89804.00, 2195.53, '2025-03-05T17:56:23.655Z'),
(440, 41.59, 89804.00, 2195.53, '2025-03-05T17:56:53.656Z'),
(441, 41.59, 89804.00, 2195.53, '2025-03-05T17:57:23.656Z'),
(442, 41.59, 89804.00, 2195.53, '2025-03-05T17:57:53.657Z'),
(443, 41.59, 89836.00, 2191.40, '2025-03-05T17:58:23.962Z'),
(444, 41.59, 89836.00, 2191.40, '2025-03-05T17:58:53.658Z'),
(445, 41.59, 89836.00, 2191.40, '2025-03-05T17:59:23.658Z');
