INSERT INTO users (id, username, password, is_regulator, regulator_balance, last_nft_generation, nft_generation_count) VALUES
(5, 'Tod Kolinsk', 'dda845d60595df05ca8c90a32c72f721eaa6f73bfa8a25a063f1981fe45b87910c31bc45a7724ab945b1a9e33a0a68b08e2296fb73b960877d85c57b42ac5ff7.e307a6994d6eb04c87392ce530309630', false, 0.00000000, NULL, 0),
(6, 'Tod Kolins', '5ef77cb19fc9406965acb4e028683a124ca1ebb17b338208661127275f108424d8af6b26dea963f3570d1d8939d2ec7a4a8b32fc191a9551832e611a90b4ac4d.a877e8fe8f6f620a3a7589d048534602', false, 0.00000000, NULL, 0),
(2, 'Kich32', 'password123', false, 0.00000000, NULL, 0),
(7, 'olektreyd@gmail.com', '9187c19246b7ef132ba5cff07bf1a528b8e19c112dbdaea27045df3e77408c479bac1a59225e4aef6409f1aa337cd490cebbdf50866d478477d01aac95184c6e.440d8cd7817ef5d331a7345b64eb6b41', false, 0.00000000, NULL, 0),
(8, 'Nikita', 'c6e6ad1df7ccd60cb6d2948ae04ac83da3e8608a37f544f7650c52c5271c027e6aa6aa8cf5618cfd951ee33fd6a2a83b0badfc2ad2992d8e3e54ad5f0e110553.345c80e97a319d2a0a275f7031c672b3', false, 0.00000000, NULL, 0),
(9, 'Maksim4440432', '07f040ac39b3254bcbf515cab85c28458bb1c85f31533340fae085449eddc73095dd1d37f1d5c132fdcf2df6d116aef9af57f511208936af7745c0ff87330d9c.3bc39831b34601ec4b225bb10900ea4c', false, 0.00000000, NULL, 0),
(10, '1 g', 'a3a57271d41d1591da6c1c1bf889033a812bc225bc67397e5b1ce6c20cc29484ef2e4a84d0ee9122b9f287a1dddc6a55f3c7a386fb7fa88941d9285d94ae07c5.276f3bc1e701cad1cebd9ad03cc291a1', false, 0.00000000, NULL, 0),
(11, 'Miller ', 'bceecb61482bb5f672f47d4e8be3a9d3b1ad6fa84ac77b0ce6a402f72844d558b0e2c62198268049453f24bf7a1b72dd89cd068eefa18a6e554cf5372e2bbda8.8d56cf629d853514ac9775a56176587c', false, 0.00000000, NULL, 0),
(12, '6877', 'aaeb99e853f851a297f47a5883edc107310cc81fa53f75fa737ae12baae3a492ef6e4f56a652f220c8af5463a568470a4e642a200a0f7b5de019081d06cfbc2c.d0117dd2f3daf3923a4d00c2425fbc91', false, 0.00000000, NULL, 0),
(13, '1', 'd712134b93f00f1e14d3d80a0ba8a60babf90c965e1d4bb9ea6c16d3b72a37701291841cec8152d32e0b1f16fdf3ae39df122d1f4ecda2198fecdb5ad6f8dd0f.ec6732530dca428510483251f9aa9e21', false, 0.00000000, NULL, 0),
(14, 'Dimka', '6c09f7fc6dc81052322822e8b925a2e75e34eea027aba911a7a01f25a92f413b4e231304506057d7adff7a3f561a902cbbe670d5318991de95cf8487733033e9.e614b2009048cddd17eac92c9341da94', false, 0.00000000, NULL, 0),
(15, '2', 'ee5107ced647eff88796c1b1ad723a58492de993fdf56d5f6b3868ee5052014a68a00e8f6ab2b4b69884f05ae3cab66958c3600fb1c5d012ccad0bd2ab36a48b.50788c962d1238f45d61dfec68040a84', false, 0.00000000, NULL, 0),
(16, '2huy', '34934760eb4d9c9b8c7cc94c9da6bd1c303ec11115b3c434d69ba1c696cc807aaeeb6d72b4c8525c02a3c914c28f047a930c5567d72f895b3f4e1e4bfd645229.ed35588e3f5a5c7a73bb27e91db5a535', false, 0.00000000, NULL, 0),
(17, '4', '6c8b92e579546eec5fcd989d70b2ca29080b8ecfd086dbe49f06297c26c862fb862e0c9c22a336044eece23fb4cda2b41d8328e77856e8ec5df6a10fb3df7b58.6f51f4f51b760cfa0201fbda0e8b5d85', false, 0.00000000, NULL, 0),
(18, '5', '71e08f928de2c9c2b73da9687b0cb024993f0724e3bc05cf7fa86139809760b240b6537c58b7444c681443529e1dca79e044a7711f038cb4d7b25d1e78062e48.8b2dd39a53fa646e7a4b99cb3d8d115e', false, 0.00000000, NULL, 0),
(19, 'sergey1988', '806f7e7382a12d1cd4d456ac749114717de254d421b23fc6be3e82d1207d8254190165faa8182e7f9ace26299341ad844b178931e9d0f3b55842163b17aa2e11.fae8ea5578f000e04e67d40a0c850bba', false, 0.00000000, NULL, 0),
(20, '12', '194412e35b64c62441dc101fa007c24ed860ce087a5013ab21d6401d2a788766098b856171d8d8d73e5df163df50e577a72536360a3f3b9c1e06eb6fef08f98b.b0346ad44472aa612dbe6428023e8079', false, 0.00000000, NULL, 0),
(21, 'gy', 'f91cb2bcc0b018390e5db17417c4478d9063e5dd9f04a5e556e1278431afb8102477552f0bfd873c68df54d2725cfc5a0bd292bee28b49ab0cf9152426872898.f357ce6220ac6a3b2325c877cef2931a', false, 0.00000000, NULL, 0),
(1, 'admin', '73992c62ca47be0e8d949ad8df64324bae8f542007c0f2ef886f1b39418963c8b4ccc9c63939340a0a0f9c96d170dd0705075c728a35c76e3c340650970417cc.32567ef87fc584ec22cea70d4dbd6f46', true, 6641.19494238, NULL, 0);

INSERT INTO cards (id, user_id, type, number, expiry, cvv, balance, btc_balance, eth_balance, btc_address, eth_address) VALUES
(5, 5, 'usd', '4283764713218456', '12/25', '981', 0.00000000, 0.00000000, 0.00000000, NULL, NULL),
(6, 5, 'uah', '4496364436548156', '02/29', '238', 0.00000000, 0.00000000, 0.00000000, NULL, NULL),
(4, 5, 'crypto', '4705253597553356', '08/27', '734', 26930.00000000, 0.00000000, 0.00000000, '1e99e3cb491521598822e872e9a693f979', '0xcee3853a474711b2f9205306252dce9f14d3899a'),
(8, 6, 'usd', '4823612607289428', '10/27', '624', 296219.35000000, 0.00000000, 0.00000000, NULL, NULL),
(30, 13, 'crypto', '4235221482047224', '02/28', '732', 0.00000000, 6.64728498, 15.00000000, '13Nvkm3KU2ac4SHFGn4rMaCRRkZbVw4tc6', '0x6B2527441FCd1db9c183397A5C7e9044B61FD236'),
(26, 12, 'usd', '7336737187794917', '02/28', '963', 150.00000000, 0.00000000, 0.00000000, NULL, NULL),
(44, 19, 'uah', '4111174747608822', '02/29', '363', 14223276.84000000, 0.00000000, 0.00000000, '0', '0'),
(43, 19, 'usd', '4111335868451217', '02/29', '978', 9548.84000000, 0.00000000, 0.00000000, '0', '0'),
(50, 21, 'uah', '4111812997807538', '02/29', '128', 83420.00000000, 0.00000000, 0.00000000, '0', '0'),
(20, 9, 'crypto', '4822340036956025', '07/28', '416', 234.00000000, 240.00000000, 0.00000000, '12M4YnqbpEEGDdk78p83yj9TZRvxGevUEd', '0xd2109e57ea685590465fd67fe0f9581fab7df589'),
(49, 21, 'usd', '4111966513505909', '02/29', '490', 2332.38000000, 0.00000000, 0.00000000, '0', '0'),
(19, 9, 'usd', '4699878420571000', '07/26', '620', 93518.98000000, 0.00000000, 0.00000000, NULL, NULL),
(21, 9, 'uah', '4502993597804046', '10/25', '558', 169462.72000000, 0.00000000, 0.00000000, NULL, NULL),
(22, 11, 'uah', '2453768786073922', '02/28', '117', 37000.00000000, 0.00000000, 0.00000000, NULL, NULL),
(23, 11, 'usd', '2826705500542841', '02/28', '117', 1000.00000000, 0.00000000, 0.00000000, NULL, NULL),
(24, 11, 'crypto', '0072753985021707', '02/28', '117', 0.00000000, 0.05000000, 1.00000000, '176fEuAKeyViwvntKi3fCBqtgF1w78WHNg', '0x49667Df500e2440914276AE8528CF8e35d5345c9'),
(25, 12, 'uah', '4969281187573426', '02/28', '963', 0.00000000, 0.00000000, 0.00000000, NULL, NULL),
(27, 12, 'crypto', '2699251780233529', '02/28', '963', 0.00000000, 0.00000000, 0.00000000, '15fGV89N7x1wVivEB8hKA98XLSnroKqtwp', '0xd4D2B0137034FC50e4ab0feCe124907073E70CaE'),
(28, 13, 'usd', '5946327404556138', '02/28', '732', 93996.49000000, 0.00000000, 0.00000000, NULL, NULL),
(29, 13, 'uah', '7012919897050653', '02/28', '732', 3051.08000000, 0.00000000, 0.00000000, NULL, NULL),
(1, 1, 'crypto', '4686080646631828', '02/29', '505', 4883.31000000, 4789.10944377, 12814.94137800, '1NpXrBFqLtpzFncjFeZn5f7bTMM8yiXmTE', '0xe4d787118bfdf3fe7099351946eb4ea14e965a91'),
(3, 1, 'uah', '4763950103360695', '12/28', '808', 900000.00000000, 0.00000000, 0.00000000, NULL, NULL),
(2, 1, 'usd', '4593125478989946', '01/25', '483', 408000.00000000, 0.00000000, 0.00000000, NULL, NULL);

INSERT INTO transactions (id, from_card_id, to_card_id, amount, converted_amount, type, wallet, status, created_at, description, from_card_number, to_card_number) VALUES
(1, 1, 7, 2648.00000000, 2648.00000000, 'transfer', NULL, 'completed', '2025-02-22T17:39:00.658Z', 'Transfer from card 4686080646631828 to 4279465421080570', '4686080646631828', '4279465421080570'),
(2, 3, 9, 64507.00000000, 64507.00000000, 'transfer', NULL, 'completed', '2025-02-22T18:08:31.659Z', 'Transfer from card 4763950103360695 to 4199184831816278', '4763950103360695', '4199184831816278'),
(3, 9, 8, 1000.00000000, 1000.00000000, 'transfer', NULL, 'completed', '2025-02-22T18:12:00.555Z', 'Transfer from card 4199184831816278 to 4823612607289428', '4199184831816278', '4823612607289428'),
(4, 9, 8, 60000.00000000, 60000.00000000, 'transfer', NULL, 'completed', '2025-02-22T18:13:30.817Z', 'Transfer from card 4199184831816278 to 4823612607289428', '4199184831816278', '4823612607289428'),
(5, 1, 7, 56067.00000000, 56067.00000000, 'transfer', NULL, 'completed', '2025-02-22T18:21:36.282Z', 'Transfer from card 4686080646631828 to 4279465421080570', '4686080646631828', '4279465421080570'),
(6, 9, 8, 10000000.00000000, 240153.70000000, 'transfer', NULL, 'completed', '2025-02-22T19:22:59.996Z', 'Transfer from 4199184831816278 to 4823612607289428', '4199184831816278', '4823612607289428'),
(7, 2, 3, 1000.00000000, 41640.00000000, 'transfer', NULL, 'completed', '2025-02-22T21:01:47.364Z', 'Transfer from 4593125478989946 to 4763950103360695', '4593125478989946', '4763950103360695'),
(8, 1, 2, 362.00000000, 34999246.00000000, 'transfer', NULL, 'completed', '2025-02-23T06:12:52.883Z', 'Transfer from 4686080646631828 to 4593125478989946', '4686080646631828', '4593125478989946'),
(9, 1, 2, 15.00000000, 1450245.00000000, 'transfer', NULL, 'completed', '2025-02-23T06:16:56.005Z', 'Transfer from 4686080646631828 to 4593125478989946', '4686080646631828', '4593125478989946'),
(10, 1, 2, 400.00000000, 38673200.00000000, 'transfer', NULL, 'completed', '2025-02-23T06:26:11.711Z', 'Transfer from 4686080646631828 to 4593125478989946', '4686080646631828', '4593125478989946'),
(11, 1, 2, 701.00000000, 67774783.00000000, 'transfer', NULL, 'completed', '2025-02-23T06:32:38.251Z', 'Transfer from 4686080646631828 to 4593125478989946', '4686080646631828', '4593125478989946'),
(12, 1, 2, 2.00000000, 193366.00000000, 'transfer', NULL, 'completed', '2025-02-23T06:39:23.534Z', 'Transfer from 4686080646631828 to 4593125478989946', '4686080646631828', '4593125478989946'),
(13, 1, 2, 13.00000000, 1256879.00000000, 'transfer', NULL, 'completed', '2025-02-23T06:42:41.933Z', 'Transfer from 4686080646631828 to 4593125478989946', '4686080646631828', '4593125478989946'),
(14, 1, 2, 13.00000000, 1256879.00000000, 'transfer', NULL, 'completed', '2025-02-23T06:45:40.036Z', 'Transfer from 4686080646631828 to 4593125478989946', '4686080646631828', '4593125478989946'),
(15, 1, 2, 0.00000000, 1.00000000, 'transfer', 'btc', 'completed', '2025-02-23T06:48:29.449Z', 'Transfer from 4686080646631828 to 4593125478989946', '4686080646631828', '4593125478989946'),
(16, 2, 1, 250.00000000, 0.00259735, 'transfer', 'btc', 'completed', '2025-02-23T10:17:47.481Z', 'Convert 250 USD to 0.00259735 BTC', '4593125478989946', '4686080646631828'),
(17, 2, 19, 2656.00000000, 2656.00000000, 'transfer', NULL, 'completed', '2025-02-23T15:41:49.097Z', 'Перевод 2656.00 USD', '4593125478989946', '4699878420571000'),
(18, 19, 8, 565.00000000, 565.00000000, 'transfer', NULL, 'completed', '2025-02-23T15:49:01.514Z', 'Перевод 565.00 USD', '4699878420571000', '4823612607289428'),
(19, 19, 8, 57.00000000, 57.00000000, 'transfer', NULL, 'completed', '2025-02-23T15:50:51.773Z', 'Перевод 57.00 USD', '4699878420571000', '4823612607289428'),
(20, 1, 1, 555.00000000, 555.00000000, 'transfer', '12M4YnqbpEEGDdk78p83yj9TZRvxGevUEd', 'completed', '2025-02-23T15:58:02.955Z', 'Перевод 555.00000000 BTC на адрес 12M4YnqbpEEGDdk78p83yj9TZRvxGevUEd', '4686080646631828', '4686080646631828'),
(21, 1, 20, 223.00000000, 223.00000000, 'transfer', '12M4YnqbpEEGDdk78p83yj9TZRvxGevUEd', 'completed', '2025-02-23T16:06:33.937Z', 'Перевод 223.00000000 BTC на карту 12M4YnqbpEEGDdk78p83yj9TZRvxGevUEd', '4686080646631828', '4822340036956025'),
(22, 19, 21, 1000.00000000, 38500.00000000, 'transfer', NULL, 'completed', '2025-02-23T16:07:45.864Z', 'Перевод 1000.00 USD -> 38500.00 UAH', '4699878420571000', '4502993597804046'),
(23, 1, 2, 1.00000000, 95652.99000000, 'transfer', NULL, 'completed', '2025-02-23T16:39:34.764Z', 'Перевод 1.00000000 CRYPTO -> 95652.99000000 USD', '4686080646631828', '4593125478989946'),
(24, 1, 20, 12.00000000, 12.00000000, 'transfer', '12M4YnqbpEEGDdk78p83yj9TZRvxGevUEd', 'completed', '2025-02-23T16:47:53.889Z', 'Перевод 12.00000000 BTC на карту 12M4YnqbpEEGDdk78p83yj9TZRvxGevUEd', '4686080646631828', '4822340036956025'),
(25, 20, 19, 1.00000000, 95652.99000000, 'transfer', NULL, 'completed', '2025-02-23T17:11:02.081Z', 'Перевод 1.00000000 CRYPTO -> 95652.99000000 USD', '4822340036956025', '4699878420571000'),
(26, 19, 21, 1147.00000000, 47761.08000000, 'transfer', NULL, 'completed', '2025-02-23T17:11:58.373Z', 'Перевод 1147.00000000 USD -> 47761.08000000 UAH', '4699878420571000', '4502993597804046'),
(27, 1, 20, 5.00000000, 5.00000000, 'transfer', '12M4YnqbpEEGDdk78p83yj9TZRvxGevUEd', 'completed', '2025-02-23T19:59:50.278Z', 'Перевод 5.00000000 BTC на карту 12M4YnqbpEEGDdk78p83yj9TZRvxGevUEd', '4686080646631828', '4822340036956025'),
(28, 19, 21, 1.00000000, 41.64000000, 'transfer', NULL, 'completed', '2025-02-23T20:12:13.467Z', 'Перевод 1.00000000 USD -> 41.64000000 UAH', '4699878420571000', '4502993597804046'),
(29, 19, 21, 0.01000000, 0.00000010, 'commission', NULL, 'completed', '2025-02-23T20:12:13.543Z', 'Комиссия 1% (0.00000010 BTC)', '4699878420571000', '4502993597804046'),
(30, 19, 21, 1000.00000000, 41580.00000000, 'transfer', NULL, 'completed', '2025-02-23T20:30:16.793Z', 'Перевод 1000.00000000 USD -> 41580.00000000 UAH', '4699878420571000', '4502993597804046'),
(31, 19, 1, 10.00000000, 0.00010445, 'commission', NULL, 'completed', '2025-02-23T20:30:16.825Z', 'Комиссия 1% от перевода с карты 4699878420571000 на карту 4502993597804046 (0.00010445 BTC)', '4699878420571000', 'REGULATOR'),
(32, 19, 21, 1000.00000000, 41580.00000000, 'exchange', NULL, 'completed', '2025-02-23T20:45:34.365Z', 'Обмен 1000.00 USD → 41580.00 UAH', '4699878420571000', '4502993597804046'),
(33, 19, 1, 10.00000000, 0.00010443, 'commission', NULL, 'completed', '2025-02-23T20:45:34.397Z', '💰 Комиссия за обмен 1000.00 USD (0.00010443 BTC)', '4699878420571000', 'REGULATOR'),
(34, 2, 3, 1206.00000000, 50145.48000000, 'exchange', NULL, 'completed', '2025-02-23T23:17:38.127Z', 'Обмен 1206.00 USD → 50145.48 UAH', '4593125478989946', '4763950103360695'),
(35, 2, 1, 12.06000000, 0.00012557, 'commission', NULL, 'completed', '2025-02-23T23:17:38.197Z', '💰 Комиссия за обмен 1206.00 USD (0.00012557 BTC)', '4593125478989946', 'REGULATOR'),
(36, 1, 28, 0.20000000, 0.20000000, 'transfer', NULL, 'completed', '2025-02-24T14:04:27.093Z', 'Перевод 0.20 CRYPTO', '4686080646631828', '5946327404556138'),
(37, 2, 28, 260.00000000, 260.00000000, 'transfer', NULL, 'completed', '2025-02-24T14:05:34.113Z', 'Перевод 260.00 USD', '4593125478989946', '5946327404556138'),
(38, 1, 28, 0.20000000, 0.20000000, 'transfer', NULL, 'completed', '2025-02-24T14:14:42.055Z', 'Перевод 0.20 CRYPTO', '4686080646631828', '5946327404556138'),
(39, 1, 28, 0.20000000, 0.20000000, 'transfer', NULL, 'completed', '2025-02-24T14:17:32.333Z', 'Перевод 0.20 CRYPTO', '4686080646631828', '5946327404556138'),
(40, 1, 28, 50.00000000, 50.00000000, 'transfer', NULL, 'completed', '2025-02-24T14:43:47.370Z', 'Перевод 50.00 CRYPTO', '4686080646631828', '5946327404556138'),
(41, 28, 26, 150.00000000, 150.00000000, 'transfer', NULL, 'completed', '2025-02-24T14:49:47.770Z', 'Перевод 150.00 USD', '5946327404556138', '7336737187794917'),
(42, 28, 29, 160.00000000, 160.00000000, 'transfer', NULL, 'completed', '2025-02-24T14:51:15.610Z', 'Перевод 160.00 USD', '5946327404556138', '7012919897050653'),
(43, 2, 3, 1569.00000000, 65239.02000000, 'transfer', NULL, 'completed', '2025-02-24T15:57:25.712Z', 'Перевод 1569.00 USD → 65239.02 UAH', '4593125478989946', '4763950103360695'),
(44, 2, 1, 15.69000000, 15.69000000, 'commission', NULL, 'completed', '2025-02-24T15:57:25.788Z', 'Комиссия 1% за перевод (15.69000000 BTC)', '4593125478989946', 'REGULATOR'),
(45, 2, 28, 60000.00000000, 60000.00000000, 'transfer', NULL, 'completed', '2025-02-24T16:47:33.199Z', 'Перевод 60000.00 USD', '4593125478989946', '5946327404556138'),
(96, 28, 1, 0.50000000, 0.00000532, 'commission', NULL, 'completed', '2025-02-24T19:47:25.938Z', 'Комиссия 1% (0.00000532 BTC)', '5946327404556138', 'REGULATOR'),
(97, 1, NULL, 244140.00000000, 2.60000000, 'transfer', '13Nvkm3KU2ac4SHFGn4rMaCRRkZbVw4tc6', 'completed', '2025-02-24T19:51:41.027Z', 'Перевод 2.60000000 BTC на адрес 13Nvkm3KU2ac4SHFGn4rMaCRRkZbVw4tc6', '4686080646631828', NULL),
(98, 1, 1, 2441.40000000, 0.02600000, 'commission', NULL, 'completed', '2025-02-24T19:51:41.056Z', 'Комиссия 1% (0.02600000 BTC)', '4686080646631828', 'REGULATOR'),
(99, 28, 29, 300.00000000, 12474.00000000, 'transfer', NULL, 'completed', '2025-02-24T20:04:29.941Z', 'Перевод 300.00 USD → 12474.00 UAH', '5946327404556138', '7012919897050653'),
(100, 28, 1, 3.00000000, 3.00000000, 'commission', NULL, 'completed', '2025-02-24T20:04:29.983Z', 'Комиссия 1% (3.00000000 BTC)', '5946327404556138', 'REGULATOR'),
(101, 29, 28, 25550.00000000, 614.47811448, 'transfer', NULL, 'completed', '2025-02-24T20:05:31.563Z', 'Перевод 25550.00 UAH → 614.48 USD', '7012919897050653', '5946327404556138'),
(102, 29, 1, 255.50000000, 255.50000000, 'commission', NULL, 'completed', '2025-02-24T20:05:31.594Z', 'Комиссия 1% (255.50000000 BTC)', '7012919897050653', 'REGULATOR'),
(103, 29, NULL, 200.00000000, 0.07555952, 'transfer', '0x6B2527441FCd1db9c183397A5C7e9044B61FD236', 'completed', '2025-02-24T20:07:40.581Z', 'Перевод 200.00 UAH (0.07555952 ETH) на адрес 0x6B2527441FCd1db9c183397A5C7e9044B61FD236', '7012919897050653', NULL),
(104, 29, 1, 2.00000000, 0.00002125, 'commission', NULL, 'completed', '2025-02-24T20:07:40.612Z', 'Комиссия 1% (0.00002125 BTC)', '7012919897050653', 'REGULATOR'),
(105, 29, 28, 200000.00000000, 4810.00481000, 'transfer', NULL, 'completed', '2025-02-24T20:08:52.548Z', 'Перевод 200000.00 UAH → 4810.00 USD', '7012919897050653', '5946327404556138'),
(106, 29, 1, 2000.00000000, 2000.00000000, 'commission', NULL, 'completed', '2025-02-24T20:08:52.579Z', 'Комиссия 1% (2000.00000000 BTC)', '7012919897050653', 'REGULATOR'),
(107, 30, 28, 0.00540000, 509.03640000, 'transfer', NULL, 'completed', '2025-02-24T20:27:23.726Z', 'Перевод 0.00540000 BTC → 509.04 USD', '4235221482047224', '5946327404556138'),
(108, 30, 1, 0.00005400, 0.00005400, 'commission', NULL, 'completed', '2025-02-24T20:27:23.757Z', 'Комиссия 1% (0.00005400 BTC)', '4235221482047224', 'REGULATOR'),
(109, 29, NULL, 20000.00000000, 0.21216557, 'transfer', '13Nvkm3KU2ac4SHFGn4rMaCRRkZbVw4tc6', 'completed', '2025-02-24T20:28:07.798Z', 'Перевод 20000.00 UAH (0.21216557 BTC) на адрес 13Nvkm3KU2ac4SHFGn4rMaCRRkZbVw4tc6', '7012919897050653', NULL),
(110, 29, 1, 200.00000000, 0.00212166, 'commission', NULL, 'completed', '2025-02-24T20:28:07.831Z', 'Комиссия 1% (0.00212166 BTC)', '7012919897050653', 'REGULATOR'),
(111, 1, 28, 2.00000000, 188286.00000000, 'transfer', NULL, 'completed', '2025-02-24T20:31:33.970Z', 'Перевод 2.00000000 BTC → 188286.00 USD', '4686080646631828', '5946327404556138'),
(112, 1, 1, 0.02000000, 0.02000000, 'commission', NULL, 'completed', '2025-02-24T20:31:34.002Z', 'Комиссия 1% (0.02000000 BTC)', '4686080646631828', 'REGULATOR'),
(113, 1, 2, 1.00000000, 94587.00000000, 'transfer', NULL, 'completed', '2025-02-24T20:38:20.112Z', 'Перевод 1.00000000 BTC → 94587.00 USD', '4686080646631828', '4593125478989946'),
(114, 1, 1, 0.01000000, 0.01000000, 'commission', NULL, 'completed', '2025-02-24T20:38:20.142Z', 'Комиссия 1% (0.01000000 BTC)', '4686080646631828', 'REGULATOR'),
(115, 1, NULL, 559206.40000000, 6.40000000, 'transfer', '13Nvkm3KU2ac4SHFGn4rMaCRRkZbVw4tc6', 'completed', '2025-02-25T17:07:16.124Z', 'Перевод 6.40000000 BTC на адрес 13Nvkm3KU2ac4SHFGn4rMaCRRkZbVw4tc6', '4686080646631828', NULL),
(116, 1, 1, 5592.06400000, 0.06400000, 'commission', NULL, 'completed', '2025-02-25T17:07:16.167Z', 'Комиссия 1% (0.06400000 BTC)', '4686080646631828', 'REGULATOR'),
(117, 1, NULL, 43585.00000000, 0.50000000, 'transfer', 'bc13d10220117c86850fcb9ac2b26e02d3983d9733', 'completed', '2025-02-25T17:13:06.490Z', 'Перевод 0.50000000 BTC на адрес bc13d10220117c86850fcb9ac2b26e02d3983d9733', '4686080646631828', NULL),
(118, 1, 1, 435.85000000, 0.00500000, 'commission', NULL, 'completed', '2025-02-25T17:13:06.522Z', 'Комиссия 1% (0.00500000 BTC)', '4686080646631828', 'REGULATOR'),
(119, 1, 29, 13.00000000, 13.00000000, 'transfer', NULL, 'completed', '2025-02-25T17:15:07.236Z', 'Перевод 13.00000000 BTC → 13.00 UAH', '4686080646631828', '7012919897050653'),
(120, 1, 1, 0.13000000, 0.13000000, 'commission', NULL, 'completed', '2025-02-25T17:15:07.265Z', 'Комиссия 1% (0.13000000 BTC)', '4686080646631828', 'REGULATOR'),
(121, 2, NULL, 50000.00000000, 0.57138286, 'transfer', '13Nvkm3KU2ac4SHFGn4rMaCRRkZbVw4tc6', 'completed', '2025-02-25T17:17:03.265Z', 'Перевод 50000.00 USD (0.57138286 BTC) на адрес 13Nvkm3KU2ac4SHFGn4rMaCRRkZbVw4tc6', '4593125478989946', NULL),
(122, 2, 1, 500.00000000, 0.00571383, 'commission', NULL, 'completed', '2025-02-25T17:17:03.297Z', 'Комиссия 1% (0.00571383 BTC)', '4593125478989946', 'REGULATOR'),
(123, 1, NULL, 87309.00000000, 1.00000000, 'transfer', 'bc19a0298ea72af0b567efb1ea65c0f3440c56271b', 'completed', '2025-02-25T18:17:01.484Z', 'Перевод 1.00000000 BTC на адрес bc19a0298ea72af0b567efb1ea65c0f3440c56271b', '4686080646631828', NULL),
(124, 1, 1, 873.09000000, 0.01000000, 'commission', NULL, 'completed', '2025-02-25T18:17:01.560Z', 'Комиссия 1% (0.01000000 BTC)', '4686080646631828', 'REGULATOR'),
(125, 1, 2, 1.00000000, 87309.00000000, 'transfer', NULL, 'completed', '2025-02-25T18:18:03.282Z', 'Перевод 1.00000000 BTC → 87309.00 USD', '4686080646631828', '4593125478989946'),
(126, 1, 1, 0.01000000, 0.01000000, 'commission', NULL, 'completed', '2025-02-25T18:18:03.314Z', 'Комиссия 1% (0.01000000 BTC)', '4686080646631828', 'REGULATOR'),
(127, 2, 43, 10563.00000000, 10563.00000000, 'transfer', NULL, 'completed', '2025-02-25T18:19:38.659Z', 'Перевод 10563.00 USD', '4593125478989946', '4111335868451217'),
(128, 2, 1, 105.63000000, 105.63000000, 'commission', NULL, 'completed', '2025-02-25T18:19:38.689Z', 'Комиссия 1% (105.63000000 BTC)', '4593125478989946', 'REGULATOR'),
(129, 2, 44, 340000.00000000, 14181400.00000000, 'transfer', NULL, 'completed', '2025-02-25T18:20:52.785Z', 'Перевод 340000.00000000 USD → 14181400.00 UAH', '4593125478989946', '4111174747608822'),
(130, 2, 1, 3400.00000000, 3400.00000000, 'commission', NULL, 'completed', '2025-02-25T18:20:52.815Z', 'Комиссия 1% (3400.00000000 BTC)', '4593125478989946', 'REGULATOR'),
(131, 3, NULL, 150000.00000000, 1.72506987, 'transfer', 'bc19a0298ea72af0b567efb1ea65c0f3440c56271b', 'completed', '2025-02-25T18:22:07.723Z', 'Перевод 150000.00 UAH (1.72506987 BTC) на адрес bc19a0298ea72af0b567efb1ea65c0f3440c56271b', '4763950103360695', NULL),
(132, 3, 1, 1500.00000000, 0.01725070, 'commission', NULL, 'completed', '2025-02-25T18:22:07.757Z', 'Комиссия 1% (0.01725070 BTC)', '4763950103360695', 'REGULATOR'),
(133, 2, NULL, 23000.00000000, 9.53514114, 'transfer', '0x107eBA75B4B58A8050D4B6CC7EcfE087243d952D', 'completed', '2025-02-25T18:24:38.809Z', 'Перевод 23000.00 USD (9.53514114 ETH) на адрес 0x107eBA75B4B58A8050D4B6CC7EcfE087243d952D', '4593125478989946', NULL),
(134, 2, 1, 230.00000000, 0.00264511, 'commission', NULL, 'completed', '2025-02-25T18:24:38.840Z', 'Комиссия 1% (0.00264511 BTC)', '4593125478989946', 'REGULATOR'),
(135, 1, NULL, 220454.44110000, 2.53230000, 'transfer', 'bc19a0298ea72af0b567efb1ea65c0f3440c56271b', 'completed', '2025-02-25T18:30:55.683Z', 'Перевод 2.53230000 BTC на адрес bc19a0298ea72af0b567efb1ea65c0f3440c56271b', '4686080646631828', NULL),
(136, 1, 1, 2204.54441100, 0.02532300, 'commission', NULL, 'completed', '2025-02-25T18:30:55.715Z', 'Комиссия 1% (0.02532300 BTC)', '4686080646631828', 'REGULATOR'),
(137, 3, NULL, 15000.00000000, 0.17230091, 'transfer', 'bc19a0298ea72af0b567efb1ea65c0f3440c56271b', 'completed', '2025-02-25T18:31:51.889Z', 'Перевод 15000.00 UAH (0.17230091 BTC) на адрес bc19a0298ea72af0b567efb1ea65c0f3440c56271b', '4763950103360695', NULL),
(138, 3, 1, 150.00000000, 0.00172301, 'commission', NULL, 'completed', '2025-02-25T18:31:51.919Z', 'Комиссия 1% (0.00172301 BTC)', '4763950103360695', 'REGULATOR'),
(139, 1, NULL, 173756.00000000, 2.00000000, 'transfer', 'bc19a0298ea72af0b567efb1ea65c0f3440c56271b', 'completed', '2025-02-25T18:35:47.588Z', 'Перевод 2.00000000 BTC на адрес bc19a0298ea72af0b567efb1ea65c0f3440c56271b', '4686080646631828', NULL),
(140, 1, 1, 1737.56000000, 0.02000000, 'commission', NULL, 'completed', '2025-02-25T18:35:47.618Z', 'Комиссия 1% (0.02000000 BTC)', '4686080646631828', 'REGULATOR'),
(141, 2, NULL, 2000.00000000, 0.02302079, 'transfer', 'bc19a0298ea72af0b567efb1ea65c0f3440c56271b', 'completed', '2025-02-25T18:36:39.256Z', 'Перевод 2000.00 USD (0.02302079 BTC) на адрес bc19a0298ea72af0b567efb1ea65c0f3440c56271b', '4593125478989946', NULL),
(142, 2, 1, 20.00000000, 0.00023021, 'commission', NULL, 'completed', '2025-02-25T18:36:39.288Z', 'Комиссия 1% (0.00023021 BTC)', '4593125478989946', 'REGULATOR'),
(143, 1, NULL, 174152.00000000, 2.00000000, 'transfer', 'bc19a0298ea72af0b567efb1ea65c0f3440c56271b', 'completed', '2025-02-25T18:40:04.791Z', 'Перевод 2.00000000 BTC на адрес bc19a0298ea72af0b567efb1ea65c0f3440c56271b', '4686080646631828', NULL),
(144, 1, 1, 1741.52000000, 0.02000000, 'commission', NULL, 'completed', '2025-02-25T18:40:04.826Z', 'Комиссия 1% (0.02000000 BTC)', '4686080646631828', 'REGULATOR'),
(145, 3, NULL, 25000.00000000, 0.28710552, 'transfer', 'bc19a0298ea72af0b567efb1ea65c0f3440c56271b', 'completed', '2025-02-25T18:40:45.000Z', 'Перевод 25000.00 UAH (0.28710552 BTC) на адрес bc19a0298ea72af0b567efb1ea65c0f3440c56271b', '4763950103360695', NULL),
(146, 3, 1, 250.00000000, 0.00287106, 'commission', NULL, 'completed', '2025-02-25T18:40:45.032Z', 'Комиссия 1% (0.00287106 BTC)', '4763950103360695', 'REGULATOR'),
(147, 1, NULL, 87330.00000000, 1.00000000, 'transfer', 'bc19a0298ea72af0b567efb1ea65c0f3440c56271b', 'completed', '2025-02-25T18:44:56.656Z', 'Перевод 1.00000000 BTC на адрес bc19a0298ea72af0b567efb1ea65c0f3440c56271b', '4686080646631828', NULL),
(148, 1, 1, 873.30000000, 0.01000000, 'commission', NULL, 'completed', '2025-02-25T18:44:56.688Z', 'Комиссия 1% (0.01000000 BTC)', '4686080646631828', 'REGULATOR'),
(149, 2, NULL, 16321.00000000, 0.18688881, 'transfer', 'bc19a0298ea72af0b567efb1ea65c0f3440c56271b', 'completed', '2025-02-25T18:45:40.871Z', 'Перевод 16321.00 USD (0.18688881 BTC) на адрес bc19a0298ea72af0b567efb1ea65c0f3440c56271b', '4593125478989946', NULL),
(150, 2, 1, 163.21000000, 0.00186889, 'commission', NULL, 'completed', '2025-02-25T18:45:40.903Z', 'Комиссия 1% (0.00186889 BTC)', '4593125478989946', 'REGULATOR');

INSERT INTO exchange_rates (id, usd_to_uah, btc_to_usd, eth_to_usd, updated_at) VALUES
(1, 41.41, 92398.00, 2354.89, '2025-03-03T10:59:30.446Z'),
(2, 41.41, 92398.00, 2354.89, '2025-03-03T10:59:59.786Z'),
(3, 41.41, 92398.00, 2354.89, '2025-03-03T11:00:29.786Z'),
(4, 41.41, 92398.00, 2354.89, '2025-03-03T11:00:59.787Z'),
(5, 41.41, 92398.00, 2354.89, '2025-03-03T11:01:29.787Z'),
(6, 41.41, 92398.00, 2354.89, '2025-03-03T11:01:59.788Z'),
(7, 41.41, 92398.00, 2354.89, '2025-03-03T11:02:29.789Z'),
(8, 41.58, 87330.00, 2413.67, '2025-03-03T11:02:33.387Z'),
(9, 41.41, 92522.00, 2358.29, '2025-03-03T11:02:42.593Z'),
(10, 41.41, 92522.00, 2358.29, '2025-03-03T11:03:11.866Z'),
(11, 41.41, 92522.00, 2358.29, '2025-03-03T11:03:41.866Z'),
(12, 41.41, 92522.00, 2358.29, '2025-03-03T11:04:11.866Z'),
(13, 41.41, 92522.00, 2358.29, '2025-03-03T11:04:41.866Z'),
(14, 41.41, 92522.00, 2358.29, '2025-03-03T11:05:11.866Z'),
(15, 41.41, 92522.00, 2358.29, '2025-03-03T11:05:41.867Z'),
(16, 41.41, 92522.00, 2358.29, '2025-03-03T11:06:11.866Z'),
(17, 41.41, 92522.00, 2358.29, '2025-03-03T11:06:41.868Z'),
(18, 41.41, 92522.00, 2358.29, '2025-03-03T11:07:11.869Z'),
(19, 41.41, 92522.00, 2358.29, '2025-03-03T11:07:41.870Z'),
(20, 41.41, 92465.00, 2354.77, '2025-03-03T11:08:12.122Z'),
(21, 41.41, 92465.00, 2354.77, '2025-03-03T11:08:41.872Z'),
(22, 41.41, 92444.00, 2355.12, '2025-03-03T11:09:15.167Z'),
(23, 41.41, 92444.00, 2355.12, '2025-03-03T11:09:44.392Z'),
(24, 41.41, 92444.00, 2355.12, '2025-03-03T11:10:14.392Z'),
(25, 41.41, 92444.00, 2355.12, '2025-03-03T11:10:44.393Z'),
(26, 41.41, 92444.00, 2355.12, '2025-03-03T11:11:14.394Z'),
(27, 41.41, 92444.00, 2355.12, '2025-03-03T11:11:44.396Z'),
(28, 41.41, 92444.00, 2355.12, '2025-03-03T11:12:14.397Z'),
(29, 41.41, 92444.00, 2355.12, '2025-03-03T11:12:44.397Z'),
(30, 41.41, 92444.00, 2355.12, '2025-03-03T11:13:14.397Z'),
(31, 41.41, 92444.00, 2355.12, '2025-03-03T11:13:44.398Z'),
(32, 41.41, 92444.00, 2355.12, '2025-03-03T11:14:14.398Z'),
(33, 41.41, 92792.00, 2360.63, '2025-03-03T11:14:44.603Z'),
(34, 41.41, 92792.00, 2360.63, '2025-03-03T11:15:14.398Z'),
(35, 41.41, 92792.00, 2360.63, '2025-03-03T11:15:44.399Z'),
(36, 41.41, 92792.00, 2360.63, '2025-03-03T11:16:14.400Z'),
(37, 41.41, 92792.00, 2360.63, '2025-03-03T11:16:44.399Z'),
(38, 41.41, 92792.00, 2360.63, '2025-03-03T11:17:14.400Z'),
(39, 41.41, 92792.00, 2360.63, '2025-03-03T11:17:44.399Z'),
(40, 41.41, 92792.00, 2360.63, '2025-03-03T11:18:14.400Z'),
(41, 41.41, 92792.00, 2360.63, '2025-03-03T11:18:44.399Z'),
(42, 41.41, 92792.00, 2360.63, '2025-03-03T11:19:14.400Z'),
(43, 41.41, 92792.00, 2360.63, '2025-03-03T11:19:44.400Z'),
(44, 41.41, 92639.00, 2353.24, '2025-03-03T11:20:14.616Z'),
(45, 41.41, 92639.00, 2353.24, '2025-03-03T11:20:44.401Z'),
(46, 41.41, 92592.00, 2350.91, '2025-03-03T11:21:20.810Z'),
(47, 41.41, 92592.00, 2350.91, '2025-03-03T11:21:50.312Z'),
(48, 41.41, 92592.00, 2350.91, '2025-03-03T11:22:20.312Z'),
(49, 41.41, 92592.00, 2350.91, '2025-03-03T11:22:50.313Z'),
(50, 41.41, 92592.00, 2350.91, '2025-03-03T11:23:20.313Z'),
(51, 41.41, 92592.00, 2350.91, '2025-03-03T11:23:50.314Z'),
(52, 41.41, 92592.00, 2350.91, '2025-03-03T11:24:20.316Z'),
(53, 41.41, 92592.00, 2350.91, '2025-03-03T11:24:50.316Z'),
(54, 41.41, 92592.00, 2350.91, '2025-03-03T11:25:20.316Z'),
(55, 41.41, 92592.00, 2350.91, '2025-03-03T11:25:50.317Z'),
(56, 41.41, 92592.00, 2350.91, '2025-03-03T11:26:20.316Z'),
(57, 41.41, 92613.00, 2349.21, '2025-03-03T11:26:50.534Z'),
(58, 41.41, 92613.00, 2349.21, '2025-03-03T11:27:20.318Z'),
(59, 41.41, 92613.00, 2349.21, '2025-03-03T11:27:50.319Z'),
(60, 41.41, 92613.00, 2349.21, '2025-03-03T11:28:20.320Z'),
(61, 41.41, 92613.00, 2349.21, '2025-03-03T11:28:50.321Z'),
(62, 41.41, 92613.00, 2349.21, '2025-03-03T11:29:20.321Z'),
(63, 41.41, 92613.00, 2349.21, '2025-03-03T11:29:50.322Z'),
(64, 41.41, 92613.00, 2349.21, '2025-03-03T11:30:20.323Z'),
(65, 41.41, 92613.00, 2349.21, '2025-03-03T11:30:50.324Z'),
(66, 41.41, 92699.00, 2353.40, '2025-03-03T11:31:18.616Z'),
(67, 41.41, 92699.00, 2353.40, '2025-03-03T11:31:47.763Z'),
(68, 41.41, 92699.00, 2353.40, '2025-03-03T11:32:17.763Z'),
(69, 41.41, 92699.00, 2353.40, '2025-03-03T11:32:47.763Z'),
(70, 41.41, 92699.00, 2353.40, '2025-03-03T11:33:17.765Z'),
(71, 41.41, 92699.00, 2353.40, '2025-03-03T11:33:47.765Z'),
(72, 41.41, 92699.00, 2353.40, '2025-03-03T11:34:17.766Z'),
(73, 41.41, 92699.00, 2353.40, '2025-03-03T11:34:47.768Z'),
(74, 41.41, 92699.00, 2353.40, '2025-03-03T11:35:17.769Z'),
(75, 41.41, 92699.00, 2353.40, '2025-03-03T11:35:47.769Z'),
(76, 41.41, 92699.00, 2353.40, '2025-03-03T11:36:17.770Z'),
(77, 41.41, 92500.00, 2351.21, '2025-03-03T11:36:47.990Z'),
(78, 41.41, 92500.00, 2351.21, '2025-03-03T11:37:17.773Z'),
(79, 41.41, 92500.00, 2351.21, '2025-03-03T11:37:47.773Z'),
(80, 41.41, 92500.00, 2351.21, '2025-03-03T11:38:17.773Z'),
(81, 41.41, 92500.00, 2351.21, '2025-03-03T11:38:47.774Z'),
(82, 41.41, 92500.00, 2351.21, '2025-03-03T11:39:17.775Z'),
(83, 41.41, 92500.00, 2351.21, '2025-03-03T11:39:47.775Z'),
(84, 41.41, 92500.00, 2351.21, '2025-03-03T11:40:17.776Z'),
(85, 41.41, 92500.00, 2351.21, '2025-03-03T11:40:47.776Z'),
(86, 41.41, 92500.00, 2351.21, '2025-03-03T11:41:17.776Z'),
(87, 41.41, 92500.00, 2351.21, '2025-03-03T11:41:47.776Z'),
(88, 41.41, 92482.00, 2352.60, '2025-03-03T11:42:17.977Z'),
(89, 41.41, 92482.00, 2352.60, '2025-03-03T11:42:47.776Z'),
(90, 41.41, 92482.00, 2352.60, '2025-03-03T11:43:17.776Z'),
(91, 41.41, 92482.00, 2352.60, '2025-03-03T11:43:47.775Z'),
(92, 41.41, 92482.00, 2352.60, '2025-03-03T11:44:17.776Z'),
(93, 41.41, 92482.00, 2352.60, '2025-03-03T11:44:47.775Z'),
(94, 41.41, 92482.00, 2352.60, '2025-03-03T11:45:17.776Z'),
(95, 41.41, 92482.00, 2352.60, '2025-03-03T11:45:47.777Z'),
(96, 41.41, 92482.00, 2352.60, '2025-03-03T11:46:17.778Z'),
(97, 41.41, 92482.00, 2352.60, '2025-03-03T11:46:47.779Z'),
(98, 41.41, 92482.00, 2352.60, '2025-03-03T11:47:17.779Z'),
(99, 41.41, 92571.00, 2354.35, '2025-03-03T11:47:39.103Z'),
(100, 41.41, 92571.00, 2354.35, '2025-03-03T11:48:07.807Z'),
(101, 41.41, 92571.00, 2354.35, '2025-03-03T11:48:37.807Z'),
(102, 41.41, 92571.00, 2354.35, '2025-03-03T11:49:07.807Z'),
(103, 41.41, 92571.00, 2354.35, '2025-03-03T11:49:37.808Z'),
(104, 41.41, 92571.00, 2354.35, '2025-03-03T11:50:07.809Z'),
(105, 41.41, 92571.00, 2354.35, '2025-03-03T11:50:37.810Z'),
(106, 41.41, 92571.00, 2354.35, '2025-03-03T11:51:07.810Z'),
(107, 41.41, 92571.00, 2354.35, '2025-03-03T11:51:37.812Z'),
(108, 41.41, 92571.00, 2354.35, '2025-03-03T11:52:07.812Z'),
(109, 41.41, 92571.00, 2354.35, '2025-03-03T11:52:37.812Z'),
(110, 41.41, 92607.00, 2354.57, '2025-03-03T11:53:08.025Z'),
(111, 41.41, 92607.00, 2354.57, '2025-03-03T11:53:37.812Z'),
(112, 41.41, 92607.00, 2354.57, '2025-03-03T11:54:07.812Z'),
(113, 41.41, 92607.00, 2354.57, '2025-03-03T11:54:37.812Z'),
(114, 41.41, 92607.00, 2354.57, '2025-03-03T11:55:07.812Z'),
(115, 41.41, 92607.00, 2354.57, '2025-03-03T11:55:37.813Z'),
(116, 41.41, 92607.00, 2354.57, '2025-03-03T11:56:07.813Z'),
(117, 41.41, 92607.00, 2354.57, '2025-03-03T11:56:37.815Z'),
(118, 41.41, 92607.00, 2354.57, '2025-03-03T11:57:07.815Z'),
(119, 41.41, 92607.00, 2354.57, '2025-03-03T11:57:37.817Z'),
(120, 41.41, 92607.00, 2354.57, '2025-03-03T11:58:07.818Z'),
(121, 41.41, 92577.00, 2352.21, '2025-03-03T11:58:38.019Z'),
(122, 41.41, 92577.00, 2352.21, '2025-03-03T11:59:07.820Z'),
(123, 41.41, 92577.00, 2352.21, '2025-03-03T11:59:37.820Z'),
(124, 41.41, 92577.00, 2352.21, '2025-03-03T12:00:07.821Z'),
(125, 41.41, 92577.00, 2352.21, '2025-03-03T12:00:37.821Z'),
(126, 41.41, 92577.00, 2352.21, '2025-03-03T12:01:07.822Z'),
(127, 41.41, 92577.00, 2352.21, '2025-03-03T12:01:37.822Z'),
(128, 41.41, 92577.00, 2352.21, '2025-03-03T12:02:07.823Z'),
(129, 41.41, 92577.00, 2352.21, '2025-03-03T12:02:37.825Z'),
(130, 41.41, 92577.00, 2352.21, '2025-03-03T12:03:07.825Z'),
(131, 41.41, 92577.00, 2352.21, '2025-03-03T12:03:37.825Z'),
(132, 41.41, 93007.00, 2361.87, '2025-03-03T12:04:08.021Z'),
(133, 41.41, 93007.00, 2361.87, '2025-03-03T12:04:37.826Z'),
(134, 41.41, 93007.00, 2361.87, '2025-03-03T12:05:07.827Z'),
(135, 41.41, 93007.00, 2361.87, '2025-03-03T12:05:37.827Z'),
(136, 41.41, 93007.00, 2361.87, '2025-03-03T12:06:07.827Z'),
(137, 41.41, 93007.00, 2361.87, '2025-03-03T12:06:37.827Z'),
(138, 41.41, 93007.00, 2361.87, '2025-03-03T12:07:07.828Z'),
(139, 41.41, 93007.00, 2361.87, '2025-03-03T12:07:37.828Z'),
(140, 41.41, 93007.00, 2361.87, '2025-03-03T12:08:07.829Z'),
(141, 41.41, 93007.00, 2361.87, '2025-03-03T12:08:37.829Z'),
(142, 41.41, 93007.00, 2361.87, '2025-03-03T12:09:07.829Z'),
(143, 41.41, 93232.00, 2371.15, '2025-03-03T12:09:38.050Z'),
(144, 41.41, 93232.00, 2371.15, '2025-03-03T12:10:07.829Z'),
(145, 41.41, 93232.00, 2371.15, '2025-03-03T12:10:37.830Z'),
(146, 41.41, 93232.00, 2371.15, '2025-03-03T12:11:07.830Z'),
(147, 41.41, 93232.00, 2371.15, '2025-03-03T12:11:37.831Z'),
(148, 41.41, 93232.00, 2371.15, '2025-03-03T12:12:07.832Z'),
(149, 41.41, 93232.00, 2371.15, '2025-03-03T12:12:37.833Z'),
(150, 41.41, 93232.00, 2371.15, '2025-03-03T12:13:07.833Z'),
(151, 41.41, 93232.00, 2371.15, '2025-03-03T12:13:37.834Z'),
(152, 41.41, 93232.00, 2371.15, '2025-03-03T12:14:07.834Z'),
(153, 41.41, 93232.00, 2371.15, '2025-03-03T12:14:37.835Z'),
(154, 41.41, 93075.00, 2365.01, '2025-03-03T12:15:08.032Z'),
(155, 41.41, 93075.00, 2365.01, '2025-03-03T12:15:37.838Z'),
(156, 41.41, 93075.00, 2365.01, '2025-03-03T12:16:07.839Z'),
(157, 41.41, 93075.00, 2365.01, '2025-03-03T12:16:37.840Z'),
(158, 41.41, 93075.00, 2365.01, '2025-03-03T12:17:07.840Z'),
(159, 41.41, 93075.00, 2365.01, '2025-03-03T12:17:37.841Z'),
(160, 41.41, 93075.00, 2365.01, '2025-03-03T12:18:07.841Z'),
(161, 41.41, 93075.00, 2365.01, '2025-03-03T12:18:37.842Z'),
(162, 41.41, 93075.00, 2365.01, '2025-03-03T12:19:07.842Z'),
(163, 41.41, 93075.00, 2365.01, '2025-03-03T12:19:37.842Z'),
(164, 41.41, 93075.00, 2365.01, '2025-03-03T12:20:07.843Z'),
(165, 41.41, 92957.00, 2357.25, '2025-03-03T12:20:38.075Z'),
(166, 41.41, 92957.00, 2357.25, '2025-03-03T12:21:07.843Z'),
(167, 41.41, 92957.00, 2357.25, '2025-03-03T12:21:37.843Z'),
(168, 41.41, 92957.00, 2357.25, '2025-03-03T12:22:07.843Z'),
(169, 41.41, 92957.00, 2357.25, '2025-03-03T12:22:37.844Z'),
(170, 41.41, 92957.00, 2357.25, '2025-03-03T12:23:07.845Z'),
(171, 41.41, 92957.00, 2357.25, '2025-03-03T12:23:37.844Z'),
(172, 41.41, 92957.00, 2357.25, '2025-03-03T12:24:07.845Z'),
(173, 41.41, 92957.00, 2357.25, '2025-03-03T12:24:37.845Z'),
(174, 41.41, 92957.00, 2357.25, '2025-03-03T12:25:07.845Z'),
(175, 41.41, 92957.00, 2357.25, '2025-03-03T12:25:37.845Z'),
(176, 41.41, 93068.00, 2360.74, '2025-03-03T12:26:08.047Z'),
(177, 41.41, 93068.00, 2360.74, '2025-03-03T12:26:37.847Z'),
(178, 41.41, 93068.00, 2360.74, '2025-03-03T12:27:07.847Z'),
(179, 41.41, 93068.00, 2360.74, '2025-03-03T12:27:37.848Z'),
(180, 41.41, 93068.00, 2360.74, '2025-03-03T12:28:07.849Z'),
(181, 41.41, 93068.00, 2360.74, '2025-03-03T12:28:37.850Z'),
(182, 41.41, 93068.00, 2360.74, '2025-03-03T12:29:07.851Z'),
(183, 41.41, 93068.00, 2360.74, '2025-03-03T12:29:37.852Z'),
(184, 41.41, 93068.00, 2360.74, '2025-03-03T12:30:07.854Z'),
(185, 41.41, 93068.00, 2360.74, '2025-03-03T12:30:37.854Z'),
(186, 41.41, 93068.00, 2360.74, '2025-03-03T12:31:07.855Z'),
(187, 41.41, 92846.00, 2357.39, '2025-03-03T12:31:38.054Z'),
(188, 41.41, 92846.00, 2357.39, '2025-03-03T12:32:07.856Z'),
(189, 41.41, 92846.00, 2357.39, '2025-03-03T12:32:37.858Z'),
(190, 41.41, 92846.00, 2357.39, '2025-03-03T12:33:07.859Z'),
(191, 41.41, 92846.00, 2357.39, '2025-03-03T12:33:37.859Z'),
(192, 41.41, 92846.00, 2357.39, '2025-03-03T12:34:07.860Z'),
(193, 41.41, 92846.00, 2357.39, '2025-03-03T12:34:37.860Z'),
(194, 41.41, 92656.00, 2353.40, '2025-03-03T12:35:04.487Z'),
(195, 41.41, 92656.00, 2353.40, '2025-03-03T12:35:33.125Z'),
(196, 41.41, 92656.00, 2353.40, '2025-03-03T12:36:03.124Z'),
(197, 41.41, 92656.00, 2353.40, '2025-03-03T12:36:33.125Z'),
(198, 41.41, 92656.00, 2353.40, '2025-03-03T12:37:03.125Z'),
(199, 41.41, 92656.00, 2353.40, '2025-03-03T12:37:33.126Z'),
(200, 41.41, 92656.00, 2353.40, '2025-03-03T12:38:03.127Z'),
(201, 41.41, 92656.00, 2353.40, '2025-03-03T12:38:33.127Z'),
(202, 41.41, 92656.00, 2353.40, '2025-03-03T12:39:03.128Z'),
(203, 41.41, 92656.00, 2353.40, '2025-03-03T12:39:33.127Z'),
(204, 41.41, 92656.00, 2353.40, '2025-03-03T12:40:03.128Z'),
(205, 41.41, 92914.00, 2358.72, '2025-03-03T12:40:31.383Z'),
(206, 41.41, 92914.00, 2358.72, '2025-03-03T12:41:00.890Z'),
(207, 41.41, 92914.00, 2358.72, '2025-03-03T12:41:30.890Z'),
(208, 41.41, 92914.00, 2358.72, '2025-03-03T12:42:00.890Z'),
(209, 41.41, 92914.00, 2358.72, '2025-03-03T12:42:30.891Z'),
(210, 41.41, 92914.00, 2358.72, '2025-03-03T12:43:00.892Z'),
(211, 41.41, 92914.00, 2358.72, '2025-03-03T12:43:30.892Z'),
(212, 41.41, 92914.00, 2358.72, '2025-03-03T12:44:00.893Z'),
(213, 41.41, 92914.00, 2358.72, '2025-03-03T12:44:30.893Z'),
(214, 41.41, 92914.00, 2358.72, '2025-03-03T12:45:00.893Z'),
(215, 41.41, 92914.00, 2358.72, '2025-03-03T12:45:30.893Z'),
(216, 41.41, 93030.00, 2366.47, '2025-03-03T12:46:01.106Z'),
(217, 41.41, 93030.00, 2366.47, '2025-03-03T12:46:30.893Z'),
(218, 41.41, 93030.00, 2366.47, '2025-03-03T12:46:44.961Z');
