INSERT INTO users (id, username, password, is_regulator, regulator_balance, last_nft_generation, nft_generation_count) VALUES
(2, 'user1', '$2b$10$OrQfQretBbMb.95zopjteOIzvsEvLiY0TI3tM.T/CAO1vJRPBWI4K', false, 0.00000000, NULL, 0),
(3, 'hjjjjkk', '$2b$10$T.9eaGSHg2C6phB7AiIFEOpYVEVg5GmrnJ1eK9k91sSuMBbLK.Af6', false, 0.00000000, NULL, 0),
(5, 'hjjjjkk4', '$2b$10$ggUvkVVgXesR3Ct3CdnDMeV5KrK0ZKgfp.nsCH3OMcJ/raD9.T6My', false, 0.00000000, NULL, 0),
(6, '1mxcmm', '$2b$10$.S97ZaXQF5jqOT/yjFqZV.UuEnzlD4A./9.RsB8zgusPhBrZ/WJ2W', false, 0.00000000, NULL, 0),
(7, 'BOGDANKICH', '$2b$10$ZMw8sK3JmsYNtsBWdurhdesOFkLPbU3wNZqe1jC3RYPvXOV5WQIm6', false, 0.00000000, NULL, 0),
(8, 'oleksandr', '$2b$10$hDjUrsJGIu3bVX9Pi9sDn.63WM1HQGo0g8m2GVoedv8q4f11.Og..', false, 0.00000000, NULL, 0),
(1, 'admin', '$2b$10$zPlHbd826q6nwzPdfJYET.DHEx.vvLkcb1nLsgMTKBx9QFs9UqG2S', true, 1000002.16324008, NULL, 0),
(9, 'yakic', '$2b$10$tL0Pc727yzHCRlspVn9Ky.wf7DDlIcIxiosootZaC3HgUCcyj2tAS', false, 0.00000000, NULL, 0);

INSERT INTO cards (id, user_id, type, number, expiry, cvv, balance, btc_balance, eth_balance, btc_address, eth_address) VALUES
(8, 3, 'usd', '4112515352138401', '03/28', '545', 0.00000000, 0.00000000, 0.00000000, NULL, NULL),
(9, 3, 'uah', '4113450932368131', '03/28', '263', 0.00000000, 0.00000000, 0.00000000, NULL, NULL),
(1, 1, 'crypto', '4000000000000000', '01/28', '170', 0.00000000, 987324.82630000, 789932.02847000, '3D2oetdNuZUqQHPJmcMDDHYoqkyNVsFk9r', '0x71C7656EC7ab88b098defB751B7401B5f6d8976F'),
(22, 8, 'crypto', '4111749773029110', '03/28', '603', 0.00000000, 66.88000000, 0.00000000, '3ETUmNhL2JuCFFVNQq5j4zLrKVMTbYe6YR', '0x2B5634C42055806a59e9107ED44D43c426E58258'),
(19, 7, 'crypto', '4111718116071665', '03/28', '580', 0.00000000, 13.32373625, 0.00000000, '3BZj8Xf72guNcHCvaTCyhJqzyKhNJZuSUK', '0x3f5CE5FBFe3E9af3971dD833D26bA9b5C936f0bE'),
(25, 9, 'crypto', '4111632844510907', '03/28', '214', 0.00000000, 0.00000000, 0.00000000, '3NDT7xrvvj9Yuhkq4ST53SHXJRQEuZ7KyN', '0x71C7656EC7ab88b098defB751B7401B5f6d8976F'),
(7, 3, 'crypto', '4111884974782522', '03/28', '277', 0.00000000, 0.00000000, 0.00000000, '3MbYQMMmSkC3AgWkj9FMo5LsPTW1zBTwXL', '0x3d918f04F0D0fe2475F6001543439a1dc48302D1'),
(13, 5, 'crypto', '4111225714515166', '03/28', '302', 0.00000000, 0.00000000, 0.00000000, '3KsGkKymfZ8xUwfEi8AxYdmJz5ZEVnhcfr', '0x9A0CAb6E761e6fbA18D196343fd761Aacd95C4b6'),
(14, 5, 'usd', '4112033874553949', '03/28', '257', 0.00000000, 0.00000000, 0.00000000, NULL, NULL),
(15, 5, 'uah', '4113899877125688', '03/28', '363', 0.00000000, 0.00000000, 0.00000000, NULL, NULL),
(26, 9, 'usd', '4112243266280940', '03/28', '788', 0.00000000, 0.00000000, 0.00000000, NULL, NULL),
(27, 9, 'uah', '4113235315258477', '03/28', '513', 0.00000000, 0.00000000, 0.00000000, NULL, NULL),
(5, 2, 'usd', '4000000000000005', '09/28', '271', 1000.00000000, 0.00000000, 0.00000000, NULL, NULL),
(6, 2, 'uah', '4000000000000006', '03/28', '112', 40000.00000000, 0.00000000, 0.00000000, NULL, NULL),
(16, 6, 'crypto', '4111484423633696', '03/28', '428', 0.00000000, 0.00000000, 0.00000000, '3HSMPBUuAPQf6CU5B3qa6fALmtYYuJiwqk', '0x9d8A62f656a8d1AEB388b9Bb6b757E3598772520'),
(17, 6, 'usd', '4112049340908831', '03/28', '307', 0.00000000, 0.00000000, 0.00000000, NULL, NULL),
(18, 6, 'uah', '4113607704487451', '03/28', '254', 0.00000000, 0.00000000, 0.00000000, NULL, NULL),
(2, 1, 'usd', '4000000000000001', '07/28', '581', 200000000.00000000, 0.00000000, 0.00000000, NULL, NULL),
(3, 1, 'uah', '4000000000000002', '06/28', '884', 400000000.00000000, 0.00000000, 0.00000000, NULL, NULL),
(21, 7, 'uah', '4113190797798001', '03/28', '403', 0.00000000, 0.00000000, 0.00000000, NULL, NULL),
(20, 7, 'usd', '4112422858332202', '03/28', '985', 1834221.00000000, 0.00000000, 0.00000000, NULL, NULL),
(4, 2, 'crypto', '4000000000000004', '12/28', '702', 0.00000000, 124.00100000, 0.01000000, '3BZj8Xf72guNcHCvaTCyhJqzyKhNJZuSUK', '0x88dD15CeAeBc7CdB6C4e1F4E64f085e55f6d8976F'),
(23, 8, 'usd', '4112260057022550', '03/28', '490', 0.00000000, 0.00000000, 0.00000000, NULL, NULL),
(24, 8, 'uah', '4113865912257356', '03/28', '117', 0.00000000, 0.00000000, 0.00000000, NULL, NULL);

INSERT INTO transactions (id, from_card_id, to_card_id, amount, converted_amount, type, wallet, status, created_at, description, from_card_number, to_card_number) VALUES
(1, 1, 4, 90.00000000, 90.00000000, 'transfer', NULL, 'completed', '2025-03-09T12:27:08.064Z', 'Перевод 90.00000000 BTC на адрес 3BZj8Xf72guNcHCvaTCyhJqzyKhNJZuSUK', '4000000000000000', '4000000000000004'),
(2, 1, 1, 0.90000000, 0.90000000, 'commission', NULL, 'completed', '2025-03-09T12:27:08.142Z', 'Комиссия за перевод (0.90000000 BTC)', '4000000000000000', 'REGULATOR'),
(3, 1, 20, 23.00000000, 1947341.00000000, 'transfer', NULL, 'completed', '2025-03-09T12:28:27.382Z', 'Перевод 23.00000000 CRYPTO → 1947341.00 USD (курс: 84667.00)', '4000000000000000', '4112422858332202'),
(4, 1, 1, 0.23000000, 0.00000272, 'commission', NULL, 'completed', '2025-03-09T12:28:27.458Z', 'Комиссия за перевод (0.00000272 BTC)', '4000000000000000', 'REGULATOR'),
(5, 20, 19, 112000.00000000, 1.32373625, 'transfer', NULL, 'completed', '2025-03-09T12:29:03.078Z', 'Перевод 112000.00 USD (1.32373625 BTC) на адрес 3BZj8Xf72guNcHCvaTCyhJqzyKhNJZuSUK', '4112422858332202', '4111718116071665'),
(6, 20, 1, 1120.00000000, 0.01323736, 'commission', NULL, 'completed', '2025-03-09T12:29:03.157Z', 'Комиссия за перевод 1120.00 USD (0.01323736 BTC)', '4112422858332202', 'REGULATOR'),
(7, 1, 4, 34.00000000, 34.00000000, 'transfer', NULL, 'completed', '2025-03-09T12:30:05.314Z', 'Перевод 34.00000000 BTC на адрес 3BZj8Xf72guNcHCvaTCyhJqzyKhNJZuSUK', '4000000000000000', '4000000000000004'),
(8, 1, 1, 0.34000000, 0.34000000, 'commission', NULL, 'completed', '2025-03-09T12:30:05.388Z', 'Комиссия за перевод (0.34000000 BTC)', '4000000000000000', 'REGULATOR'),
(9, 1, 22, 1.00000000, 1.00000000, 'transfer', NULL, 'completed', '2025-03-09T12:32:06.074Z', 'Перевод 1.00000000 BTC на адрес 3ETUmNhL2JuCFFVNQq5j4zLrKVMTbYe6YR', '4000000000000000', '4111749773029110'),
(10, 1, 1, 0.01000000, 0.01000000, 'commission', NULL, 'completed', '2025-03-09T12:32:06.159Z', 'Комиссия за перевод (0.01000000 BTC)', '4000000000000000', 'REGULATOR'),
(11, 1, 22, 78.00000000, 78.00000000, 'transfer', NULL, 'completed', '2025-03-09T12:32:34.160Z', 'Перевод 78.00000000 BTC на адрес 3ETUmNhL2JuCFFVNQq5j4zLrKVMTbYe6YR', '4000000000000000', '4111749773029110'),
(12, 1, 1, 0.78000000, 0.78000000, 'commission', NULL, 'completed', '2025-03-09T12:32:34.235Z', 'Комиссия за перевод (0.78000000 BTC)', '4000000000000000', 'REGULATOR'),
(13, 22, 19, 12.00000000, 12.00000000, 'transfer', NULL, 'completed', '2025-03-09T12:32:59.359Z', 'Перевод 12.00000000 BTC на адрес 3BZj8Xf72guNcHCvaTCyhJqzyKhNJZuSUK', '4111749773029110', '4111718116071665'),
(14, 22, 1, 0.12000000, 0.12000000, 'commission', NULL, 'completed', '2025-03-09T12:32:59.434Z', 'Комиссия за перевод (0.12000000 BTC)', '4111749773029110', 'REGULATOR');

INSERT INTO exchange_rates (id, usd_to_uah, btc_to_usd, eth_to_usd, updated_at) VALUES
(1, 41.22, 84811.00, 2141.72, '2025-03-09T11:32:05.579Z'),
(2, 41.22, 84748.00, 2140.67, '2025-03-09T11:32:19.795Z'),
(3, 41.22, 84748.00, 2140.67, '2025-03-09T11:32:49.198Z'),
(4, 41.22, 84748.00, 2140.67, '2025-03-09T11:33:16.017Z'),
(5, 41.22, 84748.00, 2140.67, '2025-03-09T11:33:45.567Z'),
(6, 41.22, 84748.00, 2140.67, '2025-03-09T11:34:15.568Z'),
(7, 41.22, 84748.00, 2140.67, '2025-03-09T11:34:45.569Z'),
(8, 41.22, 84817.00, 2143.28, '2025-03-09T11:35:17.990Z'),
(9, 41.22, 84817.00, 2143.28, '2025-03-09T11:35:47.473Z'),
(10, 41.22, 84817.00, 2143.28, '2025-03-09T11:36:17.475Z'),
(11, 41.22, 84817.00, 2143.28, '2025-03-09T11:36:47.475Z'),
(12, 41.22, 84817.00, 2143.28, '2025-03-09T11:37:17.476Z'),
(13, 41.22, 84817.00, 2143.28, '2025-03-09T11:37:47.476Z'),
(14, 41.22, 84817.00, 2143.28, '2025-03-09T11:38:17.476Z'),
(15, 41.22, 84817.00, 2143.28, '2025-03-09T11:38:47.477Z'),
(16, 41.22, 84817.00, 2143.28, '2025-03-09T11:39:17.477Z'),
(17, 41.22, 84817.00, 2143.28, '2025-03-09T11:39:47.477Z'),
(18, 41.22, 84817.00, 2143.28, '2025-03-09T11:40:17.477Z'),
(19, 41.22, 84775.00, 2142.46, '2025-03-09T11:40:47.679Z'),
(20, 41.22, 84775.00, 2142.46, '2025-03-09T11:41:17.478Z'),
(21, 41.22, 84775.00, 2142.46, '2025-03-09T11:41:47.479Z'),
(22, 41.22, 84775.00, 2142.46, '2025-03-09T11:42:17.480Z'),
(23, 41.22, 84775.00, 2142.46, '2025-03-09T11:42:47.480Z'),
(24, 41.22, 84775.00, 2142.46, '2025-03-09T11:43:17.480Z'),
(25, 41.22, 84775.00, 2142.46, '2025-03-09T11:43:47.480Z'),
(26, 41.22, 84847.00, 2143.50, '2025-03-09T11:43:53.899Z'),
(27, 41.22, 84775.00, 2142.46, '2025-03-09T11:44:17.481Z'),
(28, 41.22, 84847.00, 2143.50, '2025-03-09T11:44:19.473Z'),
(29, 41.22, 84775.00, 2142.46, '2025-03-09T11:44:47.482Z'),
(30, 41.22, 84847.00, 2143.50, '2025-03-09T11:44:48.626Z'),
(31, 41.22, 84775.00, 2142.46, '2025-03-09T11:45:17.482Z'),
(32, 41.22, 84847.00, 2143.50, '2025-03-09T11:45:18.627Z'),
(33, 41.22, 84775.00, 2142.46, '2025-03-09T11:45:47.482Z'),
(34, 41.22, 84847.00, 2143.50, '2025-03-09T11:45:48.627Z'),
(35, 41.22, 84890.00, 2144.98, '2025-03-09T11:46:17.658Z'),
(36, 41.22, 84847.00, 2143.50, '2025-03-09T11:46:18.627Z'),
(37, 41.22, 84890.00, 2144.98, '2025-03-09T11:46:47.482Z'),
(38, 41.22, 84847.00, 2143.50, '2025-03-09T11:46:48.629Z'),
(39, 41.22, 84890.00, 2144.98, '2025-03-09T11:47:17.482Z'),
(40, 41.22, 84847.00, 2143.50, '2025-03-09T11:47:18.629Z'),
(41, 41.22, 84890.00, 2144.98, '2025-03-09T11:47:47.482Z'),
(42, 41.22, 84847.00, 2143.50, '2025-03-09T11:47:48.630Z'),
(43, 41.22, 84890.00, 2144.98, '2025-03-09T11:48:17.482Z'),
(44, 41.22, 84847.00, 2143.50, '2025-03-09T11:48:18.630Z'),
(45, 41.22, 84890.00, 2144.98, '2025-03-09T11:48:47.482Z'),
(46, 41.22, 84847.00, 2143.50, '2025-03-09T11:48:48.631Z'),
(47, 41.22, 84890.00, 2144.98, '2025-03-09T11:49:17.482Z'),
(48, 41.22, 84847.00, 2143.50, '2025-03-09T11:49:18.630Z'),
(49, 41.22, 84934.00, 2145.68, '2025-03-09T11:49:32.856Z'),
(50, 41.22, 84890.00, 2144.98, '2025-03-09T11:49:47.482Z'),
(51, 41.22, 84934.00, 2145.68, '2025-03-09T11:50:01.971Z'),
(52, 41.22, 84890.00, 2144.98, '2025-03-09T11:50:17.482Z'),
(53, 41.22, 84934.00, 2145.68, '2025-03-09T11:50:31.972Z'),
(54, 41.22, 84890.00, 2144.98, '2025-03-09T11:50:47.483Z'),
(55, 41.22, 84934.00, 2145.68, '2025-03-09T11:51:01.971Z'),
(56, 41.22, 84890.00, 2144.98, '2025-03-09T11:51:17.484Z'),
(57, 41.22, 84918.00, 2145.14, '2025-03-09T11:51:33.343Z'),
(58, 41.22, 84918.00, 2145.14, '2025-03-09T11:51:47.663Z'),
(59, 41.22, 84918.00, 2145.14, '2025-03-09T11:52:02.804Z'),
(60, 41.22, 84918.00, 2145.14, '2025-03-09T11:52:17.485Z'),
(61, 41.22, 84918.00, 2145.14, '2025-03-09T11:52:32.805Z'),
(62, 41.22, 84918.00, 2145.14, '2025-03-09T11:52:47.486Z'),
(63, 41.22, 84918.00, 2145.14, '2025-03-09T11:53:02.805Z'),
(64, 41.22, 84918.00, 2145.14, '2025-03-09T11:53:17.487Z'),
(65, 41.22, 84918.00, 2145.14, '2025-03-09T11:53:32.805Z'),
(66, 41.22, 84918.00, 2145.14, '2025-03-09T11:53:47.488Z'),
(67, 41.22, 84918.00, 2145.14, '2025-03-09T11:54:02.806Z'),
(68, 41.22, 84918.00, 2145.14, '2025-03-09T11:54:17.489Z'),
(69, 41.22, 84918.00, 2145.14, '2025-03-09T11:54:32.806Z'),
(70, 41.22, 84918.00, 2145.14, '2025-03-09T11:54:47.490Z'),
(71, 41.22, 84918.00, 2145.14, '2025-03-09T11:55:02.806Z'),
(72, 41.22, 84918.00, 2145.14, '2025-03-09T11:55:17.491Z'),
(73, 41.22, 84918.00, 2145.14, '2025-03-09T11:55:32.807Z'),
(74, 41.22, 84918.00, 2145.14, '2025-03-09T11:55:47.492Z'),
(75, 41.22, 84918.00, 2145.14, '2025-03-09T11:56:02.807Z'),
(76, 41.22, 84918.00, 2145.14, '2025-03-09T11:56:17.492Z'),
(77, 41.22, 84918.00, 2145.14, '2025-03-09T11:56:32.807Z'),
(78, 41.22, 84918.00, 2145.14, '2025-03-09T11:56:47.492Z'),
(79, 41.22, 84960.00, 2146.00, '2025-03-09T11:57:03.003Z'),
(80, 41.22, 84960.00, 2146.00, '2025-03-09T11:57:17.673Z'),
(81, 41.22, 84960.00, 2146.00, '2025-03-09T11:57:24.563Z'),
(82, 41.22, 84960.00, 2146.00, '2025-03-09T11:57:47.493Z'),
(83, 41.22, 84960.00, 2146.00, '2025-03-09T11:57:53.663Z'),
(84, 41.22, 84960.00, 2146.00, '2025-03-09T11:58:17.494Z'),
(85, 41.22, 84960.00, 2146.00, '2025-03-09T11:58:23.664Z'),
(86, 41.22, 84960.00, 2146.00, '2025-03-09T11:58:47.495Z'),
(87, 41.22, 84960.00, 2146.00, '2025-03-09T11:58:53.665Z'),
(88, 41.22, 84960.00, 2146.00, '2025-03-09T11:59:17.495Z'),
(89, 41.22, 84960.00, 2146.00, '2025-03-09T11:59:23.666Z'),
(90, 41.22, 84960.00, 2146.00, '2025-03-09T11:59:47.495Z'),
(91, 41.22, 84960.00, 2146.00, '2025-03-09T11:59:53.666Z'),
(92, 41.22, 84960.00, 2146.00, '2025-03-09T12:00:17.494Z'),
(93, 41.22, 84960.00, 2146.00, '2025-03-09T12:00:23.667Z'),
(94, 41.22, 85046.00, 2148.19, '2025-03-09T12:00:39.584Z'),
(95, 41.22, 84960.00, 2146.00, '2025-03-09T12:00:47.495Z'),
(96, 41.22, 85046.00, 2148.19, '2025-03-09T12:01:08.560Z'),
(97, 41.22, 84960.00, 2146.00, '2025-03-09T12:01:17.494Z'),
(98, 41.22, 85046.00, 2148.19, '2025-03-09T12:01:23.181Z'),
(99, 41.22, 84960.00, 2146.00, '2025-03-09T12:01:47.495Z'),
(100, 41.22, 85046.00, 2148.19, '2025-03-09T12:01:52.404Z'),
(101, 41.22, 85019.00, 2147.28, '2025-03-09T12:02:03.744Z'),
(102, 41.22, 84960.00, 2146.00, '2025-03-09T12:02:17.495Z'),
(103, 41.22, 85019.00, 2147.28, '2025-03-09T12:02:32.941Z'),
(104, 41.22, 85019.00, 2147.28, '2025-03-09T12:02:45.360Z'),
(105, 41.22, 85019.00, 2147.28, '2025-03-09T12:02:47.677Z'),
(106, 41.22, 85019.00, 2147.28, '2025-03-09T12:03:14.682Z'),
(107, 41.22, 85019.00, 2147.28, '2025-03-09T12:03:17.495Z'),
(108, 41.22, 84978.00, 2146.30, '2025-03-09T12:03:33.333Z'),
(109, 41.22, 85019.00, 2147.28, '2025-03-09T12:03:47.495Z'),
(110, 41.22, 84978.00, 2146.30, '2025-03-09T12:04:02.369Z'),
(111, 41.22, 85019.00, 2147.28, '2025-03-09T12:04:17.495Z'),
(112, 41.22, 84978.00, 2146.30, '2025-03-09T12:04:32.369Z'),
(113, 41.22, 85019.00, 2147.28, '2025-03-09T12:04:47.495Z'),
(114, 41.22, 84978.00, 2146.30, '2025-03-09T12:05:02.370Z'),
(115, 41.22, 85019.00, 2147.28, '2025-03-09T12:05:17.495Z'),
(116, 41.22, 84978.00, 2146.30, '2025-03-09T12:05:32.371Z'),
(117, 41.22, 85019.00, 2147.28, '2025-03-09T12:05:47.494Z'),
(118, 41.22, 84978.00, 2146.30, '2025-03-09T12:06:02.370Z'),
(119, 41.22, 85019.00, 2147.28, '2025-03-09T12:06:17.494Z'),
(120, 41.22, 84978.00, 2146.30, '2025-03-09T12:06:32.372Z'),
(121, 41.22, 85019.00, 2147.28, '2025-03-09T12:06:47.494Z'),
(122, 41.22, 84978.00, 2146.30, '2025-03-09T12:07:02.373Z'),
(123, 41.22, 85019.00, 2147.28, '2025-03-09T12:07:17.495Z'),
(125, 41.22, 85019.00, 2147.28, '2025-03-09T12:07:47.496Z'),
(124, 41.22, 84978.00, 2146.30, '2025-03-09T12:07:32.374Z'),
(126, 41.22, 84978.00, 2146.30, '2025-03-09T12:08:02.374Z'),
(127, 41.22, 84478.00, 2135.46, '2025-03-09T12:08:17.667Z'),
(128, 41.22, 84978.00, 2146.30, '2025-03-09T12:08:32.375Z'),
(129, 41.22, 84478.00, 2135.46, '2025-03-09T12:08:47.498Z'),
(130, 41.22, 84478.00, 2135.46, '2025-03-09T12:09:02.536Z'),
(131, 41.22, 84478.00, 2135.46, '2025-03-09T12:09:17.499Z'),
(132, 41.22, 84478.00, 2135.46, '2025-03-09T12:09:32.376Z'),
(133, 41.22, 84478.00, 2135.46, '2025-03-09T12:09:47.500Z'),
(134, 41.22, 84478.00, 2135.46, '2025-03-09T12:10:02.376Z'),
(135, 41.22, 84478.00, 2135.46, '2025-03-09T12:10:17.501Z'),
(136, 41.22, 84478.00, 2135.46, '2025-03-09T12:10:32.376Z'),
(137, 41.22, 84478.00, 2135.46, '2025-03-09T12:10:47.502Z'),
(138, 41.22, 84478.00, 2135.46, '2025-03-09T12:11:02.376Z'),
(139, 41.22, 84478.00, 2135.46, '2025-03-09T12:11:17.503Z'),
(140, 41.22, 84478.00, 2135.46, '2025-03-09T12:11:32.376Z'),
(141, 41.22, 84478.00, 2135.46, '2025-03-09T12:11:47.503Z'),
(142, 41.22, 84478.00, 2135.46, '2025-03-09T12:12:02.376Z'),
(143, 41.22, 84478.00, 2135.46, '2025-03-09T12:12:17.503Z'),
(144, 41.22, 84261.00, 2133.13, '2025-03-09T12:12:17.864Z'),
(145, 41.22, 84261.00, 2133.13, '2025-03-09T12:12:46.502Z'),
(146, 41.22, 84478.00, 2135.46, '2025-03-09T12:12:47.504Z'),
(147, 41.22, 84261.00, 2133.13, '2025-03-09T12:13:10.643Z'),
(148, 41.22, 84478.00, 2135.46, '2025-03-09T12:13:17.504Z'),
(149, 41.22, 84261.00, 2133.13, '2025-03-09T12:13:40.023Z'),
(150, 41.22, 84300.00, 2134.42, '2025-03-09T12:13:47.617Z'),
(151, 41.22, 84261.00, 2133.13, '2025-03-09T12:14:10.026Z'),
(152, 41.22, 84300.00, 2134.42, '2025-03-09T12:14:17.505Z'),
(153, 41.22, 84261.00, 2133.13, '2025-03-09T12:14:40.025Z'),
(154, 41.22, 84300.00, 2134.42, '2025-03-09T12:14:47.505Z'),
(155, 41.22, 84261.00, 2133.13, '2025-03-09T12:15:10.025Z'),
(156, 41.22, 84300.00, 2134.42, '2025-03-09T12:15:17.506Z'),
(157, 41.22, 84261.00, 2133.13, '2025-03-09T12:15:40.025Z'),
(158, 41.22, 84300.00, 2134.42, '2025-03-09T12:15:47.506Z'),
(159, 41.22, 84261.00, 2133.13, '2025-03-09T12:16:10.026Z'),
(160, 41.22, 84300.00, 2134.42, '2025-03-09T12:16:17.506Z'),
(161, 41.22, 84261.00, 2133.13, '2025-03-09T12:16:40.027Z'),
(162, 41.22, 84300.00, 2134.42, '2025-03-09T12:16:47.506Z'),
(163, 41.22, 84261.00, 2133.13, '2025-03-09T12:17:10.027Z'),
(164, 41.22, 84300.00, 2134.42, '2025-03-09T12:17:17.506Z'),
(165, 41.22, 84261.00, 2133.13, '2025-03-09T12:17:40.028Z'),
(166, 41.22, 84300.00, 2134.42, '2025-03-09T12:17:47.507Z'),
(167, 41.22, 84261.00, 2133.13, '2025-03-09T12:18:10.029Z'),
(168, 41.22, 84300.00, 2134.42, '2025-03-09T12:18:17.507Z'),
(169, 41.22, 84488.00, 2139.32, '2025-03-09T12:18:40.232Z'),
(170, 41.22, 84300.00, 2134.42, '2025-03-09T12:18:47.507Z'),
(171, 41.22, 84488.00, 2139.32, '2025-03-09T12:19:10.029Z'),
(172, 41.22, 84488.00, 2139.32, '2025-03-09T12:19:17.708Z'),
(173, 41.22, 84488.00, 2139.32, '2025-03-09T12:19:40.031Z'),
(174, 41.22, 84488.00, 2139.32, '2025-03-09T12:19:47.507Z'),
(175, 41.22, 84488.00, 2139.32, '2025-03-09T12:20:10.031Z'),
(176, 41.22, 84488.00, 2139.32, '2025-03-09T12:20:17.507Z'),
(177, 41.22, 84488.00, 2139.32, '2025-03-09T12:20:40.032Z'),
(178, 41.22, 84488.00, 2139.32, '2025-03-09T12:20:47.507Z'),
(179, 41.22, 84488.00, 2139.32, '2025-03-09T12:21:10.033Z'),
(180, 41.22, 84488.00, 2139.32, '2025-03-09T12:21:17.507Z'),
(181, 41.22, 84563.00, 2141.93, '2025-03-09T12:21:47.019Z'),
(182, 41.22, 84488.00, 2139.32, '2025-03-09T12:21:47.507Z'),
(183, 41.22, 84563.00, 2141.93, '2025-03-09T12:22:15.622Z'),
(184, 41.22, 84488.00, 2139.32, '2025-03-09T12:22:17.507Z'),
(185, 41.22, 84563.00, 2141.93, '2025-03-09T12:22:45.622Z'),
(186, 41.22, 84488.00, 2139.32, '2025-03-09T12:22:47.507Z'),
(187, 41.22, 84563.00, 2141.93, '2025-03-09T12:23:15.622Z'),
(188, 41.22, 84488.00, 2139.32, '2025-03-09T12:23:17.506Z'),
(189, 41.22, 84624.00, 2144.08, '2025-03-09T12:23:29.681Z'),
(190, 41.22, 84488.00, 2139.32, '2025-03-09T12:23:47.507Z'),
(191, 41.22, 84624.00, 2144.08, '2025-03-09T12:23:58.487Z'),
(192, 41.22, 84488.00, 2139.32, '2025-03-09T12:24:17.508Z'),
(193, 41.22, 84624.00, 2144.08, '2025-03-09T12:24:28.487Z'),
(194, 41.22, 84667.00, 2144.91, '2025-03-09T12:24:47.686Z'),
(195, 41.22, 84624.00, 2144.08, '2025-03-09T12:24:58.488Z'),
(196, 41.22, 84667.00, 2144.91, '2025-03-09T12:25:17.510Z'),
(197, 41.22, 84624.00, 2144.08, '2025-03-09T12:25:28.488Z'),
(198, 41.22, 84667.00, 2144.91, '2025-03-09T12:25:47.512Z'),
(199, 41.22, 84624.00, 2144.08, '2025-03-09T12:25:58.489Z'),
(200, 41.22, 84667.00, 2144.91, '2025-03-09T12:26:17.512Z'),
(201, 41.22, 84624.00, 2144.08, '2025-03-09T12:26:28.489Z'),
(202, 41.22, 84667.00, 2144.91, '2025-03-09T12:26:47.513Z'),
(203, 41.22, 84624.00, 2144.08, '2025-03-09T12:26:58.491Z'),
(204, 41.22, 84667.00, 2144.91, '2025-03-09T12:27:17.514Z'),
(205, 41.22, 84624.00, 2144.08, '2025-03-09T12:27:28.491Z'),
(206, 41.22, 84667.00, 2144.91, '2025-03-09T12:27:47.515Z'),
(207, 41.22, 84624.00, 2144.08, '2025-03-09T12:27:58.491Z'),
(208, 41.22, 84667.00, 2144.91, '2025-03-09T12:28:17.516Z'),
(209, 41.22, 84624.00, 2144.08, '2025-03-09T12:28:28.491Z'),
(210, 41.22, 84667.00, 2144.91, '2025-03-09T12:28:47.517Z'),
(211, 41.22, 84609.00, 2143.86, '2025-03-09T12:28:58.702Z'),
(212, 41.22, 84667.00, 2144.91, '2025-03-09T12:29:17.518Z'),
(213, 41.22, 84609.00, 2143.86, '2025-03-09T12:29:28.491Z'),
(214, 41.22, 84667.00, 2144.91, '2025-03-09T12:29:47.518Z'),
(215, 41.22, 84609.00, 2143.86, '2025-03-09T12:29:58.493Z'),
(216, 41.22, 84594.00, 2143.12, '2025-03-09T12:30:17.724Z'),
(217, 41.22, 84609.00, 2143.86, '2025-03-09T12:30:28.494Z'),
(218, 41.22, 84594.00, 2143.12, '2025-03-09T12:30:47.520Z'),
(219, 41.22, 84609.00, 2143.86, '2025-03-09T12:30:58.495Z'),
(220, 41.22, 84594.00, 2143.12, '2025-03-09T12:31:17.520Z'),
(221, 41.22, 84609.00, 2143.86, '2025-03-09T12:31:28.496Z'),
(222, 41.22, 84594.00, 2143.12, '2025-03-09T12:31:47.521Z'),
(223, 41.22, 84609.00, 2143.86, '2025-03-09T12:31:58.495Z'),
(224, 41.22, 84594.00, 2143.12, '2025-03-09T12:32:17.521Z'),
(225, 41.22, 84609.00, 2143.86, '2025-03-09T12:32:28.495Z'),
(226, 41.22, 84594.00, 2143.12, '2025-03-09T12:32:47.522Z'),
(227, 41.22, 84609.00, 2143.86, '2025-03-09T12:32:58.496Z'),
(228, 41.22, 84594.00, 2143.12, '2025-03-09T12:33:17.522Z'),
(229, 41.22, 84609.00, 2143.86, '2025-03-09T12:33:28.497Z'),
(230, 41.22, 84594.00, 2143.12, '2025-03-09T12:33:47.522Z'),
(231, 41.22, 84609.00, 2143.86, '2025-03-09T12:33:58.498Z'),
(232, 41.22, 84594.00, 2143.12, '2025-03-09T12:34:17.523Z'),
(233, 41.22, 84478.00, 2140.53, '2025-03-09T12:34:28.740Z'),
(234, 41.22, 84594.00, 2143.12, '2025-03-09T12:34:47.523Z'),
(235, 41.22, 84478.00, 2140.53, '2025-03-09T12:34:58.500Z'),
(236, 41.22, 84594.00, 2143.12, '2025-03-09T12:35:17.523Z'),
(237, 41.22, 84485.00, 2140.34, '2025-03-09T12:35:33.571Z'),
(238, 41.22, 84485.00, 2140.34, '2025-03-09T12:35:47.699Z'),
(239, 41.22, 84485.00, 2140.34, '2025-03-09T12:36:02.386Z'),
(240, 41.22, 84485.00, 2140.34, '2025-03-09T12:36:17.523Z'),
(241, 41.22, 84485.00, 2140.34, '2025-03-09T12:36:32.386Z'),
(242, 41.22, 84485.00, 2140.34, '2025-03-09T12:36:47.523Z'),
(243, 41.22, 84485.00, 2140.34, '2025-03-09T12:37:02.386Z'),
(244, 41.22, 84485.00, 2140.34, '2025-03-09T12:37:17.523Z'),
(245, 41.22, 84485.00, 2140.34, '2025-03-09T12:37:32.387Z'),
(246, 41.22, 84485.00, 2140.34, '2025-03-09T12:37:47.523Z'),
(247, 41.22, 84485.00, 2140.34, '2025-03-09T12:38:02.387Z'),
(248, 41.22, 84485.00, 2140.34, '2025-03-09T12:38:17.523Z'),
(249, 41.22, 84485.00, 2140.34, '2025-03-09T12:38:32.388Z'),
(250, 41.22, 84485.00, 2140.34, '2025-03-09T12:38:47.523Z'),
(251, 41.22, 84485.00, 2140.34, '2025-03-09T12:39:02.388Z'),
(252, 41.22, 84485.00, 2140.34, '2025-03-09T12:39:17.523Z'),
(253, 41.22, 84485.00, 2140.34, '2025-03-09T12:39:32.389Z'),
(254, 41.22, 84485.00, 2140.34, '2025-03-09T12:39:47.523Z'),
(255, 41.22, 84485.00, 2140.34, '2025-03-09T12:40:02.390Z'),
(256, 41.22, 84485.00, 2140.34, '2025-03-09T12:40:17.522Z'),
(257, 41.22, 84485.00, 2140.34, '2025-03-09T12:40:32.391Z'),
(258, 41.22, 84485.00, 2140.34, '2025-03-09T12:40:47.523Z'),
(259, 41.22, 84655.00, 2145.21, '2025-03-09T12:41:02.635Z'),
(260, 41.22, 84737.00, 2146.82, '2025-03-09T12:41:17.693Z'),
(261, 41.22, 84655.00, 2145.21, '2025-03-09T12:41:32.391Z'),
(262, 41.22, 84737.00, 2146.82, '2025-03-09T12:41:47.525Z'),
(263, 41.22, 84655.00, 2145.21, '2025-03-09T12:42:02.394Z'),
(264, 41.22, 84737.00, 2146.82, '2025-03-09T12:42:17.526Z'),
(265, 41.22, 84655.00, 2145.21, '2025-03-09T12:42:32.394Z'),
(266, 41.22, 84737.00, 2146.82, '2025-03-09T12:42:47.527Z'),
(267, 41.22, 84655.00, 2145.21, '2025-03-09T12:43:02.395Z'),
(268, 41.22, 84737.00, 2146.82, '2025-03-09T12:43:17.528Z'),
(269, 41.22, 84655.00, 2145.21, '2025-03-09T12:43:32.395Z'),
(270, 41.22, 84737.00, 2146.82, '2025-03-09T12:43:47.529Z'),
(271, 41.22, 84655.00, 2145.21, '2025-03-09T12:44:02.396Z'),
(272, 41.22, 84737.00, 2146.82, '2025-03-09T12:44:17.530Z'),
(273, 41.22, 84655.00, 2145.21, '2025-03-09T12:44:32.395Z'),
(274, 41.22, 84737.00, 2146.82, '2025-03-09T12:44:47.531Z'),
(275, 41.22, 84655.00, 2145.21, '2025-03-09T12:45:02.396Z'),
(276, 41.22, 84737.00, 2146.82, '2025-03-09T12:45:17.532Z'),
(277, 41.22, 84655.00, 2145.21, '2025-03-09T12:45:32.397Z'),
(278, 41.22, 84737.00, 2146.82, '2025-03-09T12:45:47.533Z'),
(279, 41.22, 84655.00, 2145.21, '2025-03-09T12:46:02.398Z'),
(280, 41.22, 84737.00, 2146.82, '2025-03-09T12:46:17.534Z'),
(281, 41.22, 84785.00, 2146.51, '2025-03-09T12:46:32.560Z'),
(282, 41.22, 84729.00, 2144.85, '2025-03-09T12:46:47.703Z'),
(283, 41.22, 84785.00, 2146.51, '2025-03-09T12:47:02.400Z'),
(284, 41.22, 84729.00, 2144.85, '2025-03-09T12:47:17.535Z'),
(285, 41.22, 84785.00, 2146.51, '2025-03-09T12:47:32.401Z'),
(286, 41.22, 84729.00, 2144.85, '2025-03-09T12:47:47.536Z'),
(287, 41.22, 84785.00, 2146.51, '2025-03-09T12:48:02.401Z'),
(288, 41.22, 84729.00, 2144.85, '2025-03-09T12:48:17.536Z'),
(289, 41.22, 84785.00, 2146.51, '2025-03-09T12:48:32.401Z'),
(290, 41.22, 84729.00, 2144.85, '2025-03-09T12:48:47.536Z'),
(291, 41.22, 84785.00, 2146.51, '2025-03-09T12:49:02.402Z'),
(292, 41.22, 84729.00, 2144.85, '2025-03-09T12:49:17.536Z'),
(293, 41.22, 84785.00, 2146.51, '2025-03-09T12:49:32.403Z'),
(294, 41.22, 84729.00, 2144.85, '2025-03-09T12:49:47.536Z'),
(295, 41.22, 84785.00, 2146.51, '2025-03-09T12:50:02.404Z'),
(296, 41.22, 84729.00, 2144.85, '2025-03-09T12:50:17.536Z'),
(297, 41.22, 84785.00, 2146.51, '2025-03-09T12:50:32.405Z'),
(298, 41.22, 84729.00, 2144.85, '2025-03-09T12:50:47.537Z'),
(299, 41.22, 84785.00, 2146.51, '2025-03-09T12:51:02.405Z'),
(300, 41.22, 84729.00, 2144.85, '2025-03-09T12:51:17.537Z'),
(301, 41.22, 84785.00, 2146.51, '2025-03-09T12:51:32.405Z'),
(302, 41.22, 84729.00, 2144.85, '2025-03-09T12:51:47.538Z'),
(303, 41.22, 84655.00, 2142.98, '2025-03-09T12:52:02.608Z'),
(304, 41.22, 84655.00, 2142.98, '2025-03-09T12:52:17.744Z'),
(305, 41.22, 84655.00, 2142.98, '2025-03-09T12:52:32.407Z'),
(306, 41.22, 84655.00, 2142.98, '2025-03-09T12:52:47.538Z'),
(307, 41.22, 84655.00, 2142.98, '2025-03-09T12:53:02.408Z'),
(308, 41.22, 84655.00, 2142.98, '2025-03-09T12:53:17.539Z'),
(309, 41.22, 84655.00, 2142.98, '2025-03-09T12:53:32.408Z'),
(310, 41.22, 84655.00, 2142.98, '2025-03-09T12:53:47.539Z'),
(311, 41.22, 84655.00, 2142.98, '2025-03-09T12:54:02.409Z'),
(312, 41.22, 84655.00, 2142.98, '2025-03-09T12:54:17.538Z'),
(313, 41.22, 84655.00, 2142.98, '2025-03-09T12:54:32.409Z'),
(314, 41.22, 84655.00, 2142.98, '2025-03-09T12:54:47.539Z'),
(315, 41.22, 84655.00, 2142.98, '2025-03-09T12:55:02.409Z'),
(316, 41.22, 84655.00, 2142.98, '2025-03-09T12:55:17.539Z'),
(317, 41.22, 84655.00, 2142.98, '2025-03-09T12:55:32.409Z'),
(318, 41.22, 84655.00, 2142.98, '2025-03-09T12:55:47.539Z'),
(319, 41.22, 84655.00, 2142.98, '2025-03-09T12:56:02.409Z'),
(320, 41.22, 84655.00, 2142.98, '2025-03-09T12:56:17.539Z'),
(321, 41.22, 84655.00, 2142.98, '2025-03-09T12:56:32.409Z'),
(322, 41.22, 84655.00, 2142.98, '2025-03-09T12:56:47.539Z'),
(323, 41.22, 84655.00, 2142.98, '2025-03-09T12:57:02.410Z'),
(324, 41.22, 84655.00, 2142.98, '2025-03-09T12:57:17.539Z'),
(325, 41.22, 84529.00, 2140.19, '2025-03-09T12:57:32.594Z'),
(326, 41.22, 84529.00, 2140.19, '2025-03-09T12:57:47.669Z'),
(327, 41.22, 84529.00, 2140.19, '2025-03-09T12:58:02.411Z'),
(328, 41.22, 84529.00, 2140.19, '2025-03-09T12:58:17.539Z'),
(329, 41.22, 84529.00, 2140.19, '2025-03-09T12:58:32.411Z'),
(330, 41.22, 84529.00, 2140.19, '2025-03-09T12:58:47.541Z'),
(331, 41.22, 84529.00, 2140.19, '2025-03-09T12:59:02.412Z'),
(332, 41.22, 84529.00, 2140.19, '2025-03-09T12:59:17.541Z'),
(333, 41.22, 84529.00, 2140.19, '2025-03-09T12:59:32.412Z'),
(334, 41.22, 84529.00, 2140.19, '2025-03-09T12:59:47.542Z'),
(335, 41.22, 84529.00, 2140.19, '2025-03-09T13:00:02.413Z'),
(336, 41.22, 84529.00, 2140.19, '2025-03-09T13:00:17.544Z'),
(337, 41.22, 84529.00, 2140.19, '2025-03-09T13:00:32.414Z'),
(338, 41.22, 84529.00, 2140.19, '2025-03-09T13:00:47.544Z'),
(339, 41.22, 84529.00, 2140.19, '2025-03-09T13:01:02.415Z'),
(340, 41.22, 84529.00, 2140.19, '2025-03-09T13:01:17.545Z'),
(341, 41.22, 84529.00, 2140.19, '2025-03-09T13:01:32.416Z'),
(342, 41.22, 84529.00, 2140.19, '2025-03-09T13:01:47.546Z'),
(343, 41.22, 84529.00, 2140.19, '2025-03-09T13:02:02.416Z'),
(344, 41.22, 84529.00, 2140.19, '2025-03-09T13:02:17.547Z'),
(345, 41.22, 84529.00, 2140.19, '2025-03-09T13:02:32.417Z'),
(346, 41.22, 84529.00, 2140.19, '2025-03-09T13:02:47.548Z'),
(347, 41.22, 84559.00, 2140.19, '2025-03-09T13:03:02.615Z'),
(348, 41.22, 84559.00, 2140.19, '2025-03-09T13:03:17.733Z'),
(349, 41.22, 84559.00, 2140.19, '2025-03-09T13:03:32.419Z'),
(350, 41.22, 84559.00, 2140.19, '2025-03-09T13:03:47.550Z'),
(351, 41.22, 84559.00, 2140.19, '2025-03-09T13:04:02.420Z'),
(352, 41.22, 84559.00, 2140.19, '2025-03-09T13:04:17.551Z'),
(353, 41.22, 84559.00, 2140.19, '2025-03-09T13:04:32.421Z'),
(354, 41.22, 84559.00, 2140.19, '2025-03-09T13:04:47.552Z'),
(355, 41.22, 84559.00, 2140.19, '2025-03-09T13:05:02.422Z'),
(356, 41.22, 84559.00, 2140.19, '2025-03-09T13:05:17.552Z'),
(357, 41.22, 84559.00, 2140.19, '2025-03-09T13:05:32.423Z'),
(358, 41.22, 84559.00, 2140.19, '2025-03-09T13:05:47.551Z'),
(359, 41.22, 84559.00, 2140.19, '2025-03-09T13:06:02.423Z'),
(360, 41.22, 84559.00, 2140.19, '2025-03-09T13:06:17.552Z'),
(361, 41.22, 84559.00, 2140.19, '2025-03-09T13:06:32.424Z'),
(362, 41.22, 84559.00, 2140.19, '2025-03-09T13:06:47.552Z'),
(363, 41.22, 84559.00, 2140.19, '2025-03-09T13:07:02.424Z'),
(364, 41.22, 84559.00, 2140.19, '2025-03-09T13:07:17.553Z'),
(365, 41.22, 84559.00, 2140.19, '2025-03-09T13:07:32.425Z'),
(367, 41.22, 84559.00, 2140.19, '2025-03-09T13:08:02.425Z'),
(366, 41.22, 84559.00, 2140.19, '2025-03-09T13:07:47.553Z'),
(368, 41.22, 84559.00, 2140.19, '2025-03-09T13:08:17.553Z'),
(369, 41.22, 84636.00, 2142.16, '2025-03-09T13:08:32.631Z'),
(370, 41.22, 84636.00, 2142.16, '2025-03-09T13:08:47.725Z'),
(371, 41.22, 84636.00, 2142.16, '2025-03-09T13:09:02.425Z'),
(372, 41.22, 84636.00, 2142.16, '2025-03-09T13:09:17.552Z'),
(373, 41.22, 84636.00, 2142.16, '2025-03-09T13:09:32.426Z'),
(374, 41.22, 84636.00, 2142.16, '2025-03-09T13:09:47.552Z'),
(375, 41.22, 84636.00, 2142.16, '2025-03-09T13:10:02.426Z'),
(376, 41.22, 84636.00, 2142.16, '2025-03-09T13:10:17.553Z'),
(377, 41.22, 84636.00, 2142.16, '2025-03-09T13:10:32.427Z'),
(378, 41.22, 84636.00, 2142.16, '2025-03-09T13:10:47.553Z'),
(379, 41.22, 84636.00, 2142.16, '2025-03-09T13:11:02.428Z'),
(380, 41.22, 84636.00, 2142.16, '2025-03-09T13:11:17.553Z'),
(381, 41.22, 84636.00, 2142.16, '2025-03-09T13:11:32.428Z'),
(382, 41.22, 84636.00, 2142.16, '2025-03-09T13:11:47.554Z'),
(383, 41.22, 84636.00, 2142.16, '2025-03-09T13:12:02.429Z'),
(384, 41.22, 84636.00, 2142.16, '2025-03-09T13:12:17.553Z'),
(385, 41.22, 84636.00, 2142.16, '2025-03-09T13:12:32.429Z'),
(386, 41.22, 84636.00, 2142.16, '2025-03-09T13:12:47.554Z'),
(387, 41.22, 84636.00, 2142.16, '2025-03-09T13:13:02.429Z'),
(388, 41.22, 84636.00, 2142.16, '2025-03-09T13:13:17.554Z'),
(389, 41.22, 84636.00, 2142.16, '2025-03-09T13:13:32.430Z'),
(390, 41.22, 84636.00, 2142.16, '2025-03-09T13:13:47.554Z'),
(391, 41.22, 84530.00, 2139.88, '2025-03-09T13:14:02.650Z'),
(392, 41.22, 84500.00, 2139.52, '2025-03-09T13:14:17.725Z'),
(393, 41.22, 84530.00, 2139.88, '2025-03-09T13:14:32.431Z'),
(394, 41.22, 84500.00, 2139.52, '2025-03-09T13:14:47.554Z'),
(395, 41.22, 84530.00, 2139.88, '2025-03-09T13:15:02.433Z'),
(396, 41.22, 84500.00, 2139.52, '2025-03-09T13:15:17.555Z'),
(397, 41.22, 84530.00, 2139.88, '2025-03-09T13:15:32.434Z'),
(398, 41.22, 84500.00, 2139.52, '2025-03-09T13:15:47.556Z'),
(399, 41.22, 84530.00, 2139.88, '2025-03-09T13:16:02.435Z'),
(400, 41.22, 84500.00, 2139.52, '2025-03-09T13:16:17.556Z'),
(401, 41.22, 84530.00, 2139.88, '2025-03-09T13:16:32.437Z'),
(402, 41.22, 84500.00, 2139.52, '2025-03-09T13:16:47.557Z'),
(403, 41.22, 84530.00, 2139.88, '2025-03-09T13:17:02.439Z'),
(404, 41.22, 84500.00, 2139.52, '2025-03-09T13:17:17.557Z'),
(405, 41.22, 84530.00, 2139.88, '2025-03-09T13:17:32.440Z'),
(406, 41.22, 84500.00, 2139.52, '2025-03-09T13:17:47.558Z'),
(407, 41.22, 84530.00, 2139.88, '2025-03-09T13:18:02.441Z'),
(408, 41.22, 84500.00, 2139.52, '2025-03-09T13:18:17.559Z'),
(409, 41.22, 84530.00, 2139.88, '2025-03-09T13:18:32.442Z'),
(410, 41.22, 84500.00, 2139.52, '2025-03-09T13:18:47.560Z'),
(411, 41.22, 84530.00, 2139.88, '2025-03-09T13:19:02.442Z'),
(412, 41.22, 84500.00, 2139.52, '2025-03-09T13:19:17.562Z'),
(413, 41.22, 84359.00, 2136.55, '2025-03-09T13:19:32.631Z'),
(414, 41.22, 84381.00, 2137.10, '2025-03-09T13:19:47.746Z'),
(415, 41.22, 84359.00, 2136.55, '2025-03-09T13:20:02.444Z'),
(416, 41.22, 84381.00, 2137.10, '2025-03-09T13:20:17.563Z'),
(417, 41.22, 84359.00, 2136.55, '2025-03-09T13:20:32.444Z'),
(418, 41.22, 84381.00, 2137.10, '2025-03-09T13:20:47.563Z'),
(419, 41.22, 84359.00, 2136.55, '2025-03-09T13:21:02.444Z'),
(420, 41.22, 84381.00, 2137.10, '2025-03-09T13:21:17.564Z'),
(421, 41.22, 84359.00, 2136.55, '2025-03-09T13:21:32.444Z');
