
-- Table: users
INSERT INTO users (id, username, password, is_regulator, regulator_balance, last_nft_generation, nft_generation_count) VALUES
(142, 'Kich32', '73992c62ca47be0e8d949ad8df64324bae8f542007c0f2ef886f1b39418963c8b4ccc9c63939340a0a0f9c96d170dd0705075c728a35c76e3c340650970417cc.32567ef87fc584ec22cea70d4dbd6f46', False, '0E-8', NULL, 0),
(143, 'Tod Kolinsk', '73992c62ca47be0e8d949ad8df64324bae8f542007c0f2ef886f1b39418963c8b4ccc9c63939340a0a0f9c96d170dd0705075c728a35c76e3c340650970417cc.32567ef87fc584ec22cea70d4dbd6f46', False, '0E-8', NULL, 0),
(144, 'olektreyd@gmail.com', '73992c62ca47be0e8d949ad8df64324bae8f542007c0f2ef886f1b39418963c8b4ccc9c63939340a0a0f9c96d170dd0705075c728a35c76e3c340650970417cc.32567ef87fc584ec22cea70d4dbd6f46', False, '0E-8', NULL, 0),
(145, 'Nikita', '73992c62ca47be0e8d949ad8df64324bae8f542007c0f2ef886f1b39418963c8b4ccc9c63939340a0a0f9c96d170dd0705075c728a35c76e3c340650970417cc.32567ef87fc584ec22cea70d4dbd6f46', False, '0E-8', NULL, 0),
(146, 'Maksim4440432', '73992c62ca47be0e8d949ad8df64324bae8f542007c0f2ef886f1b39418963c8b4ccc9c63939340a0a0f9c96d170dd0705075c728a35c76e3c340650970417cc.32567ef87fc584ec22cea70d4dbd6f46', False, '0E-8', NULL, 0),
(147, 'user7', '73992c62ca47be0e8d949ad8df64324bae8f542007c0f2ef886f1b39418963c8b4ccc9c63939340a0a0f9c96d170dd0705075c728a35c76e3c340650970417cc.32567ef87fc584ec22cea70d4dbd6f46', False, '0E-8', NULL, 0),
(148, 'user8', '73992c62ca47be0e8d949ad8df64324bae8f542007c0f2ef886f1b39418963c8b4ccc9c63939340a0a0f9c96d170dd0705075c728a35c76e3c340650970417cc.32567ef87fc584ec22cea70d4dbd6f46', False, '0E-8', NULL, 0),
(149, 'user9', '73992c62ca47be0e8d949ad8df64324bae8f542007c0f2ef886f1b39418963c8b4ccc9c63939340a0a0f9c96d170dd0705075c728a35c76e3c340650970417cc.32567ef87fc584ec22cea70d4dbd6f46', False, '0E-8', NULL, 0),
(150, 'user10', '73992c62ca47be0e8d949ad8df64324bae8f542007c0f2ef886f1b39418963c8b4ccc9c63939340a0a0f9c96d170dd0705075c728a35c76e3c340650970417cc.32567ef87fc584ec22cea70d4dbd6f46', False, '0E-8', NULL, 0),
(151, 'user11', '73992c62ca47be0e8d949ad8df64324bae8f542007c0f2ef886f1b39418963c8b4ccc9c63939340a0a0f9c96d170dd0705075c728a35c76e3c340650970417cc.32567ef87fc584ec22cea70d4dbd6f46', False, '0E-8', NULL, 0),
(152, 'user12', '73992c62ca47be0e8d949ad8df64324bae8f542007c0f2ef886f1b39418963c8b4ccc9c63939340a0a0f9c96d170dd0705075c728a35c76e3c340650970417cc.32567ef87fc584ec22cea70d4dbd6f46', False, '0E-8', NULL, 0),
(153, 'user13', '73992c62ca47be0e8d949ad8df64324bae8f542007c0f2ef886f1b39418963c8b4ccc9c63939340a0a0f9c96d170dd0705075c728a35c76e3c340650970417cc.32567ef87fc584ec22cea70d4dbd6f46', False, '0E-8', NULL, 0),
(154, 'user14', '73992c62ca47be0e8d949ad8df64324bae8f542007c0f2ef886f1b39418963c8b4ccc9c63939340a0a0f9c96d170dd0705075c728a35c76e3c340650970417cc.32567ef87fc584ec22cea70d4dbd6f46', False, '0E-8', NULL, 0),
(155, 'user15', '73992c62ca47be0e8d949ad8df64324bae8f542007c0f2ef886f1b39418963c8b4ccc9c63939340a0a0f9c96d170dd0705075c728a35c76e3c340650970417cc.32567ef87fc584ec22cea70d4dbd6f46', False, '0E-8', NULL, 0),
(156, 'user16', '73992c62ca47be0e8d949ad8df64324bae8f542007c0f2ef886f1b39418963c8b4ccc9c63939340a0a0f9c96d170dd0705075c728a35c76e3c340650970417cc.32567ef87fc584ec22cea70d4dbd6f46', False, '0E-8', NULL, 0),
(157, 'user17', '73992c62ca47be0e8d949ad8df64324bae8f542007c0f2ef886f1b39418963c8b4ccc9c63939340a0a0f9c96d170dd0705075c728a35c76e3c340650970417cc.32567ef87fc584ec22cea70d4dbd6f46', False, '0E-8', NULL, 0),
(158, 'user18', '73992c62ca47be0e8d949ad8df64324bae8f542007c0f2ef886f1b39418963c8b4ccc9c63939340a0a0f9c96d170dd0705075c728a35c76e3c340650970417cc.32567ef87fc584ec22cea70d4dbd6f46', False, '0E-8', NULL, 0),
(159, 'user19', '73992c62ca47be0e8d949ad8df64324bae8f542007c0f2ef886f1b39418963c8b4ccc9c63939340a0a0f9c96d170dd0705075c728a35c76e3c340650970417cc.32567ef87fc584ec22cea70d4dbd6f46', False, '0E-8', NULL, 0),
(160, 'user20', '73992c62ca47be0e8d949ad8df64324bae8f542007c0f2ef886f1b39418963c8b4ccc9c63939340a0a0f9c96d170dd0705075c728a35c76e3c340650970417cc.32567ef87fc584ec22cea70d4dbd6f46', False, '0E-8', NULL, 0),
(161, '1234', 'f38bd6ba7542e1e757acabac6b1c2b5e93d5bf6b80dac135dcd823c9efc03ae8f45888f033f884da8888559878cb6b78d127a0b23ab6652ce116d237348e3a81.61549ba4b53b3ed0e56469d4e674ed15', False, '0E-8', NULL, 0),
(141, 'admin', '73992c62ca47be0e8d949ad8df64324bae8f542007c0f2ef886f1b39418963c8b4ccc9c63939340a0a0f9c96d170dd0705075c728a35c76e3c340650970417cc.32567ef87fc584ec22cea70d4dbd6f46', True, '98779.00891000', NULL, 0);

-- Table: cards
INSERT INTO cards (id, user_id, type, number, expiry, cvv, balance, btc_balance, eth_balance, btc_address, eth_address) VALUES
(368, 150, 'crypto', '4532015112830007', '03/28', '319', '0E-8', '18.69362515', '337.67348579', 'bc10d17b293c6c442c3356c0f5eba1740472a076526901ee0ae891041d9f4bfa9cd', '0xff7f591eff622e1d6e5bb0d72f51398106f8bc401abda7109b4d8471f70fe4e9'),
(369, 151, 'crypto', '4532015112830008', '03/28', '589', '0E-8', '39.07166031', '471.67647453', 'bc1c080b6aa5a0d9a520892fca4c8068c8c8e9c9e3be160fc88f7cc5ed6018a152d', '0x860fa174eb5c86e00d605391b599eb934c338d886a215038955d9968031c6bfb'),
(370, 152, 'crypto', '4532015112830009', '03/28', '722', '0E-8', '18.25905442', '294.38257219', 'bc1bbf9d63cb105f1cd213ed3404e702d0473d5c19cc3deff59875af7a709037a60', '0x2d7c897453cfaba0d5040cc007632fd6d640f7ea4274b059940d7a1b07a6f0d4'),
(371, 153, 'crypto', '4532015112830010', '03/28', '452', '0E-8', '32.67041977', '184.42012198', 'bc145c2e22acab01aa141c027025645d54c10abfe3dae82bd980a751d23af2d18f1', '0x31d8d1c35be6008e7e00778f7a049f2e0666cd0e66b0617c638bf6fc95cfa255'),
(372, 154, 'crypto', '4532015112830011', '03/28', '470', '0E-8', '37.39441602', '268.15780697', 'bc1bd44dfd122374301e998cdb2dd3c089829e18ff4759174c3f20b8b9de8100196', '0x0aa4a5a47bffe0a77777aaf85ac105377f51260e84e998fcd59bd6717c38da8d'),
(373, 155, 'crypto', '4532015112830012', '03/28', '385', '0E-8', '29.67961300', '359.74882066', 'bc16aaf2fcd6dcd804f105655126d280ceff43743c2ea10b0e5e7eb3d34b737f45e', '0xbf0df26ffc7abef5ad1b1225fb20f7da09fd4a1e32e08cc120ca6333290da316'),
(374, 156, 'crypto', '4532015112830013', '03/28', '489', '0E-8', '13.53072912', '336.21483217', 'bc17d3ac6a6f6db3293df3d3a32ee12580496429d6438d774f8051dd77c75b39f21', '0xcb6e422e08efc8d3e05feacaba9c93aa446f83976e2f92c34d1c783a05730819'),
(375, 157, 'crypto', '4532015112830014', '03/28', '376', '0E-8', '46.41309524', '450.87164412', 'bc1b538070fa273f977cd72815dd1c11eb3e6d5baa3fbf0e171fcbf79b148577748', '0x0c4fb5a6a9c5079065ec78252e9599a9e61cba73986601ce1c24249e7af71a6a'),
(376, 158, 'crypto', '4532015112830015', '03/28', '376', '0E-8', '12.96130683', '329.13438675', 'bc11d74524597c78a49056c56c2049b44cfffe9326dd4803732fc4e21c35fbd17f3', '0xb3e9e376ae72c821299050c2e67f6f9b3ebe117237060f07fd340ce0f2fa0876'),
(377, 159, 'crypto', '4532015112830016', '03/28', '137', '0E-8', '14.86529043', '103.46385553', 'bc1785eb5fb0df4f430a66c608c505e3e7d448be3a76d38d8067a13d52552f3770d', '0xbd754e6018ab1f098a62392d44f29d9d4a351a1315dd663c2811f1c9f4128a7b'),
(378, 160, 'crypto', '4532015112830017', '03/28', '914', '0E-8', '18.73880898', '357.62044771', 'bc15b1577837edf150577ab0c778113d50f488dcb5266bd9f636b4e5d44410a150c', '0x6df8cb6e4976f6af8a4789e5335dac117305a0bad097b4b26a7a79b42e3d627f'),
(379, 147, 'crypto', '4532015112830018', '03/28', '519', '0E-8', '32.52944691', '327.94834837', 'bc1554c543f0818615bf7cc9142eb4b2495bfa8242482e07ca63c11cb6759514a10', '0x93d438bc60dc1f437b3c4e24ad0f9c6e672d8a9d86842b4d975c11c70ee8e62e'),
(380, 148, 'crypto', '4532015112830019', '03/28', '139', '0E-8', '25.68415160', '112.26071248', 'bc170eaf55dd9fae8582b0f65a601b4199eac79fef95c487bb7c2e3d1e3ab3b5a25', '0x9dd3f7284509b8e09b634db06814895975fabac6514cd9db49052edc4616358c'),
(381, 149, 'crypto', '4532015112830020', '03/28', '529', '0E-8', '32.14119490', '173.94484720', 'bc127abd527abfe57e7a747c412ca6e9d1ae43e88fc5ab9ba9337dd91f6a61139b9', '0x2d1372f443c36361cbfb0945def63ac308e7f84638e63c022c1b8fedd57de456'),
(382, 142, 'uah', '4532015112836001', '03/28', '928', '6913841.67021890', '0E-8', '0E-8', NULL, NULL),
(383, 146, 'uah', '4532015112836002', '03/28', '658', '7083337.09567490', '0E-8', '0E-8', NULL, NULL),
(384, 145, 'uah', '4532015112836003', '03/28', '242', '9851009.93905452', '0E-8', '0E-8', NULL, NULL),
(385, 143, 'uah', '4532015112836004', '03/28', '423', '7923283.18190621', '0E-8', '0E-8', NULL, NULL),
(387, 144, 'uah', '4532015112836006', '03/28', '280', '6223613.58970849', '0E-8', '0E-8', NULL, NULL),
(388, 150, 'uah', '4532015112836007', '03/28', '558', '8402598.13537262', '0E-8', '0E-8', NULL, NULL),
(389, 151, 'uah', '4532015112836008', '03/28', '963', '8756060.86431791', '0E-8', '0E-8', NULL, NULL),
(390, 152, 'uah', '4532015112836009', '03/28', '160', '4672327.81352261', '0E-8', '0E-8', NULL, NULL),
(391, 153, 'uah', '4532015112836010', '03/28', '577', '7754618.11977221', '0E-8', '0E-8', NULL, NULL),
(392, 154, 'uah', '4532015112836011', '03/28', '623', '8877980.65607299', '0E-8', '0E-8', NULL, NULL),
(393, 155, 'uah', '4532015112836012', '03/28', '595', '8885007.24071567', '0E-8', '0E-8', NULL, NULL),
(394, 156, 'uah', '4532015112836013', '03/28', '635', '6499774.28006412', '0E-8', '0E-8', NULL, NULL),
(395, 157, 'uah', '4532015112836014', '03/28', '601', '5928751.18486768', '0E-8', '0E-8', NULL, NULL),
(396, 158, 'uah', '4532015112836015', '03/28', '374', '9888131.74358753', '0E-8', '0E-8', NULL, NULL),
(397, 159, 'uah', '4532015112836016', '03/28', '937', '9789504.11042261', '0E-8', '0E-8', NULL, NULL),
(398, 160, 'uah', '4532015112836017', '03/28', '839', '6931728.71113330', '0E-8', '0E-8', NULL, NULL),
(399, 147, 'uah', '4532015112836018', '03/28', '211', '4132279.78928027', '0E-8', '0E-8', NULL, NULL),
(400, 148, 'uah', '4532015112836019', '03/28', '373', '5937401.90224242', '0E-8', '0E-8', NULL, NULL),
(401, 149, 'uah', '4532015112836020', '03/28', '573', '9731419.65950937', '0E-8', '0E-8', NULL, NULL),
(402, 142, 'usd', '5375414128030001', '03/28', '841', '731587.43541099', '0E-8', '0E-8', NULL, NULL),
(403, 146, 'usd', '5375414128030002', '03/28', '519', '701499.64664055', '0E-8', '0E-8', NULL, NULL),
(404, 145, 'usd', '5375414128030003', '03/28', '699', '600110.24599507', '0E-8', '0E-8', NULL, NULL),
(405, 143, 'usd', '5375414128030004', '03/28', '540', '847658.00836424', '0E-8', '0E-8', NULL, NULL),
(407, 144, 'usd', '5375414128030006', '03/28', '256', '427212.97356776', '0E-8', '0E-8', NULL, NULL),
(408, 150, 'usd', '5375414128030007', '03/28', '891', '314854.05527885', '0E-8', '0E-8', NULL, NULL),
(409, 151, 'usd', '5375414128030008', '03/28', '335', '286942.91089693', '0E-8', '0E-8', NULL, NULL),
(410, 152, 'usd', '5375414128030009', '03/28', '657', '366802.62356877', '0E-8', '0E-8', NULL, NULL),
(411, 153, 'usd', '5375414128030010', '03/28', '681', '250936.56972435', '0E-8', '0E-8', NULL, NULL),
(412, 154, 'usd', '5375414128030011', '03/28', '855', '750531.41634288', '0E-8', '0E-8', NULL, NULL),
(413, 155, 'usd', '5375414128030012', '03/28', '504', '741385.66058828', '0E-8', '0E-8', NULL, NULL),
(414, 156, 'usd', '5375414128030013', '03/28', '717', '643638.65175083', '0E-8', '0E-8', NULL, NULL),
(415, 157, 'usd', '5375414128030014', '03/28', '812', '711212.90156501', '0E-8', '0E-8', NULL, NULL),
(416, 158, 'usd', '5375414128030015', '03/28', '656', '438798.86476268', '0E-8', '0E-8', NULL, NULL),
(417, 159, 'usd', '5375414128030016', '03/28', '774', '606987.08215269', '0E-8', '0E-8', NULL, NULL),
(418, 160, 'usd', '5375414128030017', '03/28', '705', '856151.16727850', '0E-8', '0E-8', NULL, NULL),
(419, 147, 'usd', '5375414128030018', '03/28', '765', '951842.06850621', '0E-8', '0E-8', NULL, NULL),
(420, 148, 'usd', '5375414128030019', '03/28', '100', '568678.55515246', '0E-8', '0E-8', NULL, NULL),
(406, 141, 'usd', '5375414128030005', '03/28', '562', '1082784.75000000', '0E-8', '0E-8', NULL, NULL),
(362, 142, 'crypto', '4532015112830001', '03/28', '930', '0E-8', '98779.00891000', '133.76676173', 'bc117949e69fe598e96939ca6cd59b0d0346803d1790cec5f774c0e19475d20bcf7', '0x41267b16753eef14230e05fa03621d2104edb3003c02159b3ad8b18c7ef4534b'),
(363, 146, 'crypto', '4532015112830002', '03/28', '951', '0E-8', '98779.00891000', '327.32164708', 'bc170aeaf9f0583da564268f81be025ce876574220529fb7e84f99b11d55bf44a4c', '0x8bcd6e3a4315f39d5e267fd43fc5bcd2c5d35ab851467ed074c2d878b84cc2a1'),
(364, 145, 'crypto', '4532015112830003', '03/28', '923', '0E-8', '98779.00891000', '364.01348143', 'bc1972fea1da8feab69f6affbc6f39ace2cb434e48dfebb63357b4bdff7185ad194', '0x6385436919bffebc04e9fffdb50ee57614a674a9e093cf1af2264079c4298b4c'),
(365, 143, 'crypto', '4532015112830004', '03/28', '123', '0E-8', '98779.00891000', '318.16790383', 'bc1002a85d559f6ad5e9a011663c30a64e48d44fb42c5f6a1abad653eeffd5e859d', '0x6026b261c16341f8864a5b92831e1ad410a68ab1783bfab5df7542fcf841ed8c'),
(386, 141, 'uah', '4532015112836005', '03/28', '371', '946497.65000000', '0E-8', '0E-8', NULL, NULL),
(421, 149, 'usd', '5375414128030020', '03/28', '727', '921422.83188852', '0E-8', '0E-8', NULL, NULL),
(366, 141, 'crypto', '4532015112830005', '03/28', '726', '0E-8', '19.03421218', '194.27446904', 'bc1540516405f95eaa0f48ef31ac0fe5b5b5532be8c2806c63a8ce2ea89974a8a47', '0x9a01ff4dd71872a9fdbdb550f58411efd0342dde9152180a031ff23e5f851df4'),
(367, 144, 'crypto', '4532015112830006', '03/28', '217', '0E-8', '98779.00891000', '441.20007698', 'bc1280c3ff26f6f61bd83d652c6922dd8221016bfa10b7cdad6142ea35858591dbb', '0x72eb69dbc165dfaca93ae9ccf8df5df400f23bf7aa6529ca2f42307e0f719468');

-- Table: transactions
INSERT INTO transactions (id, from_card_id, to_card_id, amount, converted_amount, type, wallet, status, created_at, description, from_card_number, to_card_number) VALUES
(601, 373, 364, '1.00086007', '1.00086007', 'transfer', NULL, 'completed', '2025-03-05 18:19:24.330761', 'Перевод user15 → Nikita 1.00086007 BTC', '4532015112830012', '4532015112830003'),
(602, 416, 405, '10097.95589112', '10097.95589112', 'transfer', NULL, 'completed', '2025-03-05 16:42:54.114375', 'Перевод user18 → Tod Kolinsk 10097.95589112 USD', '5375414128030015', '5375414128030004'),
(603, 404, 421, '10133.43676037', '10133.43676037', 'transfer', NULL, 'completed', '2025-03-05 16:04:34.954048', 'Перевод Nikita → user9 10133.43676037 USD', '5375414128030003', '5375414128030020'),
(604, 414, 404, '10146.91503661', '10146.91503661', 'transfer', NULL, 'completed', '2025-03-05 15:50:01.561748', 'Перевод user16 → Nikita 10146.91503661 USD', '5375414128030013', '5375414128030003'),
(605, 408, 421, '10149.63155206', '10149.63155206', 'transfer', NULL, 'completed', '2025-03-05 15:47:05.531547', 'Перевод user10 → user9 10149.63155206 USD', '5375414128030007', '5375414128030020'),
(606, 367, 379, '1.02437995', '1.02437995', 'transfer', NULL, 'completed', '2025-03-05 14:05:23.451069', 'Перевод olektreyd@gmail.com → user7 1.02437995 BTC', '4532015112830006', '4532015112830018'),
(607, 392, 384, '102588.94178411', '102588.94178411', 'transfer', NULL, 'completed', '2025-03-05 13:49:05.313359', 'Перевод user14 → Nikita 102588.94178411 UAH', '4532015112836011', '4532015112836003'),
(608, 401, 385, '103856.28790206', '103856.28790206', 'transfer', NULL, 'completed', '2025-03-05 11:32:12.910515', 'Перевод user9 → Tod Kolinsk 103856.28790206 UAH', '4532015112836020', '4532015112836004'),
(609, 385, 384, '104245.28433197', '104245.28433197', 'transfer', NULL, 'completed', '2025-03-05 10:50:12.213649', 'Перевод Tod Kolinsk → Nikita 104245.28433197 UAH', '4532015112836004', '4532015112836003'),
(610, 376, 378, '1.04285825', '1.04285825', 'transfer', NULL, 'completed', '2025-03-05 10:45:49.507190', 'Перевод user18 → user20 1.04285825 BTC', '4532015112830015', '4532015112830017'),
(611, 385, 392, '104367.54055483', '104367.54055483', 'transfer', NULL, 'completed', '2025-03-05 10:36:59.993325', 'Перевод Tod Kolinsk → user14 104367.54055483 UAH', '4532015112836004', '4532015112836011'),
(612, 381, 380, '1.04681329', '1.04681329', 'transfer', NULL, 'completed', '2025-03-05 10:03:06.645148', 'Перевод user9 → user8 1.04681329 BTC', '4532015112830020', '4532015112830019'),
(613, 404, 412, '10505.54649150', '10505.54649150', 'transfer', NULL, 'completed', '2025-03-05 09:22:42.243471', 'Перевод Nikita → user14 10505.54649150 USD', '5375414128030003', '5375414128030011'),
(614, 365, 374, '1.05574681', '1.05574681', 'transfer', NULL, 'completed', '2025-03-05 08:26:37.722331', 'Перевод Tod Kolinsk → user16 1.05574681 BTC', '4532015112830004', '4532015112830013'),
(615, 400, 388, '105787.84497013', '105787.84497013', 'transfer', NULL, 'completed', '2025-03-05 08:03:36.420714', 'Перевод user8 → user10 105787.84497013 UAH', '4532015112836019', '4532015112836007'),
(616, 397, 395, '105915.88436647', '105915.88436647', 'transfer', NULL, 'completed', '2025-03-05 07:49:46.725425', 'Перевод user19 → user17 105915.88436647 UAH', '4532015112836016', '4532015112836014'),
(617, 408, 413, '10593.14797692', '10593.14797692', 'transfer', NULL, 'completed', '2025-03-05 07:48:05.667215', 'Перевод user10 → user15 10593.14797692 USD', '5375414128030007', '5375414128030012'),
(618, 420, 416, '10634.22405240', '10634.22405240', 'transfer', NULL, 'completed', '2025-03-05 07:03:43.937524', 'Перевод user8 → user18 10634.22405240 USD', '5375414128030019', '5375414128030015'),
(619, 416, 413, '10637.59452692', '10637.59452692', 'transfer', NULL, 'completed', '2025-03-05 07:00:05.530775', 'Перевод user18 → user15 10637.59452692 USD', '5375414128030015', '5375414128030012'),
(620, 410, 405, '10642.18057306', '10642.18057306', 'transfer', NULL, 'completed', '2025-03-05 06:55:08.354986', 'Перевод user12 → Tod Kolinsk 10642.18057306 USD', '5375414128030009', '5375414128030004'),
(621, 394, 388, '106560.57548775', '106560.57548775', 'transfer', NULL, 'completed', '2025-03-05 06:40:09.126959', 'Перевод user16 → user10 106560.57548775 UAH', '4532015112836013', '4532015112836007'),
(622, 398, 399, '106563.63527503', '106563.63527503', 'transfer', NULL, 'completed', '2025-03-05 06:39:49.299538', 'Перевод user20 → user7 106563.63527503 UAH', '4532015112836017', '4532015112836018'),
(623, 387, 395, '106639.09484975', '106639.09484975', 'transfer', NULL, 'completed', '2025-03-05 06:31:40.321494', 'Перевод olektreyd@gmail.com → user17 106639.09484975 UAH', '4532015112836006', '4532015112836014'),
(624, 395, 385, '107435.88036350', '107435.88036350', 'transfer', NULL, 'completed', '2025-03-05 05:05:37.151365', 'Перевод user17 → Tod Kolinsk 107435.88036350 UAH', '4532015112836014', '4532015112836004'),
(625, 382, 392, '107896.36543866', '107896.36543866', 'transfer', NULL, 'completed', '2025-03-05 04:15:53.208077', 'Перевод Kich32 → user14 107896.36543866 UAH', '4532015112836001', '4532015112836011'),
(626, 376, 367, '1.08002797', '1.08002797', 'transfer', NULL, 'completed', '2025-03-05 04:04:23.532325', 'Перевод user18 → olektreyd@gmail.com 1.08002797 BTC', '4532015112830015', '4532015112830006'),
(627, 364, 380, '1.08468906', '1.08468906', 'transfer', NULL, 'completed', '2025-03-05 03:14:03.147290', 'Перевод Nikita → user8 1.08468906 BTC', '4532015112830003', '4532015112830019'),
(628, 413, 419, '10887.02029288', '10887.02029288', 'transfer', NULL, 'completed', '2025-03-05 02:30:42.741141', 'Перевод user15 → user7 10887.02029288 USD', '5375414128030012', '5375414128030018'),
(629, 363, 373, '1.09988989', '1.09988989', 'transfer', NULL, 'completed', '2025-03-05 00:29:53.005032', 'Перевод Maksim4440432 → user15 1.09988989 BTC', '4532015112830002', '4532015112830012'),
(630, 417, 412, '11185.69081870', '11185.69081870', 'transfer', NULL, 'completed', '2025-03-04 21:08:08.891068', 'Перевод user19 → user14 11185.69081870 USD', '5375414128030016', '5375414128030011'),
(631, 367, 377, '1.12536933', '1.12536933', 'transfer', NULL, 'completed', '2025-03-04 19:54:42.327836', 'Перевод olektreyd@gmail.com → user19 1.12536933 BTC', '4532015112830006', '4532015112830016'),
(632, 414, 418, '11299.08851354', '11299.08851354', 'transfer', NULL, 'completed', '2025-03-04 19:05:40.720443', 'Перевод user16 → user20 11299.08851354 USD', '5375414128030013', '5375414128030017'),
(633, 417, 406, '11317.16787294', '11317.16787294', 'transfer', NULL, 'completed', '2025-03-04 18:46:09.177954', 'Перевод user19 → admin 11317.16787294 USD', '5375414128030016', '5375414128030005'),
(634, 365, 367, '1.13283026', '1.13283026', 'transfer', NULL, 'completed', '2025-03-04 18:34:07.645837', 'Перевод Tod Kolinsk → olektreyd@gmail.com 1.13283026 BTC', '4532015112830004', '4532015112830006'),
(635, 394, 385, '113420.08576211', '113420.08576211', 'transfer', NULL, 'completed', '2025-03-04 18:19:19.500382', 'Перевод user16 → Tod Kolinsk 113420.08576211 UAH', '4532015112836013', '4532015112836004'),
(636, 404, 414, '11366.21806128', '11366.21806128', 'transfer', NULL, 'completed', '2025-03-04 17:53:10.725749', 'Перевод Nikita → user16 11366.21806128 USD', '5375414128030003', '5375414128030013'),
(637, 376, 362, '1.13827689', '1.13827689', 'transfer', NULL, 'completed', '2025-03-04 17:35:18.233216', 'Перевод user18 → Kich32 1.13827689 BTC', '4532015112830015', '4532015112830001'),
(638, 368, 370, '1.14706579', '1.14706579', 'transfer', NULL, 'completed', '2025-03-04 16:00:23.027132', 'Перевод user10 → user12 1.14706579 BTC', '4532015112830007', '4532015112830009'),
(639, 371, 377, '1.15072498', '1.15072498', 'transfer', NULL, 'completed', '2025-03-04 15:20:51.869790', 'Перевод user13 → user19 1.15072498 BTC', '4532015112830010', '4532015112830016'),
(640, 417, 414, '11534.16769439', '11534.16769439', 'transfer', NULL, 'completed', '2025-03-04 14:51:47.589523', 'Перевод user19 → user16 11534.16769439 USD', '5375414128030016', '5375414128030013'),
(641, 406, 413, '11572.61731910', '11572.61731910', 'transfer', NULL, 'completed', '2025-03-04 14:10:16.053842', 'Перевод admin → user15 11572.61731910 USD', '5375414128030005', '5375414128030012'),
(642, 406, 404, '11600.70554066', '11600.70554066', 'transfer', NULL, 'completed', '2025-03-04 13:39:55.937085', 'Перевод admin → Nikita 11600.70554066 USD', '5375414128030005', '5375414128030003'),
(643, 409, 402, '11787.44867373', '11787.44867373', 'transfer', NULL, 'completed', '2025-03-04 10:18:14.982062', 'Перевод user11 → Kich32 11787.44867373 USD', '5375414128030008', '5375414128030001'),
(644, 378, 377, '1.18594810', '1.18594810', 'transfer', NULL, 'completed', '2025-03-04 09:00:27.285963', 'Перевод user20 → user19 1.18594810 BTC', '4532015112830017', '4532015112830016'),
(645, 405, 418, '11864.57092916', '11864.57092916', 'transfer', NULL, 'completed', '2025-03-04 08:54:57.459910', 'Перевод Tod Kolinsk → user20 11864.57092916 USD', '5375414128030004', '5375414128030017'),
(646, 369, 381, '1.19757670', '1.19757670', 'transfer', NULL, 'completed', '2025-03-04 06:54:51.955315', 'Перевод user11 → user9 1.19757670 BTC', '4532015112830008', '4532015112830020'),
(647, 387, 388, '119792.66697905', '119792.66697905', 'transfer', NULL, 'completed', '2025-03-04 06:51:05.174096', 'Перевод olektreyd@gmail.com → user10 119792.66697905 UAH', '4532015112836006', '4532015112836007'),
(648, 384, 394, '119915.19286245', '119915.19286245', 'transfer', NULL, 'completed', '2025-03-04 06:37:51.206371', 'Перевод Nikita → user16 119915.19286245 UAH', '4532015112836003', '4532015112836013'),
(649, 379, 371, '1.20249810', '1.20249810', 'commission', NULL, 'completed', '2025-03-04 06:01:42.887159', 'Перевод user7 → user13 1.20249810 BTC', '4532015112830018', '4532015112830010'),
(650, 364, 369, '1.20704377', '1.20704377', 'commission', NULL, 'completed', '2025-03-04 05:12:37.296262', 'Перевод Nikita → user11 1.20704377 BTC', '4532015112830003', '4532015112830008'),
(651, 380, 368, '1.20972357', '1.20972357', 'commission', NULL, 'completed', '2025-03-04 04:43:40.782214', 'Перевод user8 → user10 1.20972357 BTC', '4532015112830019', '4532015112830007'),
(652, 400, 389, '121053.40798855', '121053.40798855', 'commission', NULL, 'completed', '2025-03-04 04:34:55.572354', 'Перевод user8 → user11 121053.40798855 UAH', '4532015112836019', '4532015112836008'),
(653, 368, 367, '1.21106120', '1.21106120', 'commission', NULL, 'completed', '2025-03-04 04:29:13.998800', 'Перевод user10 → olektreyd@gmail.com 1.21106120 BTC', '4532015112830007', '4532015112830006'),
(654, 414, 402, '12235.29538065', '12235.29538065', 'commission', NULL, 'completed', '2025-03-04 02:14:34.515454', 'Перевод user16 → Kich32 12235.29538065 USD', '5375414128030013', '5375414128030001'),
(655, 402, 417, '12245.01493975', '12245.01493975', 'commission', NULL, 'completed', '2025-03-04 02:04:04.688024', 'Перевод Kich32 → user19 12245.01493975 USD', '5375414128030001', '5375414128030016'),
(656, 368, 366, '1.23047786', '1.23047786', 'commission', NULL, 'completed', '2025-03-04 00:59:32.005957', 'Перевод user10 → admin 1.23047786 BTC', '4532015112830007', '4532015112830005'),
(657, 421, 402, '12333.20066095', '12333.20066095', 'commission', NULL, 'completed', '2025-03-04 00:28:50.253291', 'Перевод user9 → Kich32 12333.20066095 USD', '5375414128030020', '5375414128030001'),
(658, 414, 410, '12351.15681820', '12351.15681820', 'commission', NULL, 'completed', '2025-03-04 00:09:26.694301', 'Перевод user16 → user12 12351.15681820 USD', '5375414128030013', '5375414128030009'),
(659, 399, 384, '123787.31591994', '123787.31591994', 'commission', NULL, 'completed', '2025-03-03 23:39:39.848959', 'Перевод user7 → Nikita 123787.31591994 UAH', '4532015112836018', '4532015112836003'),
(660, 367, 368, '1.24253774', '1.24253774', 'commission', NULL, 'completed', '2025-03-03 22:49:17.201257', 'Перевод olektreyd@gmail.com → user10 1.24253774 BTC', '4532015112830006', '4532015112830007'),
(661, 372, 368, '1.24829233', '1.24829233', 'commission', NULL, 'completed', '2025-03-03 21:47:08.226173', 'Перевод user14 → user10 1.24829233 BTC', '4532015112830011', '4532015112830007'),
(662, 414, 408, '12516.81463974', '12516.81463974', 'commission', NULL, 'completed', '2025-03-03 21:10:32.067465', 'Перевод user16 → user10 12516.81463974 USD', '5375414128030013', '5375414128030007'),
(663, 374, 364, '1.25717082', '1.25717082', 'commission', NULL, 'completed', '2025-03-03 20:11:14.965332', 'Перевод user16 → Nikita 1.25717082 BTC', '4532015112830013', '4532015112830003'),
(664, 362, 371, '1.26130298', '1.26130298', 'commission', NULL, 'completed', '2025-03-03 19:26:37.323094', 'Перевод Kich32 → user13 1.26130298 BTC', '4532015112830001', '4532015112830010'),
(665, 378, 362, '1.26560688', '1.26560688', 'commission', NULL, 'completed', '2025-03-03 18:40:08.400869', 'Перевод user20 → Kich32 1.26560688 BTC', '4532015112830017', '4532015112830001'),
(666, 410, 421, '12735.93756702', '12735.93756702', 'commission', NULL, 'completed', '2025-03-03 17:13:52.901777', 'Перевод user12 → user9 12735.93756702 USD', '5375414128030009', '5375414128030020'),
(667, 404, 420, '12743.73204846', '12743.73204846', 'commission', NULL, 'completed', '2025-03-03 17:05:27.819380', 'Перевод Nikita → user8 12743.73204846 USD', '5375414128030003', '5375414128030019'),
(668, 417, 415, '12775.64331255', '12775.64331255', 'commission', NULL, 'completed', '2025-03-03 16:30:59.969467', 'Перевод user19 → user17 12775.64331255 USD', '5375414128030016', '5375414128030014'),
(669, 365, 375, '1.28512921', '1.28512921', 'commission', NULL, 'completed', '2025-03-03 15:09:17.927952', 'Перевод Tod Kolinsk → user17 1.28512921 BTC', '4532015112830004', '4532015112830014'),
(670, 398, 392, '128588.86112994', '128588.86112994', 'commission', NULL, 'completed', '2025-03-03 15:01:05.835998', 'Перевод user20 → user14 128588.86112994 UAH', '4532015112836017', '4532015112836011'),
(671, 380, 377, '1.28924718', '1.28924718', 'commission', NULL, 'completed', '2025-03-03 14:24:49.485649', 'Перевод user8 → user19 1.28924718 BTC', '4532015112830019', '4532015112830016'),
(672, 413, 417, '12964.58519076', '12964.58519076', 'commission', NULL, 'completed', '2025-03-03 13:06:56.535759', 'Перевод user15 → user19 12964.58519076 USD', '5375414128030012', '5375414128030016'),
(673, 363, 379, '1.29836601', '1.29836601', 'commission', NULL, 'completed', '2025-03-03 12:46:20.484655', 'Перевод Maksim4440432 → user7 1.29836601 BTC', '4532015112830002', '4532015112830018'),
(674, 388, 396, '129993.27714449', '129993.27714449', 'commission', NULL, 'completed', '2025-03-03 12:29:25.220224', 'Перевод user10 → user18 129993.27714449 UAH', '4532015112836007', '4532015112836015'),
(675, 396, 398, '131212.90105053', '131212.90105053', 'commission', NULL, 'completed', '2025-03-03 10:17:42.057313', 'Перевод user18 → user20 131212.90105053 UAH', '4532015112836015', '4532015112836017'),
(676, 366, 367, '1.31787036', '1.31787036', 'commission', NULL, 'completed', '2025-03-03 09:15:41.662947', 'Перевод admin → olektreyd@gmail.com 1.31787036 BTC', '4532015112830005', '4532015112830006'),
(677, 394, 391, '132601.16874813', '132601.16874813', 'commission', NULL, 'completed', '2025-03-03 07:47:46.082632', 'Перевод user16 → user13 132601.16874813 UAH', '4532015112836013', '4532015112836010'),
(678, 393, 388, '133231.43370975', '133231.43370975', 'commission', NULL, 'completed', '2025-03-03 06:39:41.965681', 'Перевод user15 → user10 133231.43370975 UAH', '4532015112836012', '4532015112836007'),
(679, 389, 399, '133253.57718376', '133253.57718376', 'commission', NULL, 'completed', '2025-03-03 06:37:18.475969', 'Перевод user11 → user7 133253.57718376 UAH', '4532015112836008', '4532015112836018'),
(680, 368, 381, '1.33271612', '1.33271612', 'commission', NULL, 'completed', '2025-03-03 06:35:21.611020', 'Перевод user10 → user9 1.33271612 BTC', '4532015112830007', '4532015112830020'),
(681, 394, 382, '133286.49000494', '133286.49000494', 'commission', NULL, 'completed', '2025-03-03 06:33:45.200888', 'Перевод user16 → Kich32 133286.49000494 UAH', '4532015112836013', '4532015112836001'),
(682, 362, 378, '1.33431210', '1.33431210', 'commission', NULL, 'completed', '2025-03-03 06:18:07.418555', 'Перевод Kich32 → user20 1.33431210 BTC', '4532015112830001', '4532015112830017'),
(683, 375, 376, '1.33831057', '1.33831057', 'commission', NULL, 'completed', '2025-03-03 05:34:56.407365', 'Перевод user17 → user18 1.33831057 BTC', '4532015112830014', '4532015112830015'),
(684, 396, 386, '134367.85865325', '134367.85865325', 'commission', NULL, 'completed', '2025-03-03 04:36:57.932047', 'Перевод user18 → admin 134367.85865325 UAH', '4532015112836015', '4532015112836005'),
(685, 392, 399, '134817.54727668', '134817.54727668', 'commission', NULL, 'completed', '2025-03-03 03:48:23.949767', 'Перевод user14 → user7 134817.54727668 UAH', '4532015112836011', '4532015112836018'),
(686, 404, 415, '13482.96916119', '13482.96916119', 'commission', NULL, 'completed', '2025-03-03 03:47:05.254475', 'Перевод Nikita → user17 13482.96916119 USD', '5375414128030003', '5375414128030014'),
(687, 398, 389, '134844.66305847', '134844.66305847', 'commission', NULL, 'completed', '2025-03-03 03:45:28.239501', 'Перевод user20 → user11 134844.66305847 UAH', '4532015112836017', '4532015112836008'),
(688, 380, 370, '1.35058468', '1.35058468', 'commission', NULL, 'completed', '2025-03-03 03:22:22.782480', 'Перевод user8 → user12 1.35058468 BTC', '4532015112830019', '4532015112830009'),
(689, 417, 420, '13594.93104272', '13594.93104272', 'commission', NULL, 'completed', '2025-03-03 01:46:10.124552', 'Перевод user19 → user8 13594.93104272 USD', '5375414128030016', '5375414128030019'),
(690, 376, 366, '1.36299383', '1.36299383', 'commission', NULL, 'completed', '2025-03-03 01:08:21.651537', 'Перевод user18 → admin 1.36299383 BTC', '4532015112830015', '4532015112830005'),
(691, 396, 393, '136487.46851843', '136487.46851843', 'commission', NULL, 'completed', '2025-03-03 00:48:02.860121', 'Перевод user18 → user15 136487.46851843 UAH', '4532015112836015', '4532015112836012'),
(692, 417, 408, '13650.42860847', '13650.42860847', 'commission', NULL, 'completed', '2025-03-03 00:46:13.882291', 'Перевод user19 → user10 13650.42860847 USD', '5375414128030016', '5375414128030007'),
(693, 367, 373, '1.36902428', '1.36902428', 'commission', NULL, 'completed', '2025-03-03 00:03:13.923622', 'Перевод olektreyd@gmail.com → user15 1.36902428 BTC', '4532015112830006', '4532015112830012'),
(694, 416, 414, '13714.88136369', '13714.88136369', 'commission', NULL, 'completed', '2025-03-02 23:36:37.343753', 'Перевод user18 → user16 13714.88136369 USD', '5375414128030015', '5375414128030013'),
(695, 383, 394, '137386.43269971', '137386.43269971', 'commission', NULL, 'completed', '2025-03-02 23:10:57.572226', 'Перевод Maksim4440432 → user16 137386.43269971 UAH', '4532015112836002', '4532015112836013'),
(696, 366, 371, '1.37412596', '1.37412596', 'commission', NULL, 'completed', '2025-03-02 23:08:08.034127', 'Перевод admin → user13 1.37412596 BTC', '4532015112830005', '4532015112830010'),
(697, 393, 391, '138515.55002691', '138515.55002691', 'commission', NULL, 'completed', '2025-03-02 21:09:00.891946', 'Перевод user15 → user13 138515.55002691 UAH', '4532015112836012', '4532015112836010'),
(698, 399, 388, '138577.73244928', '138577.73244928', 'commission', NULL, 'completed', '2025-03-02 21:02:17.949849', 'Перевод user7 → user10 138577.73244928 UAH', '4532015112836018', '4532015112836007'),
(699, 388, 389, '138638.33505500', '138638.33505500', 'commission', NULL, 'completed', '2025-03-02 20:55:45.244964', 'Перевод user10 → user11 138638.33505500 UAH', '4532015112836007', '4532015112836008'),
(700, 373, 365, '1.38652725', '1.38652725', 'commission', NULL, 'completed', '2025-03-02 20:54:11.996535', 'Перевод user15 → Tod Kolinsk 1.38652725 BTC', '4532015112830012', '4532015112830004'),
(701, 366, 386, '2.00000000', '7504000.52000000', 'transfer', NULL, 'completed', '2025-03-05 22:16:06.285000', 'Перевод 2.00000000 CRYPTO → 7504000.52 UAH (курс: 3752000.26)', '4532015112830005', '4532015112836005'),
(702, 366, 141, '0.02000000', '2.2E-7', 'commission', NULL, 'completed', '2025-03-05 22:16:06.362000', 'Комиссия за перевод (0.00000022 BTC)', '4532015112830005', 'REGULATOR'),
(703, 386, 406, '13000000.00000000', '314085.52790529', 'transfer', NULL, 'completed', '2025-03-06 08:51:53.564000', 'Перевод 13000000.00 UAH → 314085.53 USD (курс: 0.02)', '4532015112836005', '5375414128030005'),
(704, 386, 141, '130000.00000000', '1.42475122', 'commission', NULL, 'completed', '2025-03-06 08:51:53.695000', 'Комиссия за перевод (1.42475122 BTC)', '4532015112836005', 'REGULATOR');

-- Table: exchange_rates
INSERT INTO exchange_rates (id, usd_to_uah, btc_to_usd, eth_to_usd, updated_at) VALUES
(1, '37.00', '50000.00', '3000.00', '2025-03-04 23:00:00'),
(431, '41.59', '89502.00', '2189.58', '2025-03-05 17:52:28.718000'),
(432, '41.59', '89804.00', '2195.53', '2025-03-05 17:52:56.201000'),
(433, '41.59', '89804.00', '2195.53', '2025-03-05 17:53:23.652000'),
(434, '41.59', '89804.00', '2195.53', '2025-03-05 17:53:53.653000'),
(435, '41.59', '89804.00', '2195.53', '2025-03-05 17:54:23.654000'),
(436, '41.59', '89804.00', '2195.53', '2025-03-05 17:54:53.654000'),
(437, '41.59', '89804.00', '2195.53', '2025-03-05 17:55:23.654000'),
(438, '41.59', '89804.00', '2195.53', '2025-03-05 17:55:53.655000'),
(439, '41.59', '89804.00', '2195.53', '2025-03-05 17:56:23.655000'),
(440, '41.59', '89804.00', '2195.53', '2025-03-05 17:56:53.656000'),
(441, '41.59', '89804.00', '2195.53', '2025-03-05 17:57:23.656000'),
(442, '41.59', '89804.00', '2195.53', '2025-03-05 17:57:53.657000'),
(443, '41.59', '89836.00', '2191.40', '2025-03-05 17:58:23.962000'),
(444, '41.59', '89836.00', '2191.40', '2025-03-05 17:58:53.658000'),
(445, '41.59', '89836.00', '2191.40', '2025-03-05 17:59:23.658000'),
(446, '41.59', '89552.00', '2188.86', '2025-03-05 17:59:47.174000'),
(447, '41.59', '89552.00', '2188.86', '2025-03-05 18:00:16.472000'),
(448, '41.59', '89552.00', '2188.86', '2025-03-05 18:00:46.472000'),
(449, '41.59', '89552.00', '2188.86', '2025-03-05 18:01:16.472000'),
(450, '41.59', '89552.00', '2188.86', '2025-03-05 18:01:46.472000'),
(451, '41.59', '89552.00', '2188.86', '2025-03-05 18:02:16.472000'),
(452, '41.59', '89552.00', '2188.86', '2025-03-05 18:02:46.472000'),
(453, '41.59', '89552.00', '2188.86', '2025-03-05 18:03:16.473000'),
(454, '41.59', '89552.00', '2188.86', '2025-03-05 18:03:46.474000'),
(455, '41.59', '89552.00', '2188.86', '2025-03-05 18:04:16.475000'),
(456, '41.59', '89552.00', '2188.86', '2025-03-05 18:04:46.476000'),
(457, '41.59', '89530.00', '2190.29', '2025-03-05 18:05:16.807000'),
(458, '41.59', '89530.00', '2190.29', '2025-03-05 18:05:46.477000'),
(459, '41.59', '89530.00', '2190.29', '2025-03-05 18:06:16.478000'),
(460, '41.59', '89530.00', '2190.29', '2025-03-05 18:06:46.478000'),
(461, '41.59', '89530.00', '2190.29', '2025-03-05 18:07:16.479000'),
(462, '41.59', '89530.00', '2190.29', '2025-03-05 18:07:46.479000'),
(463, '41.59', '89530.00', '2190.29', '2025-03-05 18:08:16.480000'),
(464, '41.59', '89530.00', '2190.29', '2025-03-05 18:08:46.480000'),
(465, '41.59', '89530.00', '2190.29', '2025-03-05 18:09:16.481000'),
(466, '41.59', '89530.00', '2190.29', '2025-03-05 18:09:46.482000'),
(467, '41.59', '89530.00', '2190.29', '2025-03-05 18:10:16.482000'),
(468, '41.59', '88859.00', '2172.61', '2025-03-05 18:10:46.778000'),
(469, '41.59', '88859.00', '2172.61', '2025-03-05 18:11:16.483000'),
(470, '41.59', '88859.00', '2172.61', '2025-03-05 18:11:46.482000'),
(471, '41.59', '88859.00', '2172.61', '2025-03-05 18:12:16.483000'),
(472, '41.59', '88859.00', '2172.61', '2025-03-05 18:12:46.483000'),
(473, '41.59', '88859.00', '2172.61', '2025-03-05 18:13:16.483000'),
(474, '41.59', '88859.00', '2172.61', '2025-03-05 18:13:46.484000'),
(475, '41.59', '88859.00', '2172.61', '2025-03-05 18:14:16.485000'),
(476, '41.59', '88859.00', '2172.61', '2025-03-05 18:14:46.486000'),
(477, '41.59', '88859.00', '2172.61', '2025-03-05 18:15:16.486000'),
(478, '41.59', '88859.00', '2172.61', '2025-03-05 18:15:46.485000'),
(479, '41.59', '89286.00', '2184.61', '2025-03-05 18:16:16.786000'),
(480, '41.59', '89286.00', '2184.61', '2025-03-05 18:16:46.486000'),
(481, '41.59', '89286.00', '2184.61', '2025-03-05 18:17:16.486000'),
(482, '41.59', '89286.00', '2184.61', '2025-03-05 18:17:46.486000'),
(483, '41.59', '89286.00', '2184.61', '2025-03-05 18:18:16.487000'),
(484, '41.59', '89286.00', '2184.61', '2025-03-05 18:18:46.487000'),
(485, '41.59', '89286.00', '2184.61', '2025-03-05 18:19:16.488000'),
(486, '41.59', '89286.00', '2184.61', '2025-03-05 18:19:46.489000'),
(487, '41.59', '89286.00', '2184.61', '2025-03-05 18:20:16.490000'),
(488, '41.59', '89286.00', '2184.61', '2025-03-05 18:20:46.490000'),
(489, '41.59', '89286.00', '2184.61', '2025-03-05 18:21:16.492000'),
(490, '41.59', '89089.00', '2183.32', '2025-03-05 18:21:46.813000'),
(491, '41.59', '89089.00', '2183.32', '2025-03-05 18:22:16.494000'),
(492, '41.59', '89089.00', '2183.32', '2025-03-05 18:22:46.495000'),
(493, '41.59', '89089.00', '2183.32', '2025-03-05 18:23:16.496000'),
(494, '41.59', '89089.00', '2183.32', '2025-03-05 18:23:46.496000'),
(495, '41.59', '89089.00', '2183.32', '2025-03-05 18:24:16.497000'),
(496, '41.59', '89089.00', '2183.32', '2025-03-05 18:24:46.497000'),
(497, '41.59', '89089.00', '2183.32', '2025-03-05 18:25:16.497000'),
(498, '41.59', '89089.00', '2183.32', '2025-03-05 18:25:46.497000'),
(499, '41.59', '89089.00', '2183.32', '2025-03-05 18:26:16.497000'),
(500, '41.59', '89089.00', '2183.32', '2025-03-05 18:26:46.498000'),
(501, '41.59', '89344.00', '2191.72', '2025-03-05 18:27:16.801000'),
(502, '41.59', '89344.00', '2191.72', '2025-03-05 18:27:46.498000'),
(503, '41.59', '89344.00', '2191.72', '2025-03-05 18:28:16.499000'),
(504, '41.59', '89344.00', '2191.72', '2025-03-05 18:28:46.500000'),
(505, '41.59', '89353.00', '2193.00', '2025-03-05 18:29:13.721000'),
(506, '41.59', '89353.00', '2193.00', '2025-03-05 18:29:42.854000'),
(507, '41.59', '89353.00', '2193.00', '2025-03-05 18:30:12.856000'),
(508, '41.59', '89353.00', '2193.00', '2025-03-05 18:30:42.856000'),
(509, '41.59', '89353.00', '2193.00', '2025-03-05 18:31:12.857000'),
(510, '41.59', '89353.00', '2193.00', '2025-03-05 18:31:42.857000'),
(511, '41.59', '89353.00', '2193.00', '2025-03-05 18:32:12.857000'),
(512, '41.59', '89353.00', '2193.00', '2025-03-05 18:32:42.857000'),
(513, '41.59', '89353.00', '2193.00', '2025-03-05 18:33:12.858000'),
(514, '41.59', '89353.00', '2193.00', '2025-03-05 18:33:42.859000'),
(515, '41.59', '89353.00', '2193.00', '2025-03-05 18:34:12.860000'),
(516, '41.59', '89072.00', '2184.99', '2025-03-05 18:34:43.155000'),
(517, '41.59', '89072.00', '2184.99', '2025-03-05 18:35:12.862000'),
(518, '41.59', '89072.00', '2184.99', '2025-03-05 18:35:42.863000'),
(519, '41.59', '89072.00', '2184.99', '2025-03-05 18:36:12.863000'),
(520, '41.59', '89072.00', '2184.99', '2025-03-05 18:36:42.863000'),
(521, '41.59', '89072.00', '2184.99', '2025-03-05 18:37:12.862000'),
(522, '41.59', '89072.00', '2184.99', '2025-03-05 18:37:42.863000'),
(523, '41.59', '89072.00', '2184.99', '2025-03-05 18:38:12.863000'),
(524, '41.59', '89072.00', '2184.99', '2025-03-05 18:38:42.863000'),
(525, '41.59', '89072.00', '2184.99', '2025-03-05 18:39:12.865000'),
(526, '41.59', '89072.00', '2184.99', '2025-03-05 18:39:42.865000'),
(527, '41.59', '89221.00', '2188.79', '2025-03-05 18:40:13.170000'),
(528, '41.59', '89221.00', '2188.79', '2025-03-05 18:40:42.866000'),
(529, '41.59', '89221.00', '2188.79', '2025-03-05 18:41:12.868000'),
(530, '41.59', '89221.00', '2188.79', '2025-03-05 18:41:42.868000'),
(531, '41.59', '89221.00', '2188.79', '2025-03-05 18:42:12.869000'),
(532, '41.59', '89221.00', '2188.79', '2025-03-05 18:42:42.870000'),
(533, '41.59', '89221.00', '2188.79', '2025-03-05 18:43:12.871000'),
(534, '41.59', '89221.00', '2188.79', '2025-03-05 18:43:42.872000'),
(535, '41.59', '89221.00', '2188.79', '2025-03-05 18:44:12.873000'),
(536, '41.59', '89221.00', '2188.79', '2025-03-05 18:44:42.874000'),
(537, '41.59', '89221.00', '2188.79', '2025-03-05 18:45:12.875000'),
(538, '41.59', '89217.00', '2188.27', '2025-03-05 18:45:43.181000'),
(539, '41.59', '89217.00', '2188.27', '2025-03-05 18:46:12.876000'),
(540, '41.59', '89217.00', '2188.27', '2025-03-05 18:46:42.877000'),
(541, '41.59', '89217.00', '2188.27', '2025-03-05 18:47:12.878000'),
(542, '41.59', '89217.00', '2188.27', '2025-03-05 18:47:42.879000'),
(543, '41.59', '89217.00', '2188.27', '2025-03-05 18:48:12.879000'),
(544, '41.59', '89217.00', '2188.27', '2025-03-05 18:48:42.879000'),
(545, '41.59', '89217.00', '2188.27', '2025-03-05 18:49:12.880000'),
(546, '41.59', '89217.00', '2188.27', '2025-03-05 18:49:42.880000'),
(547, '41.59', '89217.00', '2188.27', '2025-03-05 18:50:12.881000'),
(548, '41.59', '89217.00', '2188.27', '2025-03-05 18:50:42.881000'),
(549, '41.59', '89222.00', '2193.05', '2025-03-05 18:51:13.179000'),
(550, '41.59', '89222.00', '2193.05', '2025-03-05 18:51:42.883000'),
(551, '41.59', '89222.00', '2193.05', '2025-03-05 18:52:12.883000'),
(552, '41.59', '89222.00', '2193.05', '2025-03-05 18:52:42.883000'),
(553, '41.59', '89222.00', '2193.05', '2025-03-05 18:53:12.882000'),
(554, '41.59', '89222.00', '2193.05', '2025-03-05 18:53:42.883000'),
(555, '41.59', '89222.00', '2193.05', '2025-03-05 18:54:12.883000'),
(556, '41.59', '89222.00', '2193.05', '2025-03-05 18:54:42.886000'),
(557, '41.59', '89222.00', '2193.05', '2025-03-05 18:55:12.887000'),
(558, '41.59', '89222.00', '2193.05', '2025-03-05 18:55:42.888000'),
(559, '41.59', '89222.00', '2193.05', '2025-03-05 18:56:12.890000'),
(560, '41.59', '89537.00', '2199.80', '2025-03-05 18:56:43.200000'),
(561, '41.59', '89537.00', '2199.80', '2025-03-05 18:57:12.891000'),
(562, '41.59', '89537.00', '2199.80', '2025-03-05 18:57:42.892000'),
(563, '41.59', '89537.00', '2199.80', '2025-03-05 18:58:12.893000'),
(564, '41.59', '89537.00', '2199.80', '2025-03-05 18:58:42.894000'),
(565, '41.59', '89537.00', '2199.80', '2025-03-05 18:59:12.895000'),
(566, '41.59', '89537.00', '2199.80', '2025-03-05 18:59:42.896000'),
(567, '41.59', '89537.00', '2199.80', '2025-03-05 19:00:12.897000'),
(568, '41.59', '89537.00', '2199.80', '2025-03-05 19:00:42.898000'),
(569, '41.59', '89537.00', '2199.80', '2025-03-05 19:01:12.899000'),
(570, '41.59', '89537.00', '2199.80', '2025-03-05 19:01:42.901000'),
(571, '41.59', '89744.00', '2204.67', '2025-03-05 19:02:13.237000'),
(572, '41.59', '89744.00', '2204.67', '2025-03-05 19:02:42.902000'),
(573, '41.59', '89744.00', '2204.67', '2025-03-05 19:03:12.902000'),
(574, '41.59', '89744.00', '2204.67', '2025-03-05 19:03:42.903000'),
(575, '41.59', '89744.00', '2204.67', '2025-03-05 19:04:12.903000'),
(576, '41.59', '89744.00', '2204.67', '2025-03-05 19:04:42.904000'),
(577, '41.59', '89744.00', '2204.67', '2025-03-05 19:05:12.904000'),
(578, '41.59', '89744.00', '2204.67', '2025-03-05 19:05:42.904000'),
(579, '41.59', '89744.00', '2204.67', '2025-03-05 19:06:12.904000'),
(580, '41.59', '89744.00', '2204.67', '2025-03-05 19:06:42.904000'),
(581, '41.59', '89744.00', '2204.67', '2025-03-05 19:07:12.904000'),
(582, '41.59', '90166.00', '2216.38', '2025-03-05 19:07:43.217000'),
(583, '41.59', '90166.00', '2216.38', '2025-03-05 19:08:12.906000'),
(584, '41.59', '90166.00', '2216.38', '2025-03-05 19:08:42.906000'),
(585, '41.59', '89825.00', '2216.41', '2025-03-05 19:56:53.176000'),
(586, '41.59', '89825.00', '2216.41', '2025-03-05 19:57:20.868000'),
(587, '41.59', '89825.00', '2216.41', '2025-03-05 19:57:50.869000'),
(588, '41.59', '89825.00', '2216.41', '2025-03-05 19:58:20.870000'),
(589, '41.59', '89825.00', '2216.41', '2025-03-05 19:58:50.869000'),
(590, '41.59', '89825.00', '2216.41', '2025-03-05 19:59:20.870000'),
(591, '41.59', '89893.00', '2219.68', '2025-03-05 19:59:44.172000'),
(592, '41.59', '89893.00', '2219.68', '2025-03-05 20:00:13.385000'),
(593, '41.59', '89893.00', '2219.68', '2025-03-05 20:00:43.386000'),
(594, '41.59', '89893.00', '2219.68', '2025-03-05 20:01:13.387000'),
(595, '41.59', '89893.00', '2219.68', '2025-03-05 20:01:43.386000'),
(596, '41.59', '89893.00', '2219.68', '2025-03-05 20:02:13.386000'),
(597, '41.59', '89893.00', '2219.68', '2025-03-05 20:02:43.387000'),
(598, '41.59', '89893.00', '2219.68', '2025-03-05 20:03:13.387000'),
(599, '41.59', '89893.00', '2219.68', '2025-03-05 20:03:43.388000'),
(600, '41.59', '89893.00', '2219.68', '2025-03-05 20:04:13.388000'),
(601, '41.59', '89893.00', '2219.68', '2025-03-05 20:04:43.387000'),
(602, '41.59', '89989.00', '2222.59', '2025-03-05 20:05:13.621000'),
(603, '41.59', '89989.00', '2222.59', '2025-03-05 20:05:43.388000'),
(604, '41.59', '89989.00', '2222.59', '2025-03-05 20:06:13.390000'),
(605, '41.59', '89989.00', '2222.59', '2025-03-05 20:06:43.390000'),
(606, '41.59', '89989.00', '2222.59', '2025-03-05 20:07:13.391000'),
(607, '41.59', '89989.00', '2222.59', '2025-03-05 20:07:43.392000'),
(608, '41.59', '89989.00', '2222.59', '2025-03-05 20:08:13.393000'),
(609, '41.59', '89989.00', '2222.59', '2025-03-05 20:08:43.394000'),
(1300, '41.59', '90214.00', '2230.52', '2025-03-05 22:14:45.250000'),
(1310, '41.59', '90214.00', '2230.52', '2025-03-05 22:15:12.125000'),
(1322, '41.59', '90214.00', '2230.52', '2025-03-05 22:15:42.125000'),
(1334, '41.59', '90214.00', '2230.52', '2025-03-05 22:16:12.126000'),
(1346, '41.59', '90214.00', '2230.52', '2025-03-05 22:16:42.126000'),
(1356, '41.59', '90247.00', '2231.30', '2025-03-05 22:17:06.671000'),
(1367, '41.59', '90247.00', '2231.30', '2025-03-05 22:17:34.677000'),
(1379, '41.59', '90247.00', '2231.30', '2025-03-05 22:18:04.677000'),
(1391, '41.59', '90247.00', '2231.30', '2025-03-05 22:18:34.677000'),
(1402, '41.59', '90247.00', '2231.30', '2025-03-05 22:19:04.677000'),
(1414, '41.59', '90247.00', '2231.30', '2025-03-05 22:19:34.678000'),
(1435, '41.59', '90243.00', '2231.59', '2025-03-05 22:20:29.993000'),
(1446, '41.59', '90243.00', '2231.59', '2025-03-05 22:20:57.309000'),
(1458, '41.59', '90243.00', '2231.59', '2025-03-05 22:21:27.309000'),
(1470, '41.59', '90243.00', '2231.59', '2025-03-05 22:21:57.310000'),
(1482, '41.59', '90243.00', '2231.59', '2025-03-05 22:22:27.309000'),
(1494, '41.59', '90243.00', '2231.59', '2025-03-05 22:22:57.310000'),
(1506, '41.59', '90243.00', '2231.59', '2025-03-05 22:23:27.310000'),
(1518, '41.59', '90243.00', '2231.59', '2025-03-05 22:23:57.311000'),
(1529, '41.59', '90243.00', '2231.59', '2025-03-05 22:24:27.311000'),
(1541, '41.59', '90243.00', '2231.59', '2025-03-05 22:24:57.312000'),
(1553, '41.59', '90243.00', '2231.59', '2025-03-05 22:25:27.312000'),
(1565, '41.59', '90089.00', '2229.52', '2025-03-05 22:25:57.534000'),
(1577, '41.59', '90089.00', '2229.52', '2025-03-05 22:26:27.312000'),
(1589, '41.59', '90089.00', '2229.52', '2025-03-05 22:26:57.312000'),
(1601, '41.59', '90089.00', '2229.52', '2025-03-05 22:27:27.312000'),
(1613, '41.59', '90089.00', '2229.52', '2025-03-05 22:27:57.313000'),
(1625, '41.59', '90089.00', '2229.52', '2025-03-05 22:28:27.314000'),
(1637, '41.59', '90089.00', '2229.52', '2025-03-05 22:28:57.314000'),
(1648, '41.59', '90089.00', '2229.52', '2025-03-05 22:29:27.314000'),
(1660, '41.59', '90089.00', '2229.52', '2025-03-05 22:29:57.314000'),
(1671, '41.59', '90089.00', '2229.52', '2025-03-05 22:30:27.315000'),
(1684, '41.59', '90089.00', '2229.52', '2025-03-05 22:30:57.314000'),
(1696, '41.59', '90014.00', '2226.20', '2025-03-05 22:31:27.544000'),
(1708, '41.59', '90014.00', '2226.20', '2025-03-05 22:31:57.316000'),
(1720, '41.59', '90014.00', '2226.20', '2025-03-05 22:32:27.317000'),
(1732, '41.59', '90014.00', '2226.20', '2025-03-05 22:32:57.319000'),
(1744, '41.59', '90014.00', '2226.20', '2025-03-05 22:33:27.319000'),
(1756, '41.59', '90014.00', '2226.20', '2025-03-05 22:33:57.320000'),
(1767, '41.59', '90014.00', '2226.20', '2025-03-05 22:34:27.321000'),
(1778, '41.59', '90014.00', '2226.20', '2025-03-05 22:34:57.323000'),
(1790, '41.59', '90014.00', '2226.20', '2025-03-05 22:35:27.325000'),
(1802, '41.59', '90014.00', '2226.20', '2025-03-05 22:35:57.326000'),
(1814, '41.59', '90014.00', '2226.20', '2025-03-05 22:36:27.327000'),
(1827, '41.59', '90172.00', '2230.84', '2025-03-05 22:36:57.552000'),
(1838, '41.59', '90172.00', '2230.84', '2025-03-05 22:37:27.329000'),
(1850, '41.59', '90172.00', '2230.84', '2025-03-05 22:37:57.330000'),
(1862, '41.59', '90172.00', '2230.84', '2025-03-05 22:38:27.330000'),
(1874, '41.59', '90172.00', '2230.84', '2025-03-05 22:38:57.331000'),
(1886, '41.59', '90172.00', '2230.84', '2025-03-05 22:39:27.331000'),
(1897, '41.59', '90172.00', '2230.84', '2025-03-05 22:39:57.331000'),
(1909, '41.59', '90172.00', '2230.84', '2025-03-05 22:40:27.332000'),
(1921, '41.59', '90172.00', '2230.84', '2025-03-05 22:40:57.333000'),
(1933, '41.59', '90172.00', '2230.84', '2025-03-05 22:41:27.334000'),
(1945, '41.59', '90172.00', '2230.84', '2025-03-05 22:41:57.335000'),
(1958, '41.59', '90173.00', '2230.51', '2025-03-05 22:42:27.573000'),
(1969, '41.59', '90173.00', '2230.51', '2025-03-05 22:42:57.335000'),
(1981, '41.59', '90173.00', '2230.51', '2025-03-05 22:43:27.335000'),
(1993, '41.59', '90173.00', '2230.51', '2025-03-05 22:43:57.335000'),
(2005, '41.59', '90173.00', '2230.51', '2025-03-05 22:44:27.335000'),
(2016, '41.59', '90173.00', '2230.51', '2025-03-05 22:44:57.335000'),
(2028, '41.59', '90173.00', '2230.51', '2025-03-05 22:45:27.335000'),
(2040, '41.59', '90173.00', '2230.51', '2025-03-05 22:45:57.335000'),
(2052, '41.59', '90173.00', '2230.51', '2025-03-05 22:46:27.334000'),
(2064, '41.59', '90173.00', '2230.51', '2025-03-05 22:46:57.335000'),
(2076, '41.59', '90173.00', '2230.51', '2025-03-05 22:47:27.335000'),
(2088, '41.59', '90315.00', '2233.30', '2025-03-05 22:47:57.576000'),
(2100, '41.59', '90315.00', '2233.30', '2025-03-05 22:48:27.338000'),
(2112, '41.59', '90315.00', '2233.30', '2025-03-05 22:48:57.338000'),
(2124, '41.59', '90315.00', '2233.30', '2025-03-05 22:49:27.339000'),
(2135, '41.59', '90315.00', '2233.30', '2025-03-05 22:49:57.340000'),
(2147, '41.59', '90315.00', '2233.30', '2025-03-05 22:50:27.342000'),
(2159, '41.59', '90315.00', '2233.30', '2025-03-05 22:50:57.342000'),
(2171, '41.59', '90315.00', '2233.30', '2025-03-05 22:51:27.343000'),
(2183, '41.59', '90315.00', '2233.30', '2025-03-05 22:51:57.344000'),
(2195, '41.59', '90315.00', '2233.30', '2025-03-05 22:52:27.345000'),
(2207, '41.59', '90315.00', '2233.30', '2025-03-05 22:52:57.346000'),
(2219, '41.59', '90328.00', '2234.64', '2025-03-05 22:53:27.578000'),
(2231, '41.59', '90328.00', '2234.64', '2025-03-05 22:53:57.347000'),
(2243, '41.59', '90328.00', '2234.64', '2025-03-05 22:54:27.347000'),
(2254, '41.59', '90328.00', '2234.64', '2025-03-05 22:54:57.348000'),
(2266, '41.59', '90328.00', '2234.64', '2025-03-05 22:55:27.349000'),
(2278, '41.59', '90328.00', '2234.64', '2025-03-05 22:55:57.350000'),
(2290, '41.59', '90328.00', '2234.64', '2025-03-05 22:56:27.351000'),
(2302, '41.59', '90328.00', '2234.64', '2025-03-05 22:56:57.352000'),
(2314, '41.59', '90328.00', '2234.64', '2025-03-05 22:57:27.352000'),
(2326, '41.59', '90328.00', '2234.64', '2025-03-05 22:57:57.352000'),
(2338, '41.59', '90328.00', '2234.64', '2025-03-05 22:58:27.353000'),
(2350, '41.59', '90464.00', '2238.75', '2025-03-05 22:58:57.568000'),
(2362, '41.59', '90464.00', '2238.75', '2025-03-05 22:59:27.353000'),
(2373, '41.59', '90464.00', '2238.75', '2025-03-05 22:59:57.353000'),
(2385, '41.59', '90464.00', '2238.75', '2025-03-05 23:00:27.353000'),
(2397, '41.59', '90464.00', '2238.75', '2025-03-05 23:00:57.353000'),
(2409, '41.59', '90464.00', '2238.75', '2025-03-05 23:01:27.352000'),
(2421, '41.59', '90464.00', '2238.75', '2025-03-05 23:01:57.352000'),
(2433, '41.59', '90464.00', '2238.75', '2025-03-05 23:02:27.353000'),
(2445, '41.59', '90464.00', '2238.75', '2025-03-05 23:02:57.352000'),
(2457, '41.59', '90464.00', '2238.75', '2025-03-05 23:03:27.352000'),
(2469, '41.59', '90464.00', '2238.75', '2025-03-05 23:03:57.353000'),
(2481, '41.59', '90583.00', '2239.88', '2025-03-05 23:04:27.573000'),
(2493, '41.59', '90583.00', '2239.88', '2025-03-05 23:04:57.354000'),
(2504, '41.59', '90583.00', '2239.88', '2025-03-05 23:05:27.355000'),
(2516, '41.59', '90583.00', '2239.88', '2025-03-05 23:05:57.363000'),
(2528, '41.59', '90583.00', '2239.88', '2025-03-05 23:06:27.364000'),
(2540, '41.59', '90583.00', '2239.88', '2025-03-05 23:06:57.365000'),
(2552, '41.59', '90583.00', '2239.88', '2025-03-05 23:07:27.366000'),
(2564, '41.59', '90583.00', '2239.88', '2025-03-05 23:07:57.367000'),
(2576, '41.59', '90583.00', '2239.88', '2025-03-05 23:08:27.368000'),
(2588, '41.59', '90583.00', '2239.88', '2025-03-05 23:08:57.369000'),
(2600, '41.59', '90583.00', '2239.88', '2025-03-05 23:09:27.370000'),
(2612, '41.59', '90430.00', '2233.21', '2025-03-05 23:09:57.600000'),
(2623, '41.59', '90430.00', '2233.21', '2025-03-05 23:10:27.372000'),
(2635, '41.59', '90430.00', '2233.21', '2025-03-05 23:10:57.373000'),
(2647, '41.59', '90430.00', '2233.21', '2025-03-05 23:11:27.374000'),
(2659, '41.59', '90430.00', '2233.21', '2025-03-05 23:11:57.374000'),
(2671, '41.59', '90430.00', '2233.21', '2025-03-05 23:12:27.374000'),
(2683, '41.59', '90430.00', '2233.21', '2025-03-05 23:12:57.374000'),
(2695, '41.59', '90430.00', '2233.21', '2025-03-05 23:13:27.375000'),
(2707, '41.59', '90430.00', '2233.21', '2025-03-05 23:13:57.376000'),
(2719, '41.59', '90430.00', '2233.21', '2025-03-05 23:14:27.376000'),
(2731, '41.59', '90430.00', '2233.21', '2025-03-05 23:14:57.376000'),
(2742, '41.59', '90352.00', '2233.59', '2025-03-05 23:15:27.606000'),
(2754, '41.59', '90352.00', '2233.59', '2025-03-05 23:15:57.376000'),
(2766, '41.59', '90352.00', '2233.59', '2025-03-05 23:16:27.376000'),
(2778, '41.59', '90352.00', '2233.59', '2025-03-05 23:16:57.376000'),
(2790, '41.59', '90352.00', '2233.59', '2025-03-05 23:17:27.375000'),
(2802, '41.59', '90352.00', '2233.59', '2025-03-05 23:17:57.375000'),
(2814, '41.59', '90352.00', '2233.59', '2025-03-05 23:18:27.376000'),
(2826, '41.59', '90352.00', '2233.59', '2025-03-05 23:18:57.375000'),
(2838, '41.59', '90352.00', '2233.59', '2025-03-05 23:19:27.376000'),
(2850, '41.59', '90352.00', '2233.59', '2025-03-05 23:19:57.376000'),
(2861, '41.59', '90352.00', '2233.59', '2025-03-05 23:20:27.375000'),
(2873, '41.59', '90428.00', '2234.23', '2025-03-05 23:20:57.586000'),
(2885, '41.59', '90428.00', '2234.23', '2025-03-05 23:21:27.376000'),
(2897, '41.59', '90428.00', '2234.23', '2025-03-05 23:21:57.377000'),
(2909, '41.59', '90428.00', '2234.23', '2025-03-05 23:22:27.378000'),
(2921, '41.59', '90428.00', '2234.23', '2025-03-05 23:22:57.379000'),
(2933, '41.59', '90428.00', '2234.23', '2025-03-05 23:23:27.380000'),
(2945, '41.59', '90428.00', '2234.23', '2025-03-05 23:23:57.380000'),
(2957, '41.59', '90428.00', '2234.23', '2025-03-05 23:24:27.381000'),
(2969, '41.59', '90428.00', '2234.23', '2025-03-05 23:24:57.383000'),
(2980, '41.59', '90428.00', '2234.23', '2025-03-05 23:25:27.384000'),
(2992, '41.59', '90428.00', '2234.23', '2025-03-05 23:25:57.385000'),
(3004, '41.59', '90313.00', '2232.89', '2025-03-05 23:26:27.602000'),
(3016, '41.59', '90313.00', '2232.89', '2025-03-05 23:26:57.387000'),
(3028, '41.59', '90313.00', '2232.89', '2025-03-05 23:27:27.388000'),
(3040, '41.59', '90313.00', '2232.89', '2025-03-05 23:27:57.388000'),
(3052, '41.59', '90313.00', '2232.89', '2025-03-05 23:28:27.389000'),
(3064, '41.59', '90313.00', '2232.89', '2025-03-05 23:28:57.389000'),
(3076, '41.59', '90313.00', '2232.89', '2025-03-05 23:29:27.389000'),
(3088, '41.59', '90313.00', '2232.89', '2025-03-05 23:29:57.389000'),
(3099, '41.59', '90313.00', '2232.89', '2025-03-05 23:30:27.390000'),
(3111, '41.59', '90313.00', '2232.89', '2025-03-05 23:30:57.390000'),
(3123, '41.59', '90313.00', '2232.89', '2025-03-05 23:31:27.391000'),
(3135, '41.59', '90564.00', '2238.60', '2025-03-05 23:31:57.617000'),
(3147, '41.59', '90564.00', '2238.60', '2025-03-05 23:32:27.392000'),
(3159, '41.59', '90564.00', '2238.60', '2025-03-05 23:32:57.391000'),
(3171, '41.59', '90564.00', '2238.60', '2025-03-05 23:33:27.392000'),
(3183, '41.59', '90564.00', '2238.60', '2025-03-05 23:33:57.392000'),
(3195, '41.59', '90564.00', '2238.60', '2025-03-05 23:34:27.392000'),
(3207, '41.59', '90564.00', '2238.60', '2025-03-05 23:34:57.393000'),
(3218, '41.59', '90564.00', '2238.60', '2025-03-05 23:35:27.394000'),
(3230, '41.59', '90564.00', '2238.60', '2025-03-05 23:35:57.393000'),
(3242, '41.59', '90564.00', '2238.60', '2025-03-05 23:36:27.393000'),
(3254, '41.59', '90564.00', '2238.60', '2025-03-05 23:36:57.393000'),
(3266, '41.59', '90671.00', '2240.17', '2025-03-05 23:37:27.613000'),
(3278, '41.59', '90671.00', '2240.17', '2025-03-05 23:37:57.393000'),
(3290, '41.59', '90671.00', '2240.17', '2025-03-05 23:38:27.394000'),
(3302, '41.59', '90671.00', '2240.17', '2025-03-05 23:38:57.395000'),
(3314, '41.59', '90671.00', '2240.17', '2025-03-05 23:39:27.396000'),
(3326, '41.59', '90671.00', '2240.17', '2025-03-05 23:39:57.397000'),
(3337, '41.59', '90671.00', '2240.17', '2025-03-05 23:40:27.398000'),
(3349, '41.59', '90671.00', '2240.17', '2025-03-05 23:40:57.399000'),
(3361, '41.59', '90671.00', '2240.17', '2025-03-05 23:41:27.400000'),
(3373, '41.59', '90671.00', '2240.17', '2025-03-05 23:41:57.401000'),
(3385, '41.59', '90671.00', '2240.17', '2025-03-05 23:42:27.402000'),
(3397, '41.59', '90696.00', '2242.62', '2025-03-05 23:42:57.625000'),
(3409, '41.59', '90696.00', '2242.62', '2025-03-05 23:43:27.404000'),
(3421, '41.59', '90696.00', '2242.62', '2025-03-05 23:43:57.405000'),
(3433, '41.59', '90696.00', '2242.62', '2025-03-05 23:44:27.406000'),
(3445, '41.59', '90696.00', '2242.62', '2025-03-05 23:44:57.407000'),
(3456, '41.59', '90696.00', '2242.62', '2025-03-05 23:45:27.408000'),
(3468, '41.59', '90696.00', '2242.62', '2025-03-05 23:45:57.409000'),
(3480, '41.59', '90696.00', '2242.62', '2025-03-05 23:46:27.410000'),
(3492, '41.59', '90696.00', '2242.62', '2025-03-05 23:46:57.410000'),
(3504, '41.59', '90696.00', '2242.62', '2025-03-05 23:47:27.411000'),
(3516, '41.59', '90696.00', '2242.62', '2025-03-05 23:47:57.411000'),
(3528, '41.59', '90905.00', '2248.13', '2025-03-05 23:48:27.641000'),
(3540, '41.59', '90905.00', '2248.13', '2025-03-05 23:48:57.412000'),
(3552, '41.59', '90905.00', '2248.13', '2025-03-05 23:49:27.413000'),
(3564, '41.59', '90905.00', '2248.13', '2025-03-05 23:49:57.413000'),
(3575, '41.59', '90905.00', '2248.13', '2025-03-05 23:50:27.412000'),
(3587, '41.59', '90905.00', '2248.13', '2025-03-05 23:50:57.413000'),
(3599, '41.59', '90905.00', '2248.13', '2025-03-05 23:51:27.413000'),
(3611, '41.59', '90905.00', '2248.13', '2025-03-05 23:51:57.412000'),
(3623, '41.59', '90905.00', '2248.13', '2025-03-05 23:52:27.413000'),
(3635, '41.59', '90905.00', '2248.13', '2025-03-05 23:52:57.412000'),
(3647, '41.59', '90905.00', '2248.13', '2025-03-05 23:53:27.413000'),
(3659, '41.59', '90644.00', '2243.01', '2025-03-05 23:53:57.643000'),
(3671, '41.59', '90644.00', '2243.01', '2025-03-05 23:54:27.413000'),
(3683, '41.59', '90644.00', '2243.01', '2025-03-05 23:54:57.414000'),
(3694, '41.59', '90644.00', '2243.01', '2025-03-05 23:55:27.414000'),
(3706, '41.59', '90644.00', '2243.01', '2025-03-05 23:55:57.415000'),
(3718, '41.59', '90644.00', '2243.01', '2025-03-05 23:56:27.416000'),
(3730, '41.59', '90644.00', '2243.01', '2025-03-05 23:56:57.418000'),
(3742, '41.59', '90644.00', '2243.01', '2025-03-05 23:57:27.418000'),
(3753, '41.59', '90644.00', '2243.01', '2025-03-05 23:57:57.419000'),
(3766, '41.59', '90644.00', '2243.01', '2025-03-05 23:58:27.420000'),
(3778, '41.59', '90644.00', '2243.01', '2025-03-05 23:58:57.421000'),
(3790, '41.59', '90540.00', '2240.28', '2025-03-05 23:59:27.655000'),
(3802, '41.59', '90540.00', '2240.28', '2025-03-05 23:59:57.422000'),
(3813, '41.59', '90540.00', '2240.28', '2025-03-06 00:00:27.423000'),
(3825, '41.59', '90540.00', '2240.28', '2025-03-06 00:00:57.424000'),
(3837, '41.59', '90540.00', '2240.28', '2025-03-06 00:01:27.425000'),
(3849, '41.59', '90540.00', '2240.28', '2025-03-06 00:01:57.426000'),
(3861, '41.59', '90540.00', '2240.28', '2025-03-06 00:02:27.427000'),
(3873, '41.59', '90540.00', '2240.28', '2025-03-06 00:02:57.427000'),
(3885, '41.59', '90540.00', '2240.28', '2025-03-06 00:03:27.427000'),
(3897, '41.59', '90540.00', '2240.28', '2025-03-06 00:03:57.428000'),
(3909, '41.59', '90540.00', '2240.28', '2025-03-06 00:04:27.428000'),
(3921, '41.59', '90767.00', '2244.99', '2025-03-06 00:04:57.682000'),
(3932, '41.59', '90767.00', '2244.99', '2025-03-06 00:05:27.429000'),
(3944, '41.59', '90767.00', '2244.99', '2025-03-06 00:05:57.430000'),
(3956, '41.59', '90767.00', '2244.99', '2025-03-06 00:06:27.430000'),
(3968, '41.59', '90767.00', '2244.99', '2025-03-06 00:06:57.431000'),
(3980, '41.59', '90767.00', '2244.99', '2025-03-06 00:07:27.430000'),
(3992, '41.59', '90767.00', '2244.99', '2025-03-06 00:07:57.431000'),
(4004, '41.59', '90767.00', '2244.99', '2025-03-06 00:08:27.431000'),
(4016, '41.59', '90767.00', '2244.99', '2025-03-06 00:08:57.431000'),
(4028, '41.59', '90767.00', '2244.99', '2025-03-06 00:09:27.431000'),
(4040, '41.59', '90767.00', '2244.99', '2025-03-06 00:09:57.431000'),
(4051, '41.59', '90571.00', '2240.04', '2025-03-06 00:10:27.775000'),
(4063, '41.59', '90571.00', '2240.04', '2025-03-06 00:10:57.432000'),
(4075, '41.59', '90571.00', '2240.04', '2025-03-06 00:11:27.432000'),
(4087, '41.59', '90571.00', '2240.04', '2025-03-06 00:11:57.432000'),
(4099, '41.59', '90571.00', '2240.04', '2025-03-06 00:12:27.433000'),
(4111, '41.59', '90571.00', '2240.04', '2025-03-06 00:12:57.434000'),
(4123, '41.59', '90571.00', '2240.04', '2025-03-06 00:13:27.435000'),
(4125, '41.59', '90571.00', '2240.04', '2025-03-06 00:13:57.437000'),
(4126, '41.59', '90571.00', '2240.04', '2025-03-06 00:14:27.437000'),
(4127, '41.59', '90571.00', '2240.04', '2025-03-06 00:14:57.438000'),
(4128, '41.59', '90571.00', '2240.04', '2025-03-06 00:15:27.439000'),
(4129, '41.59', '90522.00', '2241.34', '2025-03-06 00:15:57.666000'),
(4130, '41.59', '90522.00', '2241.34', '2025-03-06 00:16:27.441000'),
(4131, '41.59', '90522.00', '2241.34', '2025-03-06 00:16:57.442000'),
(4132, '41.59', '90522.00', '2241.34', '2025-03-06 00:17:27.443000'),
(4133, '41.59', '90522.00', '2241.34', '2025-03-06 00:17:57.444000'),
(4134, '41.59', '90522.00', '2241.34', '2025-03-06 00:18:27.445000'),
(4135, '41.59', '90522.00', '2241.34', '2025-03-06 00:18:57.445000'),
(4136, '41.59', '90522.00', '2241.34', '2025-03-06 00:19:27.445000'),
(4137, '41.59', '90522.00', '2241.34', '2025-03-06 00:19:57.446000'),
(4138, '41.59', '90522.00', '2241.34', '2025-03-06 00:20:27.446000'),
(4139, '41.59', '90522.00', '2241.34', '2025-03-06 00:20:57.447000'),
(4140, '41.59', '90654.00', '2252.64', '2025-03-06 00:21:27.610000'),
(4141, '41.59', '90654.00', '2252.64', '2025-03-06 00:21:57.448000'),
(4142, '41.59', '90654.00', '2252.64', '2025-03-06 00:22:27.449000'),
(4143, '41.59', '90654.00', '2252.64', '2025-03-06 00:22:57.449000'),
(4144, '41.59', '90654.00', '2252.64', '2025-03-06 00:23:27.450000'),
(4145, '41.59', '90654.00', '2252.64', '2025-03-06 00:23:57.450000'),
(4146, '41.59', '90654.00', '2252.64', '2025-03-06 00:24:27.451000'),
(4147, '41.59', '90654.00', '2252.64', '2025-03-06 00:24:57.451000'),
(4148, '41.59', '90654.00', '2252.64', '2025-03-06 00:25:27.451000'),
(4149, '41.59', '90654.00', '2252.64', '2025-03-06 00:25:57.451000'),
(4150, '41.59', '90654.00', '2252.64', '2025-03-06 00:26:27.451000'),
(4151, '41.59', '90292.00', '2241.75', '2025-03-06 00:26:57.693000'),
(4152, '41.59', '90292.00', '2241.75', '2025-03-06 00:27:27.450000'),
(4153, '41.59', '90292.00', '2241.75', '2025-03-06 00:27:57.450000'),
(4154, '41.59', '90292.00', '2241.75', '2025-03-06 00:28:27.451000'),
(4155, '41.59', '90292.00', '2241.75', '2025-03-06 00:28:57.451000'),
(4156, '41.59', '90292.00', '2241.75', '2025-03-06 00:29:27.451000'),
(4157, '41.59', '90292.00', '2241.75', '2025-03-06 00:29:57.452000'),
(4158, '41.59', '90292.00', '2241.75', '2025-03-06 00:30:27.453000'),
(4159, '41.59', '90292.00', '2241.75', '2025-03-06 00:30:57.454000'),
(4160, '41.59', '90292.00', '2241.75', '2025-03-06 00:31:27.455000'),
(4161, '41.59', '90292.00', '2241.75', '2025-03-06 00:31:57.456000'),
(4162, '41.59', '90291.00', '2248.39', '2025-03-06 00:32:27.726000'),
(4163, '41.59', '90291.00', '2248.39', '2025-03-06 00:32:57.458000'),
(4164, '41.59', '90291.00', '2248.39', '2025-03-06 00:33:27.458000'),
(4165, '41.59', '90291.00', '2248.39', '2025-03-06 00:33:57.459000'),
(4166, '41.59', '90291.00', '2248.39', '2025-03-06 00:34:27.460000'),
(4167, '41.59', '90291.00', '2248.39', '2025-03-06 00:34:57.461000'),
(4168, '41.59', '90291.00', '2248.39', '2025-03-06 00:35:27.462000'),
(4169, '41.59', '90291.00', '2248.39', '2025-03-06 00:35:57.462000'),
(4170, '41.59', '90291.00', '2248.39', '2025-03-06 00:36:27.462000'),
(4171, '41.59', '90291.00', '2248.39', '2025-03-06 00:36:57.463000'),
(4172, '41.59', '90291.00', '2248.39', '2025-03-06 00:37:27.463000'),
(4173, '41.59', '90158.00', '2245.29', '2025-03-06 00:37:57.707000'),
(4174, '41.59', '90158.00', '2245.29', '2025-03-06 00:38:27.465000'),
(4175, '41.59', '90158.00', '2245.29', '2025-03-06 00:38:57.466000'),
(4176, '41.59', '90158.00', '2245.29', '2025-03-06 00:39:27.466000'),
(4177, '41.59', '90158.00', '2245.29', '2025-03-06 00:39:57.466000'),
(4178, '41.59', '90158.00', '2245.29', '2025-03-06 00:40:27.466000'),
(4179, '41.59', '90158.00', '2245.29', '2025-03-06 00:40:57.465000'),
(4180, '41.59', '90158.00', '2245.29', '2025-03-06 00:41:27.466000'),
(4181, '41.59', '90158.00', '2245.29', '2025-03-06 00:41:57.465000'),
(4182, '41.59', '90158.00', '2245.29', '2025-03-06 00:42:27.466000'),
(4183, '41.59', '90158.00', '2245.29', '2025-03-06 00:42:57.467000'),
(4184, '41.59', '90174.00', '2247.89', '2025-03-06 00:43:27.700000'),
(4185, '41.59', '90174.00', '2247.89', '2025-03-06 00:43:57.468000'),
(4186, '41.59', '90174.00', '2247.89', '2025-03-06 00:44:27.467000'),
(4187, '41.59', '90174.00', '2247.89', '2025-03-06 00:44:57.468000'),
(4188, '41.59', '90174.00', '2247.89', '2025-03-06 00:45:27.468000'),
(4189, '41.59', '90174.00', '2247.89', '2025-03-06 00:45:57.468000'),
(4190, '41.59', '90174.00', '2247.89', '2025-03-06 00:46:27.467000'),
(4191, '41.59', '90174.00', '2247.89', '2025-03-06 00:46:57.469000'),
(4192, '41.59', '90174.00', '2247.89', '2025-03-06 00:47:27.470000'),
(4193, '41.59', '90174.00', '2247.89', '2025-03-06 00:47:57.470000'),
(4194, '41.59', '90174.00', '2247.89', '2025-03-06 00:48:27.471000'),
(4195, '41.59', '90195.00', '2246.22', '2025-03-06 00:48:57.698000'),
(4196, '41.59', '90195.00', '2246.22', '2025-03-06 00:49:27.473000'),
(4197, '41.59', '90195.00', '2246.22', '2025-03-06 00:49:57.474000'),
(4198, '41.59', '90195.00', '2246.22', '2025-03-06 00:50:27.475000'),
(4199, '41.59', '90195.00', '2246.22', '2025-03-06 00:50:57.476000'),
(4200, '41.59', '90195.00', '2246.22', '2025-03-06 00:51:27.476000'),
(4201, '41.59', '90195.00', '2246.22', '2025-03-06 00:51:57.477000'),
(4202, '41.59', '90195.00', '2246.22', '2025-03-06 00:52:27.478000'),
(4203, '41.59', '90195.00', '2246.22', '2025-03-06 00:52:57.479000'),
(4204, '41.59', '90195.00', '2246.22', '2025-03-06 00:53:27.479000'),
(4205, '41.59', '90195.00', '2246.22', '2025-03-06 00:53:57.479000'),
(4206, '41.59', '90107.00', '2243.37', '2025-03-06 00:54:27.615000'),
(4207, '41.59', '90107.00', '2243.37', '2025-03-06 00:54:57.479000'),
(4208, '41.59', '90107.00', '2243.37', '2025-03-06 00:55:27.479000'),
(4209, '41.59', '90107.00', '2243.37', '2025-03-06 00:55:57.479000'),
(4210, '41.59', '90107.00', '2243.37', '2025-03-06 00:56:27.479000'),
(4211, '41.59', '90107.00', '2243.37', '2025-03-06 00:56:57.480000'),
(4212, '41.59', '90107.00', '2243.37', '2025-03-06 00:57:27.481000'),
(4213, '41.59', '90107.00', '2243.37', '2025-03-06 00:57:57.480000'),
(4214, '41.59', '90107.00', '2243.37', '2025-03-06 00:58:27.481000'),
(4215, '41.59', '90107.00', '2243.37', '2025-03-06 00:58:57.480000'),
(4216, '41.59', '90107.00', '2243.37', '2025-03-06 00:59:27.481000'),
(4217, '41.59', '90012.00', '2237.77', '2025-03-06 00:59:57.700000'),
(4218, '41.59', '90012.00', '2237.77', '2025-03-06 01:00:27.480000'),
(4219, '41.59', '90012.00', '2237.77', '2025-03-06 01:00:57.480000'),
(4220, '41.59', '90012.00', '2237.77', '2025-03-06 01:01:27.480000'),
(4221, '41.59', '90012.00', '2237.77', '2025-03-06 01:01:57.480000'),
(4222, '41.59', '90012.00', '2237.77', '2025-03-06 01:02:27.481000'),
(4223, '41.59', '90012.00', '2237.77', '2025-03-06 01:02:57.482000'),
(4224, '41.59', '90012.00', '2237.77', '2025-03-06 01:03:27.483000'),
(4225, '41.59', '90012.00', '2237.77', '2025-03-06 01:03:57.484000'),
(4226, '41.59', '90012.00', '2237.77', '2025-03-06 01:04:27.485000'),
(4227, '41.59', '90012.00', '2237.77', '2025-03-06 01:04:57.486000'),
(4228, '41.59', '90186.00', '2239.98', '2025-03-06 01:05:27.701000'),
(4229, '41.59', '90186.00', '2239.98', '2025-03-06 01:05:57.488000'),
(4230, '41.59', '90186.00', '2239.98', '2025-03-06 01:06:27.489000'),
(4231, '41.59', '90186.00', '2239.98', '2025-03-06 01:06:57.490000'),
(4232, '41.59', '90186.00', '2239.98', '2025-03-06 01:07:27.491000'),
(4233, '41.59', '90186.00', '2239.98', '2025-03-06 01:07:57.492000'),
(4234, '41.59', '90186.00', '2239.98', '2025-03-06 01:08:27.493000'),
(4235, '41.59', '90186.00', '2239.98', '2025-03-06 01:08:57.494000'),
(4236, '41.59', '90186.00', '2239.98', '2025-03-06 01:09:27.495000'),
(4237, '41.59', '90186.00', '2239.98', '2025-03-06 01:09:57.495000'),
(4238, '41.59', '90186.00', '2239.98', '2025-03-06 01:10:27.495000'),
(4239, '41.59', '90274.00', '2241.21', '2025-03-06 01:10:57.766000'),
(4240, '41.59', '90274.00', '2241.21', '2025-03-06 01:11:27.495000'),
(4241, '41.59', '90274.00', '2241.21', '2025-03-06 01:11:57.496000'),
(4242, '41.59', '90274.00', '2241.21', '2025-03-06 01:12:27.497000'),
(4243, '41.59', '90274.00', '2241.21', '2025-03-06 01:12:57.497000'),
(4244, '41.59', '90274.00', '2241.21', '2025-03-06 01:13:27.497000'),
(4245, '41.59', '90274.00', '2241.21', '2025-03-06 01:13:57.497000'),
(4246, '41.59', '90274.00', '2241.21', '2025-03-06 01:14:27.497000'),
(4247, '41.59', '90274.00', '2241.21', '2025-03-06 01:14:57.497000'),
(4248, '41.59', '90274.00', '2241.21', '2025-03-06 01:15:27.497000'),
(4249, '41.59', '90274.00', '2241.21', '2025-03-06 01:15:57.497000'),
(4250, '41.59', '90356.00', '2242.94', '2025-03-06 01:16:27.698000'),
(4251, '41.59', '90356.00', '2242.94', '2025-03-06 01:16:57.497000'),
(4252, '41.59', '90356.00', '2242.94', '2025-03-06 01:17:27.497000'),
(4253, '41.59', '90356.00', '2242.94', '2025-03-06 01:17:57.496000'),
(4254, '41.59', '90356.00', '2242.94', '2025-03-06 01:18:27.497000'),
(4255, '41.59', '90356.00', '2242.94', '2025-03-06 01:18:57.497000'),
(4256, '41.59', '90356.00', '2242.94', '2025-03-06 01:19:27.497000'),
(4257, '41.59', '90356.00', '2242.94', '2025-03-06 01:19:57.498000'),
(4258, '41.59', '90356.00', '2242.94', '2025-03-06 01:20:27.499000'),
(4259, '41.59', '90356.00', '2242.94', '2025-03-06 01:20:57.499000'),
(4260, '41.59', '90356.00', '2242.94', '2025-03-06 01:21:27.500000'),
(4261, '41.39', '90352.00', '2244.19', '2025-03-06 01:21:57.792000'),
(4262, '41.39', '90352.00', '2244.19', '2025-03-06 01:22:27.502000'),
(4263, '41.39', '90352.00', '2244.19', '2025-03-06 01:22:57.503000'),
(4264, '41.39', '90352.00', '2244.19', '2025-03-06 01:23:27.505000'),
(4265, '41.39', '90352.00', '2244.19', '2025-03-06 01:23:57.504000'),
(4266, '41.39', '90352.00', '2244.19', '2025-03-06 01:24:27.505000'),
(4267, '41.39', '90352.00', '2244.19', '2025-03-06 01:24:57.506000'),
(4268, '41.39', '90352.00', '2244.19', '2025-03-06 01:25:27.507000'),
(4269, '41.39', '90352.00', '2244.19', '2025-03-06 01:25:57.507000'),
(4270, '41.39', '90352.00', '2244.19', '2025-03-06 01:26:27.508000'),
(4271, '41.39', '90352.00', '2244.19', '2025-03-06 01:26:57.509000'),
(4272, '41.59', '90243.00', '2241.45', '2025-03-06 01:27:27.740000'),
(4273, '41.59', '90243.00', '2241.45', '2025-03-06 01:27:57.510000'),
(4274, '41.59', '90243.00', '2241.45', '2025-03-06 01:28:27.511000'),
(4275, '41.59', '90243.00', '2241.45', '2025-03-06 01:28:57.510000'),
(4276, '41.59', '90243.00', '2241.45', '2025-03-06 01:29:27.511000'),
(4277, '41.59', '90243.00', '2241.45', '2025-03-06 01:29:57.512000'),
(4278, '41.59', '90243.00', '2241.45', '2025-03-06 01:30:27.513000'),
(4279, '41.59', '90243.00', '2241.45', '2025-03-06 01:30:57.513000'),
(4280, '41.59', '90243.00', '2241.45', '2025-03-06 01:31:27.512000'),
(4281, '41.59', '90243.00', '2241.45', '2025-03-06 01:31:57.513000'),
(4282, '41.59', '90243.00', '2241.45', '2025-03-06 01:32:27.513000'),
(4283, '41.39', '90390.00', '2243.96', '2025-03-06 01:32:57.730000'),
(4284, '41.39', '90390.00', '2243.96', '2025-03-06 01:33:27.514000'),
(4285, '41.39', '90390.00', '2243.96', '2025-03-06 01:33:57.514000'),
(4286, '41.39', '90390.00', '2243.96', '2025-03-06 01:34:27.514000'),
(4287, '41.39', '90390.00', '2243.96', '2025-03-06 01:34:57.513000'),
(4288, '41.39', '90390.00', '2243.96', '2025-03-06 01:35:27.513000'),
(4289, '41.39', '90390.00', '2243.96', '2025-03-06 01:35:57.514000'),
(4290, '41.39', '90390.00', '2243.96', '2025-03-06 01:36:27.515000'),
(4291, '41.39', '90390.00', '2243.96', '2025-03-06 01:36:57.516000'),
(4292, '41.39', '90390.00', '2243.96', '2025-03-06 01:37:27.517000'),
(4293, '41.39', '90390.00', '2243.96', '2025-03-06 01:37:57.518000'),
(4294, '41.59', '90369.00', '2246.86', '2025-03-06 01:38:27.740000'),
(4295, '41.59', '90369.00', '2246.86', '2025-03-06 01:38:57.520000'),
(4296, '41.59', '90369.00', '2246.86', '2025-03-06 01:39:27.521000'),
(4297, '41.59', '90369.00', '2246.86', '2025-03-06 01:39:57.522000'),
(4298, '41.59', '90369.00', '2246.86', '2025-03-06 01:40:27.523000'),
(4299, '41.59', '90369.00', '2246.86', '2025-03-06 01:40:57.524000'),
(4300, '41.59', '90369.00', '2246.86', '2025-03-06 01:41:27.525000'),
(4301, '41.59', '90369.00', '2246.86', '2025-03-06 01:41:57.526000'),
(4302, '41.59', '90369.00', '2246.86', '2025-03-06 01:42:27.526000'),
(4303, '41.59', '90369.00', '2246.86', '2025-03-06 01:42:57.527000'),
(4304, '41.59', '90369.00', '2246.86', '2025-03-06 01:43:27.527000'),
(4305, '41.39', '90493.00', '2252.64', '2025-03-06 01:43:57.741000'),
(4306, '41.39', '90493.00', '2252.64', '2025-03-06 01:44:27.528000'),
(4307, '41.39', '90493.00', '2252.64', '2025-03-06 01:44:57.528000'),
(4308, '41.39', '90493.00', '2252.64', '2025-03-06 01:45:27.528000'),
(4309, '41.39', '90493.00', '2252.64', '2025-03-06 01:45:57.527000'),
(4310, '41.39', '90493.00', '2252.64', '2025-03-06 01:46:27.528000'),
(4311, '41.39', '90493.00', '2252.64', '2025-03-06 01:46:57.528000'),
(4312, '41.39', '90493.00', '2252.64', '2025-03-06 01:47:27.528000'),
(4313, '41.39', '90493.00', '2252.64', '2025-03-06 01:47:57.528000'),
(4314, '41.39', '90493.00', '2252.64', '2025-03-06 01:48:27.529000'),
(4315, '41.39', '90493.00', '2252.64', '2025-03-06 01:48:57.529000'),
(4316, '41.39', '91388.00', '2281.81', '2025-03-06 01:49:27.756000'),
(4317, '41.39', '91388.00', '2281.81', '2025-03-06 01:49:57.530000'),
(4318, '41.39', '91388.00', '2281.81', '2025-03-06 01:50:27.530000'),
(4319, '41.39', '91388.00', '2281.81', '2025-03-06 01:50:57.530000'),
(4320, '41.39', '91388.00', '2281.81', '2025-03-06 01:51:27.529000'),
(4321, '41.39', '91388.00', '2281.81', '2025-03-06 01:51:57.529000'),
(4322, '41.39', '91388.00', '2281.81', '2025-03-06 01:52:27.530000'),
(4323, '41.39', '91388.00', '2281.81', '2025-03-06 01:52:57.531000'),
(4324, '41.39', '91388.00', '2281.81', '2025-03-06 01:53:27.533000'),
(4325, '41.39', '91388.00', '2281.81', '2025-03-06 01:53:57.534000'),
(4326, '41.39', '91388.00', '2281.81', '2025-03-06 01:54:27.534000'),
(4327, '41.39', '91527.00', '2278.26', '2025-03-06 01:54:57.751000'),
(4328, '41.39', '91527.00', '2278.26', '2025-03-06 01:55:27.536000'),
(4329, '41.39', '91527.00', '2278.26', '2025-03-06 01:55:57.537000'),
(4330, '41.39', '91527.00', '2278.26', '2025-03-06 01:56:27.538000'),
(4331, '41.39', '91527.00', '2278.26', '2025-03-06 01:56:57.539000'),
(4332, '41.39', '91527.00', '2278.26', '2025-03-06 01:57:27.540000'),
(4333, '41.39', '91527.00', '2278.26', '2025-03-06 01:57:57.540000'),
(4334, '41.39', '91527.00', '2278.26', '2025-03-06 01:58:27.541000'),
(4335, '41.39', '91527.00', '2278.26', '2025-03-06 01:58:57.541000'),
(4336, '41.39', '91527.00', '2278.26', '2025-03-06 01:59:27.542000'),
(4337, '41.39', '91527.00', '2278.26', '2025-03-06 01:59:57.543000'),
(4338, '41.39', '91070.00', '2262.45', '2025-03-06 02:00:27.764000'),
(4339, '41.39', '91070.00', '2262.45', '2025-03-06 02:00:57.544000'),
(4340, '41.39', '91070.00', '2262.45', '2025-03-06 02:01:27.545000'),
(4341, '41.39', '91070.00', '2262.45', '2025-03-06 02:01:57.545000'),
(4342, '41.39', '91070.00', '2262.45', '2025-03-06 02:02:27.545000'),
(4343, '41.39', '91070.00', '2262.45', '2025-03-06 02:02:57.545000'),
(4344, '41.39', '91070.00', '2262.45', '2025-03-06 02:03:27.546000'),
(4345, '41.39', '91070.00', '2262.45', '2025-03-06 02:03:57.546000'),
(4346, '41.39', '91070.00', '2262.45', '2025-03-06 02:04:27.547000'),
(4347, '41.39', '91070.00', '2262.45', '2025-03-06 02:04:57.548000'),
(4348, '41.39', '91070.00', '2262.45', '2025-03-06 02:05:27.548000'),
(4349, '41.39', '91579.00', '2276.89', '2025-03-06 02:05:57.782000'),
(4350, '41.39', '91579.00', '2276.89', '2025-03-06 02:06:27.547000'),
(4351, '41.39', '91579.00', '2276.89', '2025-03-06 02:06:57.547000'),
(4352, '41.39', '91579.00', '2276.89', '2025-03-06 02:07:27.548000'),
(4353, '41.39', '91579.00', '2276.89', '2025-03-06 02:07:57.548000'),
(4354, '41.39', '91579.00', '2276.89', '2025-03-06 02:08:27.548000'),
(4355, '41.39', '91579.00', '2276.89', '2025-03-06 02:08:57.549000'),
(4356, '41.39', '91579.00', '2276.89', '2025-03-06 02:09:27.551000'),
(4357, '41.39', '91579.00', '2276.89', '2025-03-06 02:09:57.551000'),
(4358, '41.39', '91579.00', '2276.89', '2025-03-06 02:10:27.552000'),
(4359, '41.39', '91579.00', '2276.89', '2025-03-06 02:10:57.553000'),
(4360, '41.39', '91622.00', '2275.27', '2025-03-06 02:11:27.769000'),
(4361, '41.39', '91622.00', '2275.27', '2025-03-06 02:11:57.556000'),
(4362, '41.39', '91622.00', '2275.27', '2025-03-06 02:12:27.557000'),
(4363, '41.39', '91622.00', '2275.27', '2025-03-06 02:12:57.558000'),
(4364, '41.39', '91622.00', '2275.27', '2025-03-06 02:13:27.559000'),
(4365, '41.39', '91622.00', '2275.27', '2025-03-06 02:13:57.560000'),
(4366, '41.39', '91622.00', '2275.27', '2025-03-06 02:14:27.561000'),
(4367, '41.39', '91622.00', '2275.27', '2025-03-06 02:14:57.561000'),
(4368, '41.39', '91622.00', '2275.27', '2025-03-06 02:15:27.562000'),
(4369, '41.39', '91622.00', '2275.27', '2025-03-06 02:15:57.563000'),
(4370, '41.39', '91622.00', '2275.27', '2025-03-06 02:16:27.564000'),
(4371, '41.39', '91650.00', '2278.99', '2025-03-06 02:16:57.807000'),
(4372, '41.39', '91650.00', '2278.99', '2025-03-06 02:17:27.564000'),
(4373, '41.39', '91650.00', '2278.99', '2025-03-06 02:17:57.564000'),
(4374, '41.39', '91650.00', '2278.99', '2025-03-06 02:18:27.564000'),
(4375, '41.39', '91650.00', '2278.99', '2025-03-06 02:18:57.565000'),
(4376, '41.39', '91650.00', '2278.99', '2025-03-06 02:19:27.566000'),
(4377, '41.39', '91650.00', '2278.99', '2025-03-06 02:19:57.566000'),
(4378, '41.39', '91650.00', '2278.99', '2025-03-06 02:20:27.566000'),
(4379, '41.39', '91650.00', '2278.99', '2025-03-06 02:20:57.566000'),
(4380, '41.39', '91650.00', '2278.99', '2025-03-06 02:21:27.566000'),
(4381, '41.39', '91650.00', '2278.99', '2025-03-06 02:21:57.566000'),
(4382, '41.39', '91463.00', '2277.30', '2025-03-06 02:22:27.778000'),
(4383, '41.39', '91463.00', '2277.30', '2025-03-06 02:22:57.567000'),
(4384, '41.39', '91463.00', '2277.30', '2025-03-06 02:23:27.567000'),
(4385, '41.39', '91463.00', '2277.30', '2025-03-06 02:23:57.566000'),
(4386, '41.39', '91463.00', '2277.30', '2025-03-06 02:24:27.566000'),
(4387, '41.39', '91463.00', '2277.30', '2025-03-06 02:24:57.567000'),
(4388, '41.39', '91463.00', '2277.30', '2025-03-06 02:25:27.566000'),
(4389, '41.39', '91463.00', '2277.30', '2025-03-06 02:25:57.567000'),
(4390, '41.39', '91463.00', '2277.30', '2025-03-06 02:26:27.567000'),
(4391, '41.39', '91463.00', '2277.30', '2025-03-06 02:26:57.568000'),
(4392, '41.39', '91463.00', '2277.30', '2025-03-06 02:27:27.569000'),
(4393, '41.39', '91205.00', '2268.91', '2025-03-06 02:27:57.740000'),
(4394, '41.39', '91205.00', '2268.91', '2025-03-06 02:28:27.571000'),
(4395, '41.39', '91205.00', '2268.91', '2025-03-06 02:28:57.572000'),
(4396, '41.39', '91205.00', '2268.91', '2025-03-06 02:29:27.573000'),
(4397, '41.39', '91205.00', '2268.91', '2025-03-06 02:29:57.574000'),
(4398, '41.39', '91205.00', '2268.91', '2025-03-06 02:30:27.575000'),
(4399, '41.39', '91205.00', '2268.91', '2025-03-06 02:30:57.575000'),
(4400, '41.39', '91205.00', '2268.91', '2025-03-06 02:31:27.575000'),
(4401, '41.39', '91205.00', '2268.91', '2025-03-06 02:31:57.576000'),
(4402, '41.39', '91205.00', '2268.91', '2025-03-06 02:32:27.577000'),
(4403, '41.39', '91205.00', '2268.91', '2025-03-06 02:32:57.577000'),
(4404, '41.39', '91278.00', '2271.11', '2025-03-06 02:33:27.808000'),
(4405, '41.39', '91278.00', '2271.11', '2025-03-06 02:33:57.579000'),
(4406, '41.39', '91278.00', '2271.11', '2025-03-06 02:34:27.579000'),
(4407, '41.39', '91278.00', '2271.11', '2025-03-06 02:34:57.580000'),
(4408, '41.39', '91278.00', '2271.11', '2025-03-06 02:35:27.580000'),
(4409, '41.39', '91278.00', '2271.11', '2025-03-06 02:35:57.580000'),
(4410, '41.39', '91278.00', '2271.11', '2025-03-06 02:36:27.580000'),
(4411, '41.39', '91278.00', '2271.11', '2025-03-06 02:36:57.580000'),
(4412, '41.39', '91278.00', '2271.11', '2025-03-06 02:37:27.581000'),
(4413, '41.39', '91278.00', '2271.11', '2025-03-06 02:37:57.581000'),
(4414, '41.39', '91278.00', '2271.11', '2025-03-06 02:38:27.581000'),
(4415, '41.39', '91053.00', '2265.17', '2025-03-06 02:38:57.801000'),
(4416, '41.39', '91053.00', '2265.17', '2025-03-06 02:39:27.581000'),
(4417, '41.39', '91053.00', '2265.17', '2025-03-06 02:39:57.582000'),
(4418, '41.39', '91053.00', '2265.17', '2025-03-06 02:40:27.582000'),
(4419, '41.39', '91053.00', '2265.17', '2025-03-06 02:40:57.582000'),
(4420, '41.39', '91053.00', '2265.17', '2025-03-06 02:41:27.582000'),
(4421, '41.39', '91053.00', '2265.17', '2025-03-06 02:41:57.581000'),
(4422, '41.39', '91053.00', '2265.17', '2025-03-06 02:42:27.582000'),
(4423, '41.39', '91053.00', '2265.17', '2025-03-06 02:42:57.584000'),
(4424, '41.39', '91053.00', '2265.17', '2025-03-06 02:43:27.583000'),
(4425, '41.39', '91053.00', '2265.17', '2025-03-06 02:43:57.585000'),
(4426, '41.39', '91323.00', '2272.35', '2025-03-06 02:44:27.759000'),
(4427, '41.39', '91323.00', '2272.35', '2025-03-06 02:44:57.587000'),
(4428, '41.39', '91323.00', '2272.35', '2025-03-06 02:45:27.588000'),
(4429, '41.39', '91323.00', '2272.35', '2025-03-06 02:45:57.589000'),
(4430, '41.39', '91323.00', '2272.35', '2025-03-06 02:46:27.590000'),
(4431, '41.39', '91323.00', '2272.35', '2025-03-06 02:46:57.591000'),
(4432, '41.39', '91323.00', '2272.35', '2025-03-06 02:47:27.592000'),
(4433, '41.39', '91323.00', '2272.35', '2025-03-06 02:47:57.592000'),
(4434, '41.39', '91323.00', '2272.35', '2025-03-06 02:48:27.593000'),
(4435, '41.39', '91323.00', '2272.35', '2025-03-06 02:48:57.594000'),
(4436, '41.39', '91323.00', '2272.35', '2025-03-06 02:49:27.594000'),
(4437, '41.39', '91429.00', '2271.57', '2025-03-06 02:49:57.806000'),
(4438, '41.39', '91429.00', '2271.57', '2025-03-06 02:50:27.596000'),
(4439, '41.39', '91429.00', '2271.57', '2025-03-06 02:50:57.597000'),
(4440, '41.39', '91429.00', '2271.57', '2025-03-06 02:51:27.598000'),
(4441, '41.39', '91429.00', '2271.57', '2025-03-06 02:51:57.598000'),
(4442, '41.39', '91429.00', '2271.57', '2025-03-06 02:52:27.598000'),
(4443, '41.39', '91429.00', '2271.57', '2025-03-06 02:52:57.597000'),
(4444, '41.39', '91429.00', '2271.57', '2025-03-06 02:53:27.598000'),
(4445, '41.39', '91429.00', '2271.57', '2025-03-06 02:53:57.598000'),
(4446, '41.39', '91429.00', '2271.57', '2025-03-06 02:54:27.598000'),
(4447, '41.39', '91429.00', '2271.57', '2025-03-06 02:54:57.598000'),
(4448, '41.39', '91814.00', '2280.36', '2025-03-06 02:55:27.815000'),
(4449, '41.39', '91814.00', '2280.36', '2025-03-06 02:55:57.598000'),
(4450, '41.39', '91814.00', '2280.36', '2025-03-06 02:56:27.598000'),
(4451, '41.39', '91814.00', '2280.36', '2025-03-06 02:56:57.598000'),
(4452, '41.39', '91814.00', '2280.36', '2025-03-06 02:57:27.598000'),
(4453, '41.39', '91814.00', '2280.36', '2025-03-06 02:57:57.598000'),
(4454, '41.39', '91814.00', '2280.36', '2025-03-06 02:58:27.599000'),
(4455, '41.39', '91814.00', '2280.36', '2025-03-06 02:58:57.600000'),
(4456, '41.39', '91814.00', '2280.36', '2025-03-06 02:59:27.601000'),
(4457, '41.39', '91814.00', '2280.36', '2025-03-06 02:59:57.602000'),
(4458, '41.39', '91814.00', '2280.36', '2025-03-06 03:00:27.603000'),
(4459, '41.39', '91829.00', '2283.77', '2025-03-06 03:00:57.826000'),
(4460, '41.39', '91829.00', '2283.77', '2025-03-06 03:01:27.605000'),
(4461, '41.39', '91829.00', '2283.77', '2025-03-06 03:01:57.606000'),
(4462, '41.39', '91829.00', '2283.77', '2025-03-06 03:02:27.607000'),
(4463, '41.39', '91829.00', '2283.77', '2025-03-06 03:02:57.608000'),
(4464, '41.39', '91829.00', '2283.77', '2025-03-06 03:03:27.609000'),
(4465, '41.39', '91829.00', '2283.77', '2025-03-06 03:03:57.610000'),
(4466, '41.39', '91829.00', '2283.77', '2025-03-06 03:04:27.611000'),
(4467, '41.39', '91829.00', '2283.77', '2025-03-06 03:04:57.612000'),
(4468, '41.39', '91829.00', '2283.77', '2025-03-06 03:05:27.612000'),
(4469, '41.39', '91829.00', '2283.77', '2025-03-06 03:05:57.612000'),
(4470, '41.39', '91921.00', '2287.69', '2025-03-06 03:06:27.842000'),
(4471, '41.39', '91921.00', '2287.69', '2025-03-06 03:06:57.613000'),
(4472, '41.39', '91921.00', '2287.69', '2025-03-06 03:07:27.614000'),
(4473, '41.39', '91921.00', '2287.69', '2025-03-06 03:07:57.614000'),
(4474, '41.39', '91921.00', '2287.69', '2025-03-06 03:08:27.614000'),
(4475, '41.39', '91921.00', '2287.69', '2025-03-06 03:08:57.614000'),
(4476, '41.39', '91921.00', '2287.69', '2025-03-06 03:09:27.613000'),
(4477, '41.39', '91921.00', '2287.69', '2025-03-06 03:09:57.614000'),
(4478, '41.39', '91921.00', '2287.69', '2025-03-06 03:10:27.615000'),
(4479, '41.39', '91921.00', '2287.69', '2025-03-06 03:10:57.615000'),
(4480, '41.39', '91921.00', '2287.69', '2025-03-06 03:11:27.615000'),
(4481, '41.39', '91580.00', '2281.14', '2025-03-06 03:11:57.823000'),
(4482, '41.39', '91580.00', '2281.14', '2025-03-06 03:12:27.615000'),
(4483, '41.39', '91580.00', '2281.14', '2025-03-06 03:12:57.615000'),
(4484, '41.39', '91580.00', '2281.14', '2025-03-06 03:13:27.618000'),
(4485, '41.39', '91580.00', '2281.14', '2025-03-06 03:13:57.619000'),
(4486, '41.39', '91580.00', '2281.14', '2025-03-06 03:14:27.619000'),
(4487, '41.39', '91580.00', '2281.14', '2025-03-06 03:14:57.620000'),
(4488, '41.39', '91580.00', '2281.14', '2025-03-06 03:15:27.621000'),
(4489, '41.39', '91580.00', '2281.14', '2025-03-06 03:15:57.622000'),
(4490, '41.39', '91580.00', '2281.14', '2025-03-06 03:16:27.623000'),
(4491, '41.39', '91580.00', '2281.14', '2025-03-06 03:16:57.624000'),
(4492, '41.39', '91721.00', '2284.58', '2025-03-06 03:17:27.859000'),
(4493, '41.39', '91721.00', '2284.58', '2025-03-06 03:17:57.625000'),
(4494, '41.39', '91721.00', '2284.58', '2025-03-06 03:18:27.626000'),
(4495, '41.39', '91721.00', '2284.58', '2025-03-06 03:18:57.626000'),
(4496, '41.39', '91721.00', '2284.58', '2025-03-06 03:19:27.626000'),
(4497, '41.39', '91721.00', '2284.58', '2025-03-06 03:19:57.627000'),
(4498, '41.39', '91721.00', '2284.58', '2025-03-06 03:20:27.628000'),
(4499, '41.39', '91721.00', '2284.58', '2025-03-06 03:20:57.628000'),
(4500, '41.39', '91721.00', '2284.58', '2025-03-06 03:21:27.629000'),
(4501, '41.39', '91721.00', '2284.58', '2025-03-06 03:21:57.629000'),
(4502, '41.39', '91721.00', '2284.58', '2025-03-06 03:22:27.630000'),
(4503, '41.39', '91724.00', '2280.93', '2025-03-06 03:22:57.855000'),
(4504, '41.39', '91724.00', '2280.93', '2025-03-06 03:23:27.632000'),
(4505, '41.39', '91724.00', '2280.93', '2025-03-06 03:23:57.632000'),
(4506, '41.39', '91724.00', '2280.93', '2025-03-06 03:24:27.633000'),
(4507, '41.39', '91724.00', '2280.93', '2025-03-06 03:24:57.634000'),
(4508, '41.39', '91724.00', '2280.93', '2025-03-06 03:25:27.634000'),
(4509, '41.39', '91724.00', '2280.93', '2025-03-06 03:25:57.634000'),
(4510, '41.39', '91724.00', '2280.93', '2025-03-06 03:26:27.634000'),
(4511, '41.39', '91724.00', '2280.93', '2025-03-06 03:26:57.633000'),
(4512, '41.39', '91724.00', '2280.93', '2025-03-06 03:27:27.634000'),
(4513, '41.39', '91724.00', '2280.93', '2025-03-06 03:27:57.635000'),
(4514, '41.39', '91706.00', '2280.02', '2025-03-06 03:28:27.857000'),
(4515, '41.39', '91706.00', '2280.02', '2025-03-06 03:28:57.637000'),
(4516, '41.39', '91706.00', '2280.02', '2025-03-06 03:29:27.638000'),
(4517, '41.39', '91706.00', '2280.02', '2025-03-06 03:29:57.639000'),
(4518, '41.39', '91706.00', '2280.02', '2025-03-06 03:30:27.640000'),
(4519, '41.39', '91706.00', '2280.02', '2025-03-06 03:30:57.641000'),
(4520, '41.39', '91706.00', '2280.02', '2025-03-06 03:31:27.643000'),
(4521, '41.39', '91706.00', '2280.02', '2025-03-06 03:31:57.643000'),
(4522, '41.39', '91706.00', '2280.02', '2025-03-06 03:32:27.644000'),
(4523, '41.39', '91706.00', '2280.02', '2025-03-06 03:32:57.645000'),
(4524, '41.39', '91706.00', '2280.02', '2025-03-06 03:33:27.645000'),
(4525, '41.39', '91507.00', '2276.26', '2025-03-06 03:33:57.880000'),
(4526, '41.39', '91507.00', '2276.26', '2025-03-06 03:34:27.646000'),
(4527, '41.39', '91507.00', '2276.26', '2025-03-06 03:34:57.647000'),
(4528, '41.39', '91507.00', '2276.26', '2025-03-06 03:35:27.648000'),
(4529, '41.39', '91507.00', '2276.26', '2025-03-06 03:35:57.648000'),
(4530, '41.39', '91507.00', '2276.26', '2025-03-06 03:36:27.648000'),
(4531, '41.39', '91507.00', '2276.26', '2025-03-06 03:36:57.648000'),
(4532, '41.39', '91507.00', '2276.26', '2025-03-06 03:37:27.648000'),
(4533, '41.39', '91507.00', '2276.26', '2025-03-06 03:37:57.648000'),
(4534, '41.39', '91507.00', '2276.26', '2025-03-06 03:38:27.648000'),
(4535, '41.39', '91507.00', '2276.26', '2025-03-06 03:38:57.649000'),
(4536, '41.39', '91649.00', '2282.46', '2025-03-06 03:39:27.882000'),
(4537, '41.39', '91649.00', '2282.46', '2025-03-06 03:39:57.649000'),
(4538, '41.39', '91649.00', '2282.46', '2025-03-06 03:40:27.649000'),
(4539, '41.39', '91649.00', '2282.46', '2025-03-06 03:40:57.650000'),
(4540, '41.39', '91649.00', '2282.46', '2025-03-06 03:41:27.650000'),
(4541, '41.39', '91649.00', '2282.46', '2025-03-06 03:41:57.651000'),
(4542, '41.39', '91649.00', '2282.46', '2025-03-06 03:42:27.652000'),
(4543, '41.39', '91649.00', '2282.46', '2025-03-06 03:42:57.653000'),
(4544, '41.39', '91649.00', '2282.46', '2025-03-06 03:43:27.654000'),
(4545, '41.39', '91649.00', '2282.46', '2025-03-06 03:43:57.655000'),
(4546, '41.39', '91649.00', '2282.46', '2025-03-06 03:44:27.656000'),
(4547, '41.39', '91589.00', '2287.75', '2025-03-06 03:44:57.883000'),
(4548, '41.39', '91589.00', '2287.75', '2025-03-06 03:45:27.658000'),
(4549, '41.39', '91589.00', '2287.75', '2025-03-06 03:45:57.659000'),
(4550, '41.39', '91589.00', '2287.75', '2025-03-06 03:46:27.659000'),
(4551, '41.39', '91589.00', '2287.75', '2025-03-06 03:46:57.660000'),
(4552, '41.39', '91589.00', '2287.75', '2025-03-06 03:47:27.661000'),
(4553, '41.39', '91589.00', '2287.75', '2025-03-06 03:47:57.661000'),
(4554, '41.39', '91589.00', '2287.75', '2025-03-06 03:48:27.661000'),
(4555, '41.39', '91589.00', '2287.75', '2025-03-06 03:48:57.662000'),
(4556, '41.39', '91589.00', '2287.75', '2025-03-06 03:49:27.662000'),
(4557, '41.39', '91589.00', '2287.75', '2025-03-06 03:49:57.662000'),
(4558, '41.39', '91528.00', '2284.95', '2025-03-06 03:50:27.889000'),
(4559, '41.39', '91528.00', '2284.95', '2025-03-06 03:50:57.664000'),
(4560, '41.39', '91528.00', '2284.95', '2025-03-06 03:51:27.665000'),
(4561, '41.39', '91528.00', '2284.95', '2025-03-06 03:51:57.666000'),
(4562, '41.39', '91528.00', '2284.95', '2025-03-06 03:52:27.666000'),
(4563, '41.39', '91528.00', '2284.95', '2025-03-06 03:52:57.666000'),
(4564, '41.39', '91528.00', '2284.95', '2025-03-06 03:53:27.666000'),
(4565, '41.39', '91528.00', '2284.95', '2025-03-06 03:53:57.667000'),
(4566, '41.39', '91528.00', '2284.95', '2025-03-06 03:54:27.668000'),
(4567, '41.39', '91528.00', '2284.95', '2025-03-06 03:54:57.667000'),
(4568, '41.39', '91528.00', '2284.95', '2025-03-06 03:55:27.667000'),
(4569, '41.39', '91426.00', '2282.50', '2025-03-06 03:55:57.899000'),
(4570, '41.39', '91426.00', '2282.50', '2025-03-06 03:56:27.669000'),
(4571, '41.39', '91426.00', '2282.50', '2025-03-06 03:56:57.670000'),
(4572, '41.39', '91426.00', '2282.50', '2025-03-06 03:57:27.670000'),
(4573, '41.39', '91426.00', '2282.50', '2025-03-06 03:57:57.671000'),
(4574, '41.39', '91426.00', '2282.50', '2025-03-06 03:58:27.672000'),
(4575, '41.39', '91426.00', '2282.50', '2025-03-06 03:58:57.673000'),
(4576, '41.39', '91426.00', '2282.50', '2025-03-06 03:59:27.674000'),
(4577, '41.39', '91426.00', '2282.50', '2025-03-06 03:59:57.675000'),
(4578, '41.39', '91426.00', '2282.50', '2025-03-06 04:00:27.676000'),
(4579, '41.39', '91426.00', '2282.50', '2025-03-06 04:00:57.677000'),
(4580, '41.39', '91632.00', '2289.37', '2025-03-06 04:01:27.883000'),
(4581, '41.39', '91632.00', '2289.37', '2025-03-06 04:01:57.678000'),
(4582, '41.39', '91632.00', '2289.37', '2025-03-06 04:02:27.679000'),
(4583, '41.39', '91632.00', '2289.37', '2025-03-06 04:02:57.679000'),
(4584, '41.39', '91632.00', '2289.37', '2025-03-06 04:03:27.680000'),
(4585, '41.39', '91632.00', '2289.37', '2025-03-06 04:03:57.681000'),
(4586, '41.39', '91632.00', '2289.37', '2025-03-06 04:04:27.682000'),
(4587, '41.39', '91632.00', '2289.37', '2025-03-06 04:04:57.682000'),
(4588, '41.39', '91632.00', '2289.37', '2025-03-06 04:05:27.682000'),
(4589, '41.39', '91632.00', '2289.37', '2025-03-06 04:05:57.683000'),
(4590, '41.39', '91632.00', '2289.37', '2025-03-06 04:06:27.683000'),
(4591, '41.39', '91775.00', '2289.24', '2025-03-06 04:06:57.895000'),
(4592, '41.39', '91775.00', '2289.24', '2025-03-06 04:07:27.683000'),
(4593, '41.39', '91775.00', '2289.24', '2025-03-06 04:07:57.683000'),
(4594, '41.39', '91775.00', '2289.24', '2025-03-06 04:08:27.684000'),
(4595, '41.39', '91775.00', '2289.24', '2025-03-06 04:08:57.685000'),
(4596, '41.39', '91775.00', '2289.24', '2025-03-06 04:09:27.685000'),
(4597, '41.39', '91775.00', '2289.24', '2025-03-06 04:09:57.685000'),
(4598, '41.39', '91775.00', '2289.24', '2025-03-06 04:10:27.685000'),
(4599, '41.39', '91775.00', '2289.24', '2025-03-06 04:10:57.685000'),
(4600, '41.39', '91775.00', '2289.24', '2025-03-06 04:11:27.685000'),
(4601, '41.39', '91775.00', '2289.24', '2025-03-06 04:11:57.685000'),
(4602, '41.39', '91709.00', '2286.66', '2025-03-06 04:12:27.945000'),
(4603, '41.39', '91709.00', '2286.66', '2025-03-06 04:12:57.685000'),
(4604, '41.39', '91709.00', '2286.66', '2025-03-06 04:13:27.685000'),
(4605, '41.39', '91709.00', '2286.66', '2025-03-06 04:13:57.686000'),
(4606, '41.39', '91709.00', '2286.66', '2025-03-06 04:14:27.688000'),
(4607, '41.39', '91709.00', '2286.66', '2025-03-06 04:14:57.688000'),
(4608, '41.39', '91709.00', '2286.66', '2025-03-06 04:15:27.690000'),
(4609, '41.39', '91709.00', '2286.66', '2025-03-06 04:15:57.691000'),
(4610, '41.39', '91709.00', '2286.66', '2025-03-06 04:16:27.692000'),
(4611, '41.39', '91709.00', '2286.66', '2025-03-06 04:16:57.693000'),
(4612, '41.39', '91709.00', '2286.66', '2025-03-06 04:17:27.694000'),
(4613, '41.39', '91782.00', '2287.81', '2025-03-06 04:17:57.906000'),
(4614, '41.39', '91782.00', '2287.81', '2025-03-06 04:18:27.696000'),
(4615, '41.39', '91782.00', '2287.81', '2025-03-06 04:18:57.697000'),
(4616, '41.39', '91782.00', '2287.81', '2025-03-06 04:19:27.697000'),
(4617, '41.39', '91782.00', '2287.81', '2025-03-06 04:19:57.698000'),
(4618, '41.39', '91782.00', '2287.81', '2025-03-06 04:20:27.699000'),
(4619, '41.39', '91782.00', '2287.81', '2025-03-06 04:20:57.699000'),
(4620, '41.39', '91782.00', '2287.81', '2025-03-06 04:21:27.702000'),
(4621, '41.39', '91782.00', '2287.81', '2025-03-06 04:21:57.703000'),
(4622, '41.39', '91782.00', '2287.81', '2025-03-06 04:22:27.702000'),
(4623, '41.39', '91782.00', '2287.81', '2025-03-06 04:22:57.703000'),
(4624, '41.39', '91678.00', '2283.53', '2025-03-06 04:23:27.933000'),
(4625, '41.39', '91678.00', '2283.53', '2025-03-06 04:23:57.705000'),
(4626, '41.39', '91678.00', '2283.53', '2025-03-06 04:24:27.705000'),
(4627, '41.39', '91678.00', '2283.53', '2025-03-06 04:24:57.705000'),
(4628, '41.39', '91678.00', '2283.53', '2025-03-06 04:25:27.705000'),
(4629, '41.39', '91678.00', '2283.53', '2025-03-06 04:25:57.705000'),
(4630, '41.39', '91678.00', '2283.53', '2025-03-06 04:26:27.705000'),
(4631, '41.39', '91678.00', '2283.53', '2025-03-06 04:26:57.704000'),
(4632, '41.39', '91678.00', '2283.53', '2025-03-06 04:27:27.705000'),
(4633, '41.39', '91678.00', '2283.53', '2025-03-06 04:27:57.706000'),
(4634, '41.39', '91678.00', '2283.53', '2025-03-06 04:28:27.705000'),
(4635, '41.39', '91645.00', '2280.20', '2025-03-06 04:28:57.929000'),
(4636, '41.39', '91645.00', '2280.20', '2025-03-06 04:29:27.706000'),
(4637, '41.39', '91645.00', '2280.20', '2025-03-06 04:29:57.707000'),
(4638, '41.39', '91645.00', '2280.20', '2025-03-06 04:30:27.708000'),
(4639, '41.39', '91645.00', '2280.20', '2025-03-06 04:30:57.709000'),
(4640, '41.39', '91645.00', '2280.20', '2025-03-06 04:31:27.710000'),
(4641, '41.39', '91645.00', '2280.20', '2025-03-06 04:31:57.712000'),
(4642, '41.39', '91645.00', '2280.20', '2025-03-06 04:32:27.712000'),
(4643, '41.39', '91645.00', '2280.20', '2025-03-06 04:32:57.713000'),
(4644, '41.39', '91645.00', '2280.20', '2025-03-06 04:33:27.714000'),
(4645, '41.39', '91645.00', '2280.20', '2025-03-06 04:33:57.715000'),
(4646, '41.39', '91797.00', '2283.03', '2025-03-06 04:34:27.936000'),
(4647, '41.39', '91797.00', '2283.03', '2025-03-06 04:34:57.717000'),
(4648, '41.39', '91797.00', '2283.03', '2025-03-06 04:35:27.718000'),
(4649, '41.39', '91797.00', '2283.03', '2025-03-06 04:35:57.719000'),
(4650, '41.39', '91797.00', '2283.03', '2025-03-06 04:36:27.720000'),
(4651, '41.39', '91797.00', '2283.03', '2025-03-06 04:36:57.721000'),
(4652, '41.39', '91797.00', '2283.03', '2025-03-06 04:37:27.721000'),
(4653, '41.39', '91797.00', '2283.03', '2025-03-06 04:37:57.722000'),
(4654, '41.39', '91797.00', '2283.03', '2025-03-06 04:38:27.724000'),
(4655, '41.39', '91797.00', '2283.03', '2025-03-06 04:38:57.725000'),
(4656, '41.39', '91797.00', '2283.03', '2025-03-06 04:39:27.728000'),
(4657, '41.39', '91944.00', '2285.75', '2025-03-06 04:39:57.958000'),
(4658, '41.39', '91944.00', '2285.75', '2025-03-06 04:40:27.728000'),
(4659, '41.39', '91944.00', '2285.75', '2025-03-06 04:40:57.728000'),
(4660, '41.39', '91944.00', '2285.75', '2025-03-06 04:41:27.728000'),
(4661, '41.39', '91944.00', '2285.75', '2025-03-06 04:41:57.728000'),
(4662, '41.39', '91944.00', '2285.75', '2025-03-06 04:42:27.728000'),
(4663, '41.39', '91944.00', '2285.75', '2025-03-06 04:42:57.728000'),
(4664, '41.39', '91944.00', '2285.75', '2025-03-06 04:43:27.728000'),
(4665, '41.39', '91944.00', '2285.75', '2025-03-06 04:43:57.727000'),
(4666, '41.39', '91944.00', '2285.75', '2025-03-06 04:44:27.728000'),
(4667, '41.39', '91944.00', '2285.75', '2025-03-06 04:44:57.728000'),
(4668, '41.39', '92081.00', '2289.31', '2025-03-06 04:45:27.994000'),
(4669, '41.39', '92081.00', '2289.31', '2025-03-06 04:45:57.728000'),
(4670, '41.39', '92081.00', '2289.31', '2025-03-06 04:46:27.730000'),
(4671, '41.39', '92081.00', '2289.31', '2025-03-06 04:46:57.731000'),
(4672, '41.39', '92081.00', '2289.31', '2025-03-06 04:47:27.731000'),
(4673, '41.39', '92081.00', '2289.31', '2025-03-06 04:47:57.732000'),
(4674, '41.39', '92081.00', '2289.31', '2025-03-06 04:48:27.733000'),
(4675, '41.39', '92081.00', '2289.31', '2025-03-06 04:48:57.735000'),
(4676, '41.39', '92081.00', '2289.31', '2025-03-06 04:49:27.735000'),
(4677, '41.39', '92081.00', '2289.31', '2025-03-06 04:49:57.736000'),
(4678, '41.39', '92081.00', '2289.31', '2025-03-06 04:50:27.737000'),
(4679, '41.39', '92128.00', '2292.23', '2025-03-06 04:50:57.942000'),
(4680, '41.39', '92128.00', '2292.23', '2025-03-06 04:51:27.738000'),
(4681, '41.39', '92128.00', '2292.23', '2025-03-06 04:51:57.739000'),
(4682, '41.39', '92128.00', '2292.23', '2025-03-06 04:52:27.739000'),
(4683, '41.39', '92128.00', '2292.23', '2025-03-06 04:52:57.740000'),
(4684, '41.39', '92128.00', '2292.23', '2025-03-06 04:53:27.741000'),
(4685, '41.39', '92128.00', '2292.23', '2025-03-06 04:53:57.743000'),
(4686, '41.39', '92128.00', '2292.23', '2025-03-06 04:54:27.743000'),
(4687, '41.39', '92128.00', '2292.23', '2025-03-06 04:54:57.743000'),
(4688, '41.39', '92128.00', '2292.23', '2025-03-06 04:55:27.743000'),
(4689, '41.39', '92128.00', '2292.23', '2025-03-06 04:55:57.743000'),
(4690, '41.39', '92408.00', '2300.19', '2025-03-06 04:56:27.965000'),
(4691, '41.39', '92408.00', '2300.19', '2025-03-06 04:56:57.744000'),
(4692, '41.39', '92408.00', '2300.19', '2025-03-06 04:57:27.744000'),
(4693, '41.39', '92408.00', '2300.19', '2025-03-06 04:57:57.744000'),
(4694, '41.39', '92408.00', '2300.19', '2025-03-06 04:58:27.744000'),
(4695, '41.39', '92408.00', '2300.19', '2025-03-06 04:58:57.744000'),
(4696, '41.39', '92408.00', '2300.19', '2025-03-06 04:59:27.745000'),
(4697, '41.39', '92408.00', '2300.19', '2025-03-06 04:59:57.746000'),
(4698, '41.39', '92408.00', '2300.19', '2025-03-06 05:00:27.746000'),
(4699, '41.39', '92408.00', '2300.19', '2025-03-06 05:00:57.745000'),
(4700, '41.39', '92408.00', '2300.19', '2025-03-06 05:01:27.746000'),
(4701, '41.39', '92294.00', '2298.49', '2025-03-06 05:01:57.981000'),
(4702, '41.39', '92294.00', '2298.49', '2025-03-06 05:02:27.747000'),
(4703, '41.39', '92294.00', '2298.49', '2025-03-06 05:02:57.748000'),
(4704, '41.39', '92294.00', '2298.49', '2025-03-06 05:03:27.749000'),
(4705, '41.39', '92294.00', '2298.49', '2025-03-06 05:03:57.751000'),
(4706, '41.39', '92294.00', '2298.49', '2025-03-06 05:04:27.751000'),
(4707, '41.39', '92294.00', '2298.49', '2025-03-06 05:04:57.752000'),
(4708, '41.39', '92294.00', '2298.49', '2025-03-06 05:05:27.753000'),
(4709, '41.39', '92294.00', '2298.49', '2025-03-06 05:05:57.754000'),
(4710, '41.39', '92294.00', '2298.49', '2025-03-06 05:06:27.755000'),
(4711, '41.39', '92294.00', '2298.49', '2025-03-06 05:06:57.756000'),
(4712, '41.39', '92315.00', '2299.04', '2025-03-06 05:07:27.996000'),
(4713, '41.39', '92315.00', '2299.04', '2025-03-06 05:07:57.759000'),
(4714, '41.39', '92315.00', '2299.04', '2025-03-06 05:08:27.760000'),
(4715, '41.39', '92315.00', '2299.04', '2025-03-06 05:08:57.761000'),
(4716, '41.39', '92315.00', '2299.04', '2025-03-06 05:09:27.762000'),
(4717, '41.39', '92315.00', '2299.04', '2025-03-06 05:09:57.762000'),
(4718, '41.39', '92315.00', '2299.04', '2025-03-06 05:10:27.762000'),
(4719, '41.39', '92315.00', '2299.04', '2025-03-06 05:10:57.763000'),
(4720, '41.39', '92315.00', '2299.04', '2025-03-06 05:11:27.763000'),
(4721, '41.39', '92315.00', '2299.04', '2025-03-06 05:11:57.763000'),
(4722, '41.39', '92315.00', '2299.04', '2025-03-06 05:12:27.763000'),
(4723, '41.39', '92237.00', '2295.94', '2025-03-06 05:12:57.968000'),
(4724, '41.39', '92237.00', '2295.94', '2025-03-06 05:13:27.764000'),
(4725, '41.39', '92237.00', '2295.94', '2025-03-06 05:13:57.765000'),
(4726, '41.39', '92237.00', '2295.94', '2025-03-06 05:14:27.766000'),
(4727, '41.39', '92237.00', '2295.94', '2025-03-06 05:14:57.766000'),
(4728, '41.39', '92237.00', '2295.94', '2025-03-06 05:15:27.766000'),
(4729, '41.39', '92237.00', '2295.94', '2025-03-06 05:15:57.766000'),
(4730, '41.39', '92237.00', '2295.94', '2025-03-06 05:16:27.766000'),
(4731, '41.39', '92237.00', '2295.94', '2025-03-06 05:16:57.767000'),
(4732, '41.39', '92237.00', '2295.94', '2025-03-06 05:17:27.767000'),
(4733, '41.39', '92237.00', '2295.94', '2025-03-06 05:17:57.766000'),
(4734, '41.39', '92236.00', '2296.49', '2025-03-06 05:18:28.024000'),
(4735, '41.39', '92236.00', '2296.49', '2025-03-06 05:18:57.767000'),
(4736, '41.39', '92236.00', '2296.49', '2025-03-06 05:19:27.768000'),
(4737, '41.39', '92236.00', '2296.49', '2025-03-06 05:19:57.769000'),
(4738, '41.39', '92236.00', '2296.49', '2025-03-06 05:20:27.770000'),
(4739, '41.39', '92236.00', '2296.49', '2025-03-06 05:20:57.770000'),
(4740, '41.39', '92236.00', '2296.49', '2025-03-06 05:21:27.771000'),
(4741, '41.39', '92236.00', '2296.49', '2025-03-06 05:21:57.772000'),
(4742, '41.39', '92236.00', '2296.49', '2025-03-06 05:22:27.773000'),
(4743, '41.39', '92236.00', '2296.49', '2025-03-06 05:22:57.774000'),
(4744, '41.39', '92236.00', '2296.49', '2025-03-06 05:23:27.775000'),
(4745, '41.39', '92420.00', '2305.47', '2025-03-06 05:23:57.963000'),
(4746, '41.39', '92420.00', '2305.47', '2025-03-06 05:24:27.775000'),
(4747, '41.39', '92420.00', '2305.47', '2025-03-06 05:24:57.775000'),
(4748, '41.39', '92420.00', '2305.47', '2025-03-06 05:25:27.776000'),
(4749, '41.39', '92420.00', '2305.47', '2025-03-06 05:25:57.776000'),
(4750, '41.39', '92420.00', '2305.47', '2025-03-06 05:26:27.777000'),
(4751, '41.39', '92355.00', '2304.95', '2025-03-06 05:26:49.605000'),
(4752, '41.39', '92355.00', '2304.95', '2025-03-06 05:27:18.437000'),
(4753, '41.39', '92355.00', '2304.95', '2025-03-06 05:27:33.505000'),
(4754, '41.39', '92355.00', '2304.95', '2025-03-06 05:28:02.956000'),
(4755, '41.39', '92355.00', '2304.95', '2025-03-06 05:28:32.956000'),
(4756, '41.39', '92355.00', '2304.95', '2025-03-06 05:29:02.957000'),
(4757, '41.39', '92355.00', '2304.95', '2025-03-06 05:29:32.959000'),
(4758, '41.39', '92355.00', '2304.95', '2025-03-06 05:30:02.959000'),
(4759, '41.39', '92355.00', '2304.95', '2025-03-06 05:30:32.959000'),
(4760, '41.39', '92355.00', '2304.95', '2025-03-06 05:31:02.960000'),
(4761, '41.39', '92355.00', '2304.95', '2025-03-06 05:31:32.961000'),
(4762, '41.39', '92355.00', '2304.95', '2025-03-06 05:32:02.962000'),
(4763, '41.39', '92355.00', '2304.95', '2025-03-06 05:32:32.963000'),
(4764, '41.39', '92452.00', '2310.76', '2025-03-06 05:32:44.444000'),
(4765, '41.39', '92452.00', '2310.76', '2025-03-06 05:33:13.839000'),
(4766, '41.39', '92452.00', '2310.76', '2025-03-06 05:33:43.839000'),
(4767, '41.39', '92452.00', '2310.76', '2025-03-06 05:34:13.839000'),
(4768, '41.39', '92452.00', '2310.76', '2025-03-06 05:34:43.840000'),
(4769, '41.39', '92452.00', '2310.76', '2025-03-06 05:35:13.841000'),
(4770, '41.39', '92452.00', '2310.76', '2025-03-06 05:35:43.843000'),
(4771, '41.39', '92452.00', '2310.76', '2025-03-06 05:36:13.843000'),
(4772, '41.39', '92452.00', '2310.76', '2025-03-06 05:36:43.844000'),
(4773, '41.39', '92452.00', '2310.76', '2025-03-06 05:37:13.845000'),
(4774, '41.39', '92452.00', '2310.76', '2025-03-06 05:37:43.846000'),
(4775, '41.39', '92502.00', '2312.99', '2025-03-06 05:38:14.057000'),
(4776, '41.39', '92502.00', '2312.99', '2025-03-06 05:38:43.848000'),
(4777, '41.39', '92502.00', '2312.99', '2025-03-06 05:39:13.849000'),
(4778, '41.39', '92502.00', '2312.99', '2025-03-06 05:39:43.850000'),
(4779, '41.39', '92502.00', '2312.99', '2025-03-06 05:40:13.850000'),
(4780, '41.39', '92502.00', '2312.99', '2025-03-06 05:40:43.851000'),
(4781, '41.39', '92502.00', '2312.99', '2025-03-06 05:41:13.852000'),
(4782, '41.39', '92502.00', '2312.99', '2025-03-06 05:41:43.853000'),
(4783, '41.39', '92502.00', '2312.99', '2025-03-06 05:42:13.854000'),
(4784, '41.39', '92502.00', '2312.99', '2025-03-06 05:42:43.855000'),
(4785, '41.39', '92502.00', '2312.99', '2025-03-06 05:43:13.855000'),
(4786, '41.39', '92511.00', '2314.45', '2025-03-06 05:43:44.103000'),
(4787, '41.39', '92511.00', '2314.45', '2025-03-06 05:44:13.857000'),
(4788, '41.39', '92511.00', '2314.45', '2025-03-06 05:44:43.858000'),
(4789, '41.39', '92511.00', '2314.45', '2025-03-06 05:45:13.858000'),
(4790, '41.39', '92511.00', '2314.45', '2025-03-06 05:45:43.859000'),
(4791, '41.39', '92511.00', '2314.45', '2025-03-06 05:46:13.858000'),
(4792, '41.39', '92511.00', '2314.45', '2025-03-06 05:46:43.859000'),
(4793, '41.39', '92511.00', '2314.45', '2025-03-06 05:47:13.859000'),
(4794, '41.39', '92511.00', '2314.45', '2025-03-06 05:47:43.860000'),
(4795, '41.39', '92511.00', '2314.45', '2025-03-06 05:48:13.860000'),
(4796, '41.39', '92511.00', '2314.45', '2025-03-06 05:48:43.860000'),
(4797, '41.39', '92578.00', '2314.35', '2025-03-06 05:49:14.067000'),
(4798, '41.39', '92578.00', '2314.35', '2025-03-06 05:49:43.860000'),
(4799, '41.39', '92578.00', '2314.35', '2025-03-06 05:50:13.860000'),
(4800, '41.39', '92578.00', '2314.35', '2025-03-06 05:50:43.859000'),
(4801, '41.39', '92578.00', '2314.35', '2025-03-06 05:51:13.860000'),
(4802, '41.39', '92578.00', '2314.35', '2025-03-06 05:51:43.862000'),
(4803, '41.39', '92578.00', '2314.35', '2025-03-06 05:52:13.862000'),
(4804, '41.39', '92578.00', '2314.35', '2025-03-06 05:52:43.863000'),
(4805, '41.39', '92578.00', '2314.35', '2025-03-06 05:53:13.864000'),
(4806, '41.39', '92578.00', '2314.35', '2025-03-06 05:53:43.865000'),
(4807, '41.39', '92578.00', '2314.35', '2025-03-06 05:54:13.866000'),
(4808, '41.39', '92687.00', '2314.46', '2025-03-06 05:54:44.093000'),
(4809, '41.39', '92687.00', '2314.46', '2025-03-06 05:55:13.868000'),
(4810, '41.39', '92687.00', '2314.46', '2025-03-06 05:55:43.869000'),
(4811, '41.39', '92687.00', '2314.46', '2025-03-06 05:56:13.869000'),
(4812, '41.39', '92687.00', '2314.46', '2025-03-06 05:56:43.870000'),
(4813, '41.39', '92687.00', '2314.46', '2025-03-06 05:57:13.871000'),
(4814, '41.39', '92687.00', '2314.46', '2025-03-06 05:57:43.872000'),
(4815, '41.39', '92687.00', '2314.46', '2025-03-06 05:58:13.872000'),
(4816, '41.39', '92687.00', '2314.46', '2025-03-06 05:58:43.873000'),
(4817, '41.39', '92687.00', '2314.46', '2025-03-06 05:59:13.873000'),
(4818, '41.39', '92687.00', '2314.46', '2025-03-06 05:59:43.874000'),
(4819, '41.39', '92789.00', '2318.23', '2025-03-06 06:00:14.100000'),
(4820, '41.39', '92789.00', '2318.23', '2025-03-06 06:00:43.875000'),
(4821, '41.39', '92789.00', '2318.23', '2025-03-06 06:01:13.875000'),
(4822, '41.39', '92789.00', '2318.23', '2025-03-06 06:01:43.875000'),
(4823, '41.39', '92789.00', '2318.23', '2025-03-06 06:02:13.875000'),
(4824, '41.39', '92789.00', '2318.23', '2025-03-06 06:02:43.875000'),
(4825, '41.39', '92725.00', '2316.44', '2025-03-06 06:03:15.277000'),
(4826, '41.39', '92725.00', '2316.44', '2025-03-06 06:03:44.648000'),
(4827, '41.39', '92725.00', '2316.44', '2025-03-06 06:04:14.648000'),
(4828, '41.39', '92725.00', '2316.44', '2025-03-06 06:04:44.647000'),
(4829, '41.39', '92557.00', '2310.52', '2025-03-06 06:04:57.936000'),
(4830, '41.39', '92557.00', '2310.52', '2025-03-06 06:05:26.840000'),
(4831, '41.39', '92557.00', '2310.52', '2025-03-06 06:05:56.041000'),
(4832, '41.39', '92557.00', '2310.52', '2025-03-06 06:06:26.042000'),
(4833, '41.39', '92557.00', '2310.52', '2025-03-06 06:06:56.045000'),
(4834, '41.39', '92557.00', '2310.52', '2025-03-06 06:07:26.046000'),
(4835, '41.39', '92372.00', '2304.64', '2025-03-06 06:07:39.215000'),
(4836, '41.39', '92372.00', '2304.64', '2025-03-06 06:08:10.066000'),
(4837, '41.39', '92372.00', '2304.64', '2025-03-06 06:08:28.832000'),
(4838, '41.39', '92372.00', '2304.64', '2025-03-06 06:08:58.308000'),
(4839, '41.39', '92372.00', '2304.64', '2025-03-06 06:09:28.309000'),
(4840, '41.39', '92372.00', '2304.64', '2025-03-06 06:09:58.309000'),
(4841, '41.39', '92372.00', '2304.64', '2025-03-06 06:10:28.310000'),
(4842, '41.39', '92372.00', '2304.64', '2025-03-06 06:10:58.311000'),
(4843, '41.39', '92372.00', '2304.64', '2025-03-06 06:11:28.312000'),
(4844, '41.39', '92374.00', '2303.30', '2025-03-06 06:12:26.442000'),
(4845, '41.39', '92374.00', '2303.30', '2025-03-06 06:12:48.324000'),
(4846, '41.39', '92374.00', '2303.30', '2025-03-06 06:13:17.682000'),
(4847, '41.39', '92374.00', '2303.30', '2025-03-06 06:13:47.682000'),
(4848, '41.39', '92374.00', '2303.30', '2025-03-06 06:14:17.683000'),
(4849, '41.39', '92374.00', '2303.30', '2025-03-06 06:14:47.682000'),
(4850, '41.39', '92374.00', '2303.30', '2025-03-06 06:15:17.682000'),
(4851, '41.39', '92374.00', '2303.30', '2025-03-06 06:15:47.683000'),
(4852, '41.39', '92374.00', '2303.30', '2025-03-06 06:16:17.683000'),
(4853, '41.39', '92374.00', '2303.30', '2025-03-06 06:16:47.682000'),
(4854, '41.39', '92374.00', '2303.30', '2025-03-06 06:17:17.683000'),
(4855, '41.39', '92307.00', '2301.78', '2025-03-06 06:17:46.066000'),
(4856, '41.39', '92307.00', '2301.78', '2025-03-06 06:18:15.574000'),
(4857, '41.39', '92307.00', '2301.78', '2025-03-06 06:18:45.575000'),
(4858, '41.39', '92307.00', '2301.78', '2025-03-06 06:19:15.575000'),
(4859, '41.39', '92307.00', '2301.78', '2025-03-06 06:19:45.575000'),
(4860, '41.39', '92307.00', '2301.78', '2025-03-06 06:20:15.575000'),
(4861, '41.39', '92307.00', '2301.78', '2025-03-06 06:20:45.575000'),
(4862, '41.39', '92307.00', '2301.78', '2025-03-06 06:21:15.576000'),
(4863, '41.39', '92307.00', '2301.78', '2025-03-06 06:21:45.576000'),
(4864, '41.39', '92307.00', '2301.78', '2025-03-06 06:22:15.577000'),
(4865, '41.39', '92307.00', '2301.78', '2025-03-06 06:22:45.577000'),
(4866, '41.39', '92168.00', '2296.59', '2025-03-06 06:23:15.791000'),
(4867, '41.39', '92168.00', '2296.59', '2025-03-06 06:23:45.577000'),
(4868, '41.39', '92168.00', '2296.59', '2025-03-06 06:24:15.577000'),
(4869, '41.39', '92168.00', '2296.59', '2025-03-06 06:24:45.576000'),
(4870, '41.39', '92168.00', '2296.59', '2025-03-06 06:25:15.578000'),
(4871, '41.39', '92168.00', '2296.59', '2025-03-06 06:25:45.578000'),
(4872, '41.39', '92168.00', '2296.59', '2025-03-06 06:26:15.579000'),
(4873, '41.39', '92168.00', '2296.59', '2025-03-06 06:26:45.580000'),
(4874, '41.39', '92168.00', '2296.59', '2025-03-06 06:27:15.581000'),
(4875, '41.39', '92168.00', '2296.59', '2025-03-06 06:27:45.582000'),
(4876, '41.39', '92168.00', '2296.59', '2025-03-06 06:28:15.583000'),
(4877, '41.39', '92098.00', '2297.31', '2025-03-06 06:28:45.802000'),
(4878, '41.39', '92098.00', '2297.31', '2025-03-06 06:29:15.586000'),
(4879, '41.39', '92098.00', '2297.31', '2025-03-06 06:29:45.587000'),
(4880, '41.39', '92098.00', '2297.31', '2025-03-06 06:30:15.588000'),
(4881, '41.39', '92098.00', '2297.31', '2025-03-06 06:30:45.589000'),
(4882, '41.39', '92098.00', '2297.31', '2025-03-06 06:31:15.590000'),
(4883, '41.39', '92098.00', '2297.31', '2025-03-06 06:31:45.591000'),
(4884, '41.39', '92098.00', '2297.31', '2025-03-06 06:32:15.591000'),
(4885, '41.39', '92098.00', '2297.31', '2025-03-06 06:32:45.592000'),
(4886, '41.39', '92098.00', '2297.31', '2025-03-06 06:33:15.593000'),
(4887, '41.39', '92098.00', '2297.31', '2025-03-06 06:33:45.594000'),
(4888, '41.39', '92085.00', '2298.68', '2025-03-06 06:34:15.812000'),
(4889, '41.39', '91694.00', '2292.27', '2025-03-06 07:20:31.010000'),
(4890, '41.39', '91694.00', '2292.27', '2025-03-06 07:21:00.145000'),
(4891, '41.39', '91694.00', '2292.27', '2025-03-06 07:21:30.145000'),
(4892, '41.39', '91694.00', '2292.27', '2025-03-06 07:22:00.146000'),
(4893, '41.39', '91767.00', '2293.63', '2025-03-06 07:22:35.874000'),
(4894, '41.39', '91767.00', '2293.63', '2025-03-06 07:23:05.321000'),
(4895, '41.39', '91774.00', '2294.01', '2025-03-06 07:23:36.937000'),
(4896, '41.39', '91774.00', '2294.01', '2025-03-06 07:24:06.096000'),
(4897, '41.39', '91774.00', '2294.01', '2025-03-06 07:24:36.097000'),
(4898, '41.39', '91774.00', '2294.01', '2025-03-06 07:25:06.098000'),
(4899, '41.39', '91774.00', '2294.01', '2025-03-06 07:25:36.099000'),
(4900, '41.39', '91774.00', '2294.01', '2025-03-06 07:26:06.100000'),
(4901, '41.39', '91774.00', '2294.01', '2025-03-06 07:26:36.100000'),
(4902, '41.39', '91774.00', '2294.01', '2025-03-06 07:27:06.102000'),
(4903, '41.39', '91774.00', '2294.01', '2025-03-06 07:27:36.103000'),
(4904, '41.39', '91774.00', '2294.01', '2025-03-06 07:28:06.103000'),
(4905, '41.39', '91774.00', '2294.01', '2025-03-06 07:28:36.104000'),
(4906, '41.39', '91634.00', '2293.87', '2025-03-06 07:29:06.341000'),
(4907, '41.39', '91634.00', '2293.87', '2025-03-06 07:29:36.105000'),
(4908, '41.39', '91634.00', '2293.87', '2025-03-06 07:30:06.105000'),
(4909, '41.39', '91634.00', '2293.87', '2025-03-06 07:30:36.106000'),
(4910, '41.39', '91634.00', '2293.87', '2025-03-06 07:31:06.106000'),
(4911, '41.39', '91634.00', '2293.87', '2025-03-06 07:31:36.106000'),
(4912, '41.39', '91634.00', '2293.87', '2025-03-06 07:32:06.106000'),
(4913, '41.39', '91634.00', '2293.87', '2025-03-06 07:32:36.106000'),
(4914, '41.39', '91634.00', '2293.87', '2025-03-06 07:33:06.106000'),
(4915, '41.39', '91634.00', '2293.87', '2025-03-06 07:33:36.107000'),
(4916, '41.39', '91758.00', '2298.73', '2025-03-06 07:34:09.415000'),
(4917, '41.39', '91758.00', '2298.73', '2025-03-06 07:34:38.885000'),
(4918, '41.39', '91758.00', '2298.73', '2025-03-06 07:35:08.884000'),
(4919, '41.39', '91669.00', '2297.36', '2025-03-06 07:35:44.469000'),
(4920, '41.39', '91669.00', '2297.36', '2025-03-06 07:36:13.679000'),
(4921, '41.39', '91669.00', '2297.36', '2025-03-06 07:36:43.680000'),
(4922, '41.39', '91669.00', '2297.36', '2025-03-06 07:37:13.680000'),
(4923, '41.39', '91709.00', '2297.82', '2025-03-06 07:37:40.053000'),
(4924, '41.39', '91709.00', '2297.82', '2025-03-06 07:38:09.401000'),
(4925, '41.39', '91743.00', '2298.19', '2025-03-06 07:38:40.145000'),
(4926, '41.39', '91743.00', '2298.19', '2025-03-06 07:39:09.463000'),
(4927, '41.39', '91743.00', '2298.19', '2025-03-06 07:39:39.464000'),
(4928, '41.39', '91743.00', '2298.19', '2025-03-06 07:40:09.464000'),
(4929, '41.39', '91743.00', '2298.19', '2025-03-06 07:40:39.464000'),
(4930, '41.39', '91743.00', '2298.19', '2025-03-06 07:41:09.465000'),
(4931, '41.39', '91607.00', '2294.73', '2025-03-06 07:41:37.027000'),
(4932, '41.39', '91607.00', '2294.73', '2025-03-06 07:42:06.327000'),
(4933, '41.39', '91607.00', '2294.73', '2025-03-06 07:42:36.327000'),
(4934, '41.39', '91607.00', '2294.73', '2025-03-06 07:43:06.327000'),
(4935, '41.39', '91607.00', '2294.73', '2025-03-06 07:43:36.327000'),
(4936, '41.39', '91607.00', '2294.73', '2025-03-06 07:44:06.328000'),
(4937, '41.39', '91607.00', '2294.73', '2025-03-06 07:44:36.328000'),
(4938, '41.39', '91607.00', '2294.73', '2025-03-06 07:45:06.329000'),
(4939, '41.39', '91607.00', '2294.73', '2025-03-06 07:45:36.330000'),
(4940, '41.39', '91541.00', '2293.05', '2025-03-06 07:46:02.231000'),
(4941, '41.39', '91541.00', '2293.05', '2025-03-06 07:46:31.736000'),
(4942, '41.39', '91541.00', '2293.05', '2025-03-06 07:47:01.737000'),
(4943, '41.39', '91541.00', '2293.05', '2025-03-06 07:47:31.738000'),
(4944, '41.39', '91541.00', '2293.05', '2025-03-06 07:48:01.739000'),
(4945, '41.39', '91541.00', '2293.05', '2025-03-06 07:48:31.740000'),
(4946, '41.39', '91541.00', '2293.05', '2025-03-06 07:49:01.741000'),
(4947, '41.39', '91541.00', '2293.05', '2025-03-06 07:49:31.742000'),
(4948, '41.39', '91514.00', '2290.92', '2025-03-06 07:50:10.529000'),
(4949, '41.39', '91514.00', '2290.92', '2025-03-06 07:50:39.761000'),
(4950, '41.39', '91514.00', '2290.92', '2025-03-06 07:51:09.762000'),
(4951, '41.39', '91514.00', '2290.92', '2025-03-06 07:51:39.761000'),
(4952, '41.39', '91514.00', '2290.92', '2025-03-06 07:52:09.762000'),
(4953, '41.39', '91404.00', '2288.71', '2025-03-06 07:53:14.874000'),
(4954, '41.39', '91373.00', '2287.11', '2025-03-06 07:53:49.248000'),
(4955, '41.39', '91373.00', '2287.11', '2025-03-06 07:54:22.337000'),
(4956, '41.39', '91373.00', '2287.11', '2025-03-06 07:54:51.854000'),
(4957, '41.39', '91369.00', '2287.09', '2025-03-06 07:55:03.038000'),
(4958, '41.39', '91369.00', '2287.09', '2025-03-06 07:55:32.558000'),
(4959, '41.39', '91328.00', '2285.95', '2025-03-06 07:55:40.189000'),
(4960, '41.39', '91328.00', '2285.95', '2025-03-06 07:56:09.693000'),
(4961, '41.39', '91328.00', '2285.95', '2025-03-06 07:56:39.694000'),
(4962, '41.39', '91328.00', '2285.95', '2025-03-06 07:57:09.694000'),
(4963, '41.39', '91328.00', '2285.95', '2025-03-06 07:57:39.695000'),
(4964, '41.39', '91328.00', '2285.95', '2025-03-06 07:58:09.696000'),
(4965, '41.39', '91328.00', '2285.95', '2025-03-06 07:58:39.697000'),
(4966, '41.39', '91328.00', '2285.95', '2025-03-06 07:59:09.698000'),
(4967, '41.39', '91328.00', '2285.95', '2025-03-06 07:59:39.699000'),
(4968, '41.39', '91328.00', '2285.95', '2025-03-06 08:00:09.700000'),
(4969, '41.39', '91328.00', '2285.95', '2025-03-06 08:00:39.700000'),
(4970, '41.39', '91311.00', '2284.75', '2025-03-06 08:01:09.928000'),
(4971, '41.39', '91311.00', '2284.75', '2025-03-06 08:01:39.701000'),
(4972, '41.39', '91311.00', '2284.75', '2025-03-06 08:02:09.702000'),
(4973, '41.39', '91311.00', '2284.75', '2025-03-06 08:02:39.703000'),
(4974, '41.39', '91311.00', '2284.75', '2025-03-06 08:03:09.703000'),
(4975, '41.39', '91311.00', '2284.75', '2025-03-06 08:03:39.704000'),
(4976, '41.39', '91314.00', '2283.65', '2025-03-06 08:03:57.254000'),
(4977, '41.39', '91314.00', '2283.65', '2025-03-06 08:04:26.541000'),
(4978, '41.39', '91314.00', '2283.65', '2025-03-06 08:04:56.540000'),
(4979, '41.39', '91314.00', '2283.65', '2025-03-06 08:05:26.540000'),
(4980, '41.39', '91314.00', '2283.65', '2025-03-06 08:05:56.540000'),
(4981, '41.39', '91314.00', '2283.65', '2025-03-06 08:06:26.540000'),
(4982, '41.39', '91314.00', '2283.65', '2025-03-06 08:06:56.541000'),
(4983, '41.39', '91314.00', '2283.65', '2025-03-06 08:07:26.541000'),
(4984, '41.39', '91314.00', '2283.65', '2025-03-06 08:07:56.541000'),
(4985, '41.39', '91314.00', '2283.65', '2025-03-06 08:08:26.542000'),
(4986, '41.39', '91314.00', '2283.65', '2025-03-06 08:08:56.545000'),
(4987, '41.39', '91259.00', '2283.00', '2025-03-06 08:09:26.768000'),
(4988, '41.39', '91259.00', '2283.00', '2025-03-06 08:09:56.547000'),
(4989, '41.39', '91259.00', '2283.00', '2025-03-06 08:10:26.548000'),
(4990, '41.39', '91299.00', '2284.17', '2025-03-06 08:10:57.224000'),
(4991, '41.39', '91299.00', '2284.17', '2025-03-06 08:11:26.303000'),
(4992, '41.39', '91299.00', '2284.17', '2025-03-06 08:11:56.304000'),
(4993, '41.39', '91299.00', '2284.17', '2025-03-06 08:12:26.305000'),
(4994, '41.39', '91299.00', '2284.17', '2025-03-06 08:12:56.305000'),
(4995, '41.39', '91299.00', '2284.17', '2025-03-06 08:13:26.306000'),
(4996, '41.39', '91299.00', '2284.17', '2025-03-06 08:13:56.307000'),
(4997, '41.39', '91299.00', '2284.17', '2025-03-06 08:14:26.308000'),
(4998, '41.39', '91299.00', '2284.17', '2025-03-06 08:14:56.309000'),
(4999, '41.39', '91296.00', '2284.16', '2025-03-06 08:15:23'),
(5000, '41.39', '91296.00', '2284.16', '2025-03-06 08:15:52.218000'),
(5001, '41.39', '91296.00', '2284.16', '2025-03-06 08:16:22.219000'),
(5002, '41.39', '91296.00', '2284.16', '2025-03-06 08:16:52.220000'),
(5003, '41.39', '91296.00', '2284.16', '2025-03-06 08:17:22.219000'),
(5004, '41.39', '91296.00', '2284.16', '2025-03-06 08:17:52.219000'),
(5005, '41.39', '91296.00', '2284.16', '2025-03-06 08:18:22.220000'),
(5006, '41.39', '91296.00', '2284.16', '2025-03-06 08:18:52.219000'),
(5007, '41.39', '91296.00', '2284.16', '2025-03-06 08:19:22.219000'),
(5008, '41.39', '91514.00', '2289.27', '2025-03-06 08:19:55.900000'),
(5009, '41.39', '91514.00', '2289.27', '2025-03-06 08:20:25.099000'),
(5010, '41.39', '91514.00', '2289.27', '2025-03-06 08:20:55.100000'),
(5011, '41.39', '91514.00', '2289.27', '2025-03-06 08:21:25.100000'),
(5012, '41.39', '91514.00', '2289.27', '2025-03-06 08:21:55.101000'),
(5013, '41.39', '91514.00', '2289.27', '2025-03-06 08:22:25.101000'),
(5014, '41.39', '91536.00', '2290.14', '2025-03-06 08:22:57.150000'),
(5015, '41.39', '91536.00', '2290.14', '2025-03-06 08:23:26.381000'),
(5016, '41.39', '91536.00', '2290.14', '2025-03-06 08:23:56.382000'),
(5017, '41.39', '91536.00', '2290.14', '2025-03-06 08:24:26.383000'),
(5018, '41.39', '91536.00', '2290.14', '2025-03-06 08:24:56.383000'),
(5019, '41.39', '91536.00', '2290.14', '2025-03-06 08:25:26.383000'),
(5020, '41.39', '91536.00', '2290.14', '2025-03-06 08:25:56.382000'),
(5021, '41.39', '91536.00', '2290.14', '2025-03-06 08:26:26.399000'),
(5022, '41.39', '91536.00', '2290.14', '2025-03-06 08:26:56.399000'),
(5023, '41.39', '91536.00', '2290.14', '2025-03-06 08:27:26.400000'),
(5024, '41.39', '91441.00', '2287.88', '2025-03-06 08:27:48.027000'),
(5025, '41.39', '91441.00', '2287.88', '2025-03-06 08:28:16.749000'),
(5026, '41.39', '91441.00', '2287.88', '2025-03-06 08:28:46.750000'),
(5027, '41.39', '91456.00', '2288.04', '2025-03-06 08:29:14.203000'),
(5028, '41.39', '91456.00', '2288.04', '2025-03-06 08:29:43.312000'),
(5029, '41.39', '91456.00', '2288.04', '2025-03-06 08:30:13.312000'),
(5030, '41.39', '91456.00', '2288.04', '2025-03-06 08:30:43.312000'),
(5031, '41.39', '91456.00', '2288.04', '2025-03-06 08:31:13.313000'),
(5032, '41.39', '91456.00', '2288.04', '2025-03-06 08:31:43.314000'),
(5033, '41.39', '91456.00', '2288.04', '2025-03-06 08:32:13.315000'),
(5034, '41.39', '91456.00', '2288.04', '2025-03-06 08:32:43.315000'),
(5035, '41.39', '91456.00', '2288.04', '2025-03-06 08:33:13.315000'),
(5036, '41.39', '91456.00', '2288.04', '2025-03-06 08:33:43.316000'),
(5037, '41.39', '91456.00', '2288.04', '2025-03-06 08:34:13.316000'),
(5038, '41.39', '91456.00', '2290.65', '2025-03-06 08:34:43.524000'),
(5039, '41.39', '91456.00', '2290.65', '2025-03-06 08:35:13.316000'),
(5040, '41.39', '91456.00', '2290.65', '2025-03-06 08:35:43.316000'),
(5041, '41.39', '91456.00', '2290.65', '2025-03-06 08:36:13.316000'),
(5042, '41.39', '91456.00', '2290.65', '2025-03-06 08:36:43.317000'),
(5043, '41.39', '91464.00', '2290.64', '2025-03-06 08:37:06.545000'),
(5044, '41.39', '91464.00', '2290.64', '2025-03-06 08:37:35.659000'),
(5045, '41.39', '91464.00', '2290.64', '2025-03-06 08:38:05.659000'),
(5046, '41.39', '91464.00', '2290.64', '2025-03-06 08:38:35.659000'),
(5047, '41.39', '91439.00', '2290.03', '2025-03-06 08:39:15.346000'),
(5048, '41.39', '91439.00', '2290.03', '2025-03-06 08:39:44.596000'),
(5049, '41.39', '91439.00', '2290.03', '2025-03-06 08:40:14.597000'),
(5050, '41.39', '91439.00', '2290.03', '2025-03-06 08:40:44.596000'),
(5051, '41.39', '91439.00', '2290.03', '2025-03-06 08:41:14.597000'),
(5052, '41.39', '91450.00', '2290.98', '2025-03-06 08:41:53.420000'),
(5053, '41.39', '91450.00', '2290.98', '2025-03-06 08:42:22.369000'),
(5054, '41.39', '91450.00', '2290.98', '2025-03-06 08:42:52.368000'),
(5055, '41.39', '91450.00', '2290.98', '2025-03-06 08:43:22.368000'),
(5056, '41.39', '91450.00', '2290.98', '2025-03-06 08:43:52.368000'),
(5057, '41.39', '91566.00', '2295.40', '2025-03-06 08:44:13.921000'),
(5058, '41.39', '91566.00', '2295.40', '2025-03-06 08:44:43.214000'),
(5059, '41.39', '91566.00', '2295.40', '2025-03-06 08:45:13.215000'),
(5060, '41.39', '91566.00', '2295.40', '2025-03-06 08:45:43.216000'),
(5061, '41.39', '91566.00', '2295.40', '2025-03-06 08:46:13.217000'),
(5062, '41.39', '91391.00', '2293.54', '2025-03-06 08:46:48.801000'),
(5063, '41.39', '91391.00', '2293.54', '2025-03-06 08:47:17.916000'),
(5064, '41.39', '91391.00', '2293.54', '2025-03-06 08:47:47.917000'),
(5065, '41.39', '91391.00', '2293.54', '2025-03-06 08:48:17.917000'),
(5066, '41.39', '91244.00', '2290.60', '2025-03-06 08:48:55.600000'),
(5067, '41.39', '91244.00', '2290.60', '2025-03-06 08:49:24.834000'),
(5068, '41.39', '91244.00', '2290.60', '2025-03-06 08:49:54.835000'),
(5069, '41.39', '91244.00', '2290.60', '2025-03-06 08:50:24.834000'),
(5070, '41.39', '91244.00', '2290.60', '2025-03-06 08:50:54.834000'),
(5071, '41.39', '91244.00', '2290.60', '2025-03-06 08:51:24.835000'),
(5072, '41.39', '91244.00', '2290.60', '2025-03-06 08:51:54.836000'),
(5073, '41.39', '91244.00', '2290.60', '2025-03-06 08:52:24.837000'),
(5074, '41.39', '91244.00', '2290.60', '2025-03-06 08:52:54.837000'),
(5075, '41.39', '91244.00', '2290.60', '2025-03-06 08:53:24.838000'),
(5076, '41.39', '91239.00', '2292.24', '2025-03-06 08:53:43.022000'),
(5077, '41.39', '91239.00', '2292.24', '2025-03-06 08:54:12.220000'),
(5078, '41.39', '91239.00', '2292.24', '2025-03-06 08:54:42.222000'),
(5079, '41.39', '91239.00', '2292.24', '2025-03-06 08:55:12.223000'),
(5080, '41.39', '91239.00', '2292.24', '2025-03-06 08:55:42.224000'),
(5081, '41.39', '91306.00', '2294.34', '2025-03-06 08:56:04.910000'),
(5082, '41.39', '91306.00', '2294.34', '2025-03-06 08:56:33.400000'),
(5083, '41.39', '91306.00', '2294.34', '2025-03-06 08:57:03.400000'),
(5084, '41.39', '91306.00', '2294.34', '2025-03-06 08:57:33.401000'),
(5085, '41.39', '91306.00', '2294.34', '2025-03-06 08:58:03.401000'),
(5086, '41.39', '91306.00', '2294.34', '2025-03-06 08:58:33.401000'),
(5087, '41.39', '91306.00', '2294.34', '2025-03-06 08:59:03.402000'),
(5088, '41.39', '91306.00', '2294.34', '2025-03-06 08:59:33.402000'),
(5089, '41.39', '91306.00', '2294.34', '2025-03-06 09:00:03.403000'),
(5090, '41.39', '91306.00', '2294.34', '2025-03-06 09:00:33.403000'),
(5091, '41.39', '91306.00', '2294.34', '2025-03-06 09:01:03.403000'),
(5092, '41.39', '91239.00', '2295.63', '2025-03-06 09:01:33.645000'),
(5093, '41.39', '91239.00', '2295.63', '2025-03-06 09:02:03.405000'),
(5094, '41.39', '91239.00', '2295.63', '2025-03-06 09:02:33.406000'),
(5095, '41.39', '91239.00', '2295.63', '2025-03-06 09:03:03.405000'),
(5096, '41.39', '91239.00', '2295.63', '2025-03-06 09:03:33.406000'),
(5097, '41.39', '91239.00', '2295.63', '2025-03-06 09:04:03.407000'),
(5098, '41.39', '91239.00', '2295.63', '2025-03-06 09:04:33.408000'),
(5099, '41.39', '91239.00', '2295.63', '2025-03-06 09:05:03.409000'),
(5100, '41.39', '91239.00', '2295.63', '2025-03-06 09:05:33.410000'),
(5101, '41.39', '91239.00', '2295.63', '2025-03-06 09:06:03.411000'),
(5102, '41.39', '91239.00', '2295.63', '2025-03-06 09:06:33.412000'),
(5103, '41.39', '91071.00', '2290.00', '2025-03-06 09:07:03.633000'),
(5104, '41.39', '91071.00', '2290.00', '2025-03-06 09:07:33.414000'),
(5105, '41.39', '91071.00', '2290.00', '2025-03-06 09:08:03.414000'),
(5106, '41.39', '91071.00', '2290.00', '2025-03-06 09:08:33.415000'),
(5107, '41.39', '91071.00', '2290.00', '2025-03-06 09:09:03.416000'),
(5108, '41.39', '91071.00', '2290.00', '2025-03-06 09:09:33.417000'),
(5109, '41.39', '91071.00', '2290.00', '2025-03-06 09:10:03.418000'),
(5110, '41.39', '91071.00', '2290.00', '2025-03-06 09:10:33.423000'),
(5111, '41.39', '91071.00', '2290.00', '2025-03-06 09:11:03.424000'),
(5112, '41.39', '91071.00', '2290.00', '2025-03-06 09:11:33.425000'),
(5113, '41.39', '91071.00', '2290.00', '2025-03-06 09:12:03.424000'),
(5114, '41.39', '90784.00', '2282.95', '2025-03-06 09:12:33.629000'),
(5115, '41.39', '90784.00', '2282.95', '2025-03-06 09:13:03.426000'),
(5116, '41.39', '90784.00', '2282.95', '2025-03-06 09:13:33.427000'),
(5117, '41.39', '90895.00', '2286.10', '2025-03-06 09:13:54.151000'),
(5118, '41.39', '90895.00', '2286.10', '2025-03-06 09:14:23.282000'),
(5119, '41.39', '90895.00', '2286.10', '2025-03-06 09:14:53.282000'),
(5120, '41.39', '90895.00', '2286.10', '2025-03-06 09:15:23.281000'),
(5121, '41.39', '90895.00', '2286.10', '2025-03-06 09:15:53.282000'),
(5122, '41.39', '90895.00', '2286.10', '2025-03-06 09:16:23.281000'),
(5123, '41.39', '90895.00', '2286.10', '2025-03-06 09:16:53.282000'),
(5124, '41.39', '90895.00', '2286.10', '2025-03-06 09:17:23.282000'),
(5125, '41.39', '90895.00', '2286.10', '2025-03-06 09:17:53.282000'),
(5126, '41.39', '90895.00', '2286.10', '2025-03-06 09:18:23.283000'),
(5127, '41.39', '90895.00', '2286.10', '2025-03-06 09:18:53.282000'),
(5128, '41.39', '90932.00', '2287.68', '2025-03-06 09:19:23.514000'),
(5129, '41.39', '90932.00', '2287.68', '2025-03-06 09:19:53.284000'),
(5130, '41.39', '90932.00', '2287.68', '2025-03-06 09:20:23.285000'),
(5131, '41.39', '90932.00', '2287.68', '2025-03-06 09:20:53.290000'),
(5132, '41.39', '90932.00', '2287.68', '2025-03-06 09:21:23.291000'),
(5133, '41.39', '90932.00', '2287.68', '2025-03-06 09:21:53.292000'),
(5134, '41.39', '90932.00', '2287.68', '2025-03-06 09:22:23.293000'),
(5135, '41.39', '90932.00', '2287.68', '2025-03-06 09:22:53.294000'),
(5136, '41.39', '90932.00', '2287.68', '2025-03-06 09:23:23.295000'),
(5137, '41.39', '90932.00', '2287.68', '2025-03-06 09:23:53.296000'),
(5138, '41.39', '90932.00', '2287.68', '2025-03-06 09:24:23.297000'),
(5139, '41.39', '90970.00', '2288.84', '2025-03-06 09:24:53.500000'),
(5140, '41.39', '90970.00', '2288.84', '2025-03-06 09:25:23.298000'),
(5141, '41.39', '90970.00', '2288.84', '2025-03-06 09:25:53.299000'),
(5142, '41.39', '90970.00', '2288.84', '2025-03-06 09:26:23.300000'),
(5143, '41.39', '90970.00', '2288.84', '2025-03-06 09:26:53.301000'),
(5144, '41.39', '90970.00', '2288.84', '2025-03-06 09:27:23.305000'),
(5145, '41.39', '90970.00', '2288.84', '2025-03-06 09:27:53.306000'),
(5146, '41.39', '90970.00', '2288.84', '2025-03-06 09:28:23.305000'),
(5147, '41.39', '90970.00', '2288.84', '2025-03-06 09:28:53.311000'),
(5148, '41.39', '90970.00', '2288.84', '2025-03-06 09:29:23.311000'),
(5149, '41.39', '90970.00', '2288.84', '2025-03-06 09:29:53.312000'),
(5150, '41.39', '90673.00', '2281.97', '2025-03-06 09:30:23.515000'),
(5151, '41.39', '90673.00', '2281.97', '2025-03-06 09:30:53.311000'),
(5152, '41.39', '90673.00', '2281.97', '2025-03-06 09:31:23.312000'),
(5153, '41.39', '90673.00', '2281.97', '2025-03-06 09:31:53.312000'),
(5154, '41.39', '90673.00', '2281.97', '2025-03-06 09:32:23.312000'),
(5155, '41.39', '90673.00', '2281.97', '2025-03-06 09:32:53.313000'),
(5156, '41.39', '90673.00', '2281.97', '2025-03-06 09:33:23.314000'),
(5157, '41.39', '90673.00', '2281.97', '2025-03-06 09:33:53.315000'),
(5158, '41.39', '90673.00', '2281.97', '2025-03-06 09:34:23.316000'),
(5159, '41.39', '90673.00', '2281.97', '2025-03-06 09:34:53.318000'),
(5160, '41.39', '90673.00', '2281.97', '2025-03-06 09:35:23.318000'),
(5161, '41.39', '90789.00', '2284.31', '2025-03-06 09:35:53.534000'),
(5162, '41.39', '90789.00', '2284.31', '2025-03-06 09:36:23.320000'),
(5163, '41.39', '90789.00', '2284.31', '2025-03-06 09:36:53.321000'),
(5164, '41.39', '90789.00', '2284.31', '2025-03-06 09:37:23.322000'),
(5165, '41.39', '90789.00', '2284.31', '2025-03-06 09:37:53.323000'),
(5166, '41.39', '90789.00', '2284.31', '2025-03-06 09:38:23.324000'),
(5167, '41.39', '90789.00', '2284.31', '2025-03-06 09:38:53.324000'),
(5168, '41.39', '90789.00', '2284.31', '2025-03-06 09:39:23.325000'),
(5169, '41.39', '90789.00', '2284.31', '2025-03-06 09:39:53.326000'),
(5170, '41.39', '90789.00', '2284.31', '2025-03-06 09:40:23.329000'),
(5171, '41.39', '90789.00', '2284.31', '2025-03-06 09:40:53.329000'),
(5172, '41.39', '90716.00', '2282.97', '2025-03-06 09:41:23.521000'),
(5173, '41.39', '90716.00', '2282.97', '2025-03-06 09:41:53.329000'),
(5174, '41.39', '90716.00', '2282.97', '2025-03-06 09:42:23.330000'),
(5175, '41.39', '90716.00', '2282.97', '2025-03-06 09:42:53.330000'),
(5176, '41.39', '90716.00', '2282.97', '2025-03-06 09:43:23.331000'),
(5177, '41.39', '90716.00', '2282.97', '2025-03-06 09:43:53.330000'),
(5178, '41.39', '90716.00', '2282.97', '2025-03-06 09:44:23.330000'),
(5179, '41.39', '90716.00', '2282.97', '2025-03-06 09:44:53.331000'),
(5180, '41.39', '90716.00', '2282.97', '2025-03-06 09:45:23.330000'),
(5181, '41.39', '90716.00', '2282.97', '2025-03-06 09:45:53.330000'),
(5182, '41.39', '90716.00', '2282.97', '2025-03-06 09:46:23.331000'),
(5183, '41.39', '90900.00', '2288.61', '2025-03-06 09:46:53.530000'),
(5184, '41.39', '90900.00', '2288.61', '2025-03-06 09:47:23.333000'),
(5185, '41.39', '90900.00', '2288.61', '2025-03-06 09:47:53.334000'),
(5186, '41.39', '90900.00', '2288.61', '2025-03-06 09:48:23.336000'),
(5187, '41.39', '90900.00', '2288.61', '2025-03-06 09:48:53.336000'),
(5188, '41.39', '90900.00', '2288.61', '2025-03-06 09:49:23.337000'),
(5189, '41.39', '90900.00', '2288.61', '2025-03-06 09:49:53.338000'),
(5190, '41.39', '90900.00', '2288.61', '2025-03-06 09:50:23.339000'),
(5191, '41.39', '90900.00', '2288.61', '2025-03-06 09:50:53.340000'),
(5192, '41.39', '90900.00', '2288.61', '2025-03-06 09:51:23.341000'),
(5193, '41.39', '90900.00', '2288.61', '2025-03-06 09:51:53.342000'),
(5194, '41.39', '90788.00', '2284.65', '2025-03-06 09:52:23.579000'),
(5195, '41.39', '90788.00', '2284.65', '2025-03-06 09:52:53.343000'),
(5196, '41.39', '90788.00', '2284.65', '2025-03-06 09:53:23.343000'),
(5197, '41.39', '90788.00', '2284.65', '2025-03-06 09:53:53.347000'),
(5198, '41.39', '90788.00', '2284.65', '2025-03-06 09:54:23.347000'),
(5199, '41.39', '90788.00', '2284.65', '2025-03-06 09:54:53.347000'),
(5200, '41.39', '90788.00', '2284.65', '2025-03-06 09:55:23.348000'),
(5201, '41.39', '90788.00', '2284.65', '2025-03-06 09:55:53.349000'),
(5202, '41.39', '90788.00', '2284.65', '2025-03-06 09:56:23.350000'),
(5203, '41.39', '90788.00', '2284.65', '2025-03-06 09:56:53.350000'),
(5204, '41.39', '90788.00', '2284.65', '2025-03-06 09:57:23.350000'),
(5205, '41.39', '90702.00', '2282.29', '2025-03-06 09:57:53.626000'),
(5206, '41.39', '90702.00', '2282.29', '2025-03-06 09:58:23.351000'),
(5207, '41.39', '90702.00', '2282.29', '2025-03-06 09:58:53.350000'),
(5208, '41.39', '90702.00', '2282.29', '2025-03-06 09:59:23.351000'),
(5209, '41.39', '90702.00', '2282.29', '2025-03-06 09:59:53.350000'),
(5210, '41.39', '90702.00', '2282.29', '2025-03-06 10:00:23.350000'),
(5211, '41.39', '90702.00', '2282.29', '2025-03-06 10:00:53.351000'),
(5212, '41.39', '90733.00', '2283.66', '2025-03-06 10:01:30.974000'),
(5213, '41.39', '90733.00', '2283.66', '2025-03-06 10:01:59.312000'),
(5214, '41.39', '90733.00', '2283.66', '2025-03-06 10:02:29.312000'),
(5215, '41.39', '90733.00', '2283.66', '2025-03-06 10:02:59.313000'),
(5216, '41.39', '90733.00', '2283.66', '2025-03-06 10:03:29.314000'),
(5217, '41.39', '90733.00', '2283.66', '2025-03-06 10:03:59.315000'),
(5218, '41.39', '90733.00', '2283.66', '2025-03-06 10:04:29.315000'),
(5219, '41.39', '90733.00', '2283.66', '2025-03-06 10:04:59.316000'),
(5220, '41.39', '90764.00', '2285.11', '2025-03-06 10:05:32.579000'),
(5221, '41.39', '90764.00', '2285.11', '2025-03-06 10:06:01.301000'),
(5222, '41.39', '90764.00', '2285.11', '2025-03-06 10:06:31.302000'),
(5223, '41.39', '90764.00', '2285.11', '2025-03-06 10:07:01.303000'),
(5224, '41.39', '90764.00', '2285.11', '2025-03-06 10:07:31.303000'),
(5225, '41.39', '90764.00', '2285.11', '2025-03-06 10:08:01.303000'),
(5226, '41.39', '90764.00', '2285.11', '2025-03-06 10:08:31.304000'),
(5227, '41.39', '90764.00', '2285.11', '2025-03-06 10:09:01.305000'),
(5228, '41.39', '90764.00', '2285.11', '2025-03-06 10:09:31.307000'),
(5229, '41.39', '90764.00', '2285.11', '2025-03-06 10:10:01.308000'),
(5230, '41.39', '90764.00', '2285.11', '2025-03-06 10:10:31.309000'),
(5231, '41.39', '90876.00', '2288.66', '2025-03-06 10:11:01.532000');
