INSERT INTO users (id, username, password, is_regulator, regulator_balance, last_nft_generation, nft_generation_count) VALUES
(141, 'admin', '73992c62ca47be0e8d949ad8df64324bae8f542007c0f2ef886f1b39418963c8b4ccc9c63939340a0a0f9c96d170dd0705075c728a35c76e3c340650970417cc.32567ef87fc584ec22cea70d4dbd6f46', true, 4389.12345678, NULL, 0),
(142, 'Kich32', '73992c62ca47be0e8d949ad8df64324bae8f542007c0f2ef886f1b39418963c8b4ccc9c63939340a0a0f9c96d170dd0705075c728a35c76e3c340650970417cc.32567ef87fc584ec22cea70d4dbd6f46', false, 0.00000000, NULL, 0),
(143, 'Tod Kolinsk', '73992c62ca47be0e8d949ad8df64324bae8f542007c0f2ef886f1b39418963c8b4ccc9c63939340a0a0f9c96d170dd0705075c728a35c76e3c340650970417cc.32567ef87fc584ec22cea70d4dbd6f46', false, 0.00000000, NULL, 0),
(144, 'olektreyd@gmail.com', '73992c62ca47be0e8d949ad8df64324bae8f542007c0f2ef886f1b39418963c8b4ccc9c63939340a0a0f9c96d170dd0705075c728a35c76e3c340650970417cc.32567ef87fc584ec22cea70d4dbd6f46', false, 0.00000000, NULL, 0),
(145, 'Nikita', '73992c62ca47be0e8d949ad8df64324bae8f542007c0f2ef886f1b39418963c8b4ccc9c63939340a0a0f9c96d170dd0705075c728a35c76e3c340650970417cc.32567ef87fc584ec22cea70d4dbd6f46', false, 0.00000000, NULL, 0),
(146, 'Maksim4440432', '73992c62ca47be0e8d949ad8df64324bae8f542007c0f2ef886f1b39418963c8b4ccc9c63939340a0a0f9c96d170dd0705075c728a35c76e3c340650970417cc.32567ef87fc584ec22cea70d4dbd6f46', false, 0.00000000, NULL, 0),
(147, 'user7', '73992c62ca47be0e8d949ad8df64324bae8f542007c0f2ef886f1b39418963c8b4ccc9c63939340a0a0f9c96d170dd0705075c728a35c76e3c340650970417cc.32567ef87fc584ec22cea70d4dbd6f46', false, 0.00000000, NULL, 0),
(148, 'user8', '73992c62ca47be0e8d949ad8df64324bae8f542007c0f2ef886f1b39418963c8b4ccc9c63939340a0a0f9c96d170dd0705075c728a35c76e3c340650970417cc.32567ef87fc584ec22cea70d4dbd6f46', false, 0.00000000, NULL, 0),
(149, 'user9', '73992c62ca47be0e8d949ad8df64324bae8f542007c0f2ef886f1b39418963c8b4ccc9c63939340a0a0f9c96d170dd0705075c728a35c76e3c340650970417cc.32567ef87fc584ec22cea70d4dbd6f46', false, 0.00000000, NULL, 0),
(150, 'user10', '73992c62ca47be0e8d949ad8df64324bae8f542007c0f2ef886f1b39418963c8b4ccc9c63939340a0a0f9c96d170dd0705075c728a35c76e3c340650970417cc.32567ef87fc584ec22cea70d4dbd6f46', false, 0.00000000, NULL, 0),
(151, 'user11', '73992c62ca47be0e8d949ad8df64324bae8f542007c0f2ef886f1b39418963c8b4ccc9c63939340a0a0f9c96d170dd0705075c728a35c76e3c340650970417cc.32567ef87fc584ec22cea70d4dbd6f46', false, 0.00000000, NULL, 0),
(152, 'user12', '73992c62ca47be0e8d949ad8df64324bae8f542007c0f2ef886f1b39418963c8b4ccc9c63939340a0a0f9c96d170dd0705075c728a35c76e3c340650970417cc.32567ef87fc584ec22cea70d4dbd6f46', false, 0.00000000, NULL, 0),
(153, 'user13', '73992c62ca47be0e8d949ad8df64324bae8f542007c0f2ef886f1b39418963c8b4ccc9c63939340a0a0f9c96d170dd0705075c728a35c76e3c340650970417cc.32567ef87fc584ec22cea70d4dbd6f46', false, 0.00000000, NULL, 0),
(154, 'user14', '73992c62ca47be0e8d949ad8df64324bae8f542007c0f2ef886f1b39418963c8b4ccc9c63939340a0a0f9c96d170dd0705075c728a35c76e3c340650970417cc.32567ef87fc584ec22cea70d4dbd6f46', false, 0.00000000, NULL, 0),
(155, 'user15', '73992c62ca47be0e8d949ad8df64324bae8f542007c0f2ef886f1b39418963c8b4ccc9c63939340a0a0f9c96d170dd0705075c728a35c76e3c340650970417cc.32567ef87fc584ec22cea70d4dbd6f46', false, 0.00000000, NULL, 0),
(156, 'user16', '73992c62ca47be0e8d949ad8df64324bae8f542007c0f2ef886f1b39418963c8b4ccc9c63939340a0a0f9c96d170dd0705075c728a35c76e3c340650970417cc.32567ef87fc584ec22cea70d4dbd6f46', false, 0.00000000, NULL, 0),
(157, 'user17', '73992c62ca47be0e8d949ad8df64324bae8f542007c0f2ef886f1b39418963c8b4ccc9c63939340a0a0f9c96d170dd0705075c728a35c76e3c340650970417cc.32567ef87fc584ec22cea70d4dbd6f46', false, 0.00000000, NULL, 0),
(158, 'user18', '73992c62ca47be0e8d949ad8df64324bae8f542007c0f2ef886f1b39418963c8b4ccc9c63939340a0a0f9c96d170dd0705075c728a35c76e3c340650970417cc.32567ef87fc584ec22cea70d4dbd6f46', false, 0.00000000, NULL, 0),
(159, 'user19', '73992c62ca47be0e8d949ad8df64324bae8f542007c0f2ef886f1b39418963c8b4ccc9c63939340a0a0f9c96d170dd0705075c728a35c76e3c340650970417cc.32567ef87fc584ec22cea70d4dbd6f46', false, 0.00000000, NULL, 0),
(160, 'user20', '73992c62ca47be0e8d949ad8df64324bae8f542007c0f2ef886f1b39418963c8b4ccc9c63939340a0a0f9c96d170dd0705075c728a35c76e3c340650970417cc.32567ef87fc584ec22cea70d4dbd6f46', false, 0.00000000, NULL, 0),
(161, '1234', 'f38bd6ba7542e1e757acabac6b1c2b5e93d5bf6b80dac135dcd823c9efc03ae8f45888f033f884da8888559878cb6b78d127a0b23ab6652ce116d237348e3a81.61549ba4b53b3ed0e56469d4e674ed15', false, 0.00000000, NULL, 0);

INSERT INTO cards (id, user_id, type, number, expiry, cvv, balance, btc_balance, eth_balance, btc_address, eth_address) VALUES
(362, 142, 'crypto', '4532015112830001', '03/28', '930', 0.00000000, 45.43579632, 133.76676173, 'bc117949e69fe598e96939ca6cd59b0d0346803d1790cec5f774c0e19475d20bcf7', '0x41267b16753eef14230e05fa03621d2104edb3003c02159b3ad8b18c7ef4534b'),
(363, 146, 'crypto', '4532015112830002', '03/28', '951', 0.00000000, 32.62736002, 327.32164708, 'bc170aeaf9f0583da564268f81be025ce876574220529fb7e84f99b11d55bf44a4c', '0x8bcd6e3a4315f39d5e267fd43fc5bcd2c5d35ab851467ed074c2d878b84cc2a1'),
(364, 145, 'crypto', '4532015112830003', '03/28', '923', 0.00000000, 43.67868899, 364.01348143, 'bc1972fea1da8feab69f6affbc6f39ace2cb434e48dfebb63357b4bdff7185ad194', '0x6385436919bffebc04e9fffdb50ee57614a674a9e093cf1af2264079c4298b4c'),
(365, 143, 'crypto', '4532015112830004', '03/28', '123', 0.00000000, 22.58339722, 318.16790383, 'bc1002a85d559f6ad5e9a011663c30a64e48d44fb42c5f6a1abad653eeffd5e859d', '0x6026b261c16341f8864a5b92831e1ad410a68ab1783bfab5df7542fcf841ed8c'),
(366, 141, 'crypto', '4532015112830005', '03/28', '726', 0.00000000, 21.05421218, 194.27446904, 'bc1540516405f95eaa0f48ef31ac0fe5b5b5532be8c2806c63a8ce2ea89974a8a47', '0x9a01ff4dd71872a9fdbdb550f58411efd0342dde9152180a031ff23e5f851df4'),
(367, 144, 'crypto', '4532015112830006', '03/28', '217', 0.00000000, 14.35662968, 441.20007698, 'bc1280c3ff26f6f61bd83d652c6922dd8221016bfa10b7cdad6142ea35858591dbb', '0x72eb69dbc165dfaca93ae9ccf8df5df400f23bf7aa6529ca2f42307e0f719468'),
(368, 150, 'crypto', '4532015112830007', '03/28', '319', 0.00000000, 18.69362515, 337.67348579, 'bc10d17b293c6c442c3356c0f5eba1740472a076526901ee0ae891041d9f4bfa9cd', '0xff7f591eff622e1d6e5bb0d72f51398106f8bc401abda7109b4d8471f70fe4e9'),
(369, 151, 'crypto', '4532015112830008', '03/28', '589', 0.00000000, 39.07166031, 471.67647453, 'bc1c080b6aa5a0d9a520892fca4c8068c8c8e9c9e3be160fc88f7cc5ed6018a152d', '0x860fa174eb5c86e00d605391b599eb934c338d886a215038955d9968031c6bfb'),
(370, 152, 'crypto', '4532015112830009', '03/28', '722', 0.00000000, 18.25905442, 294.38257219, 'bc1bbf9d63cb105f1cd213ed3404e702d0473d5c19cc3deff59875af7a709037a60', '0x2d7c897453cfaba0d5040cc007632fd6d640f7ea4274b059940d7a1b07a6f0d4'),
(371, 153, 'crypto', '4532015112830010', '03/28', '452', 0.00000000, 32.67041977, 184.42012198, 'bc145c2e22acab01aa141c027025645d54c10abfe3dae82bd980a751d23af2d18f1', '0x31d8d1c35be6008e7e00778f7a049f2e0666cd0e66b0617c638bf6fc95cfa255'),
(372, 154, 'crypto', '4532015112830011', '03/28', '470', 0.00000000, 37.39441602, 268.15780697, 'bc1bd44dfd122374301e998cdb2dd3c089829e18ff4759174c3f20b8b9de8100196', '0x0aa4a5a47bffe0a77777aaf85ac105377f51260e84e998fcd59bd6717c38da8d'),
(373, 155, 'crypto', '4532015112830012', '03/28', '385', 0.00000000, 29.67961300, 359.74882066, 'bc16aaf2fcd6dcd804f105655126d280ceff43743c2ea10b0e5e7eb3d34b737f45e', '0xbf0df26ffc7abef5ad1b1225fb20f7da09fd4a1e32e08cc120ca6333290da316'),
(374, 156, 'crypto', '4532015112830013', '03/28', '489', 0.00000000, 13.53072912, 336.21483217, 'bc17d3ac6a6f6db3293df3d3a32ee12580496429d6438d774f8051dd77c75b39f21', '0xcb6e422e08efc8d3e05feacaba9c93aa446f83976e2f92c34d1c783a05730819'),
(375, 157, 'crypto', '4532015112830014', '03/28', '376', 0.00000000, 46.41309524, 450.87164412, 'bc1b538070fa273f977cd72815dd1c11eb3e6d5baa3fbf0e171fcbf79b148577748', '0x0c4fb5a6a9c5079065ec78252e9599a9e61cba73986601ce1c24249e7af71a6a'),
(376, 158, 'crypto', '4532015112830015', '03/28', '376', 0.00000000, 12.96130683, 329.13438675, 'bc11d74524597c78a49056c56c2049b44cfffe9326dd4803732fc4e21c35fbd17f3', '0xb3e9e376ae72c821299050c2e67f6f9b3ebe117237060f07fd340ce0f2fa0876'),
(377, 159, 'crypto', '4532015112830016', '03/28', '137', 0.00000000, 14.86529043, 103.46385553, 'bc1785eb5fb0df4f430a66c608c505e3e7d448be3a76d38d8067a13d52552f3770d', '0xbd754e6018ab1f098a62392d44f29d9d4a351a1315dd663c2811f1c9f4128a7b'),
(378, 160, 'crypto', '4532015112830017', '03/28', '914', 0.00000000, 18.73880898, 357.62044771, 'bc15b1577837edf150577ab0c778113d50f488dcb5266bd9f636b4e5d44410a150c', '0x6df8cb6e4976f6af8a4789e5335dac117305a0bad097b4b26a7a79b42e3d627f'),
(379, 147, 'crypto', '4532015112830018', '03/28', '519', 0.00000000, 32.52944691, 327.94834837, 'bc1554c543f0818615bf7cc9142eb4b2495bfa8242482e07ca63c11cb6759514a10', '0x93d438bc60dc1f437b3c4e24ad0f9c6e672d8a9d86842b4d975c11c70ee8e62e'),
(380, 148, 'crypto', '4532015112830019', '03/28', '139', 0.00000000, 25.68415160, 112.26071248, 'bc170eaf55dd9fae8582b0f65a601b4199eac79fef95c487bb7c2e3d1e3ab3b5a25', '0x9dd3f7284509b8e09b634db06814895975fabac6514cd9db49052edc4616358c'),
(381, 149, 'crypto', '4532015112830020', '03/28', '529', 0.00000000, 32.14119490, 173.94484720, 'bc127abd527abfe57e7a747c412ca6e9d1ae43e88fc5ab9ba9337dd91f6a61139b9', '0x2d1372f443c36361cbfb0945def63ac308e7f84638e63c022c1b8fedd57de456'),
(382, 142, 'uah', '4532015112836001', '03/28', '928', 6913841.67021890, 0.00000000, 0.00000000, NULL, NULL),
(383, 146, 'uah', '4532015112836002', '03/28', '658', 7083337.09567490, 0.00000000, 0.00000000, NULL, NULL),
(384, 145, 'uah', '4532015112836003', '03/28', '242', 9851009.93905452, 0.00000000, 0.00000000, NULL, NULL),
(385, 143, 'uah', '4532015112836004', '03/28', '423', 7923283.18190621, 0.00000000, 0.00000000, NULL, NULL),
(386, 141, 'uah', '4532015112836005', '03/28', '371', 6572497.12557067, 0.00000000, 0.00000000, NULL, NULL),
(387, 144, 'uah', '4532015112836006', '03/28', '280', 6223613.58970849, 0.00000000, 0.00000000, NULL, NULL),
(388, 150, 'uah', '4532015112836007', '03/28', '558', 8402598.13537262, 0.00000000, 0.00000000, NULL, NULL),
(389, 151, 'uah', '4532015112836008', '03/28', '963', 8756060.86431791, 0.00000000, 0.00000000, NULL, NULL),
(390, 152, 'uah', '4532015112836009', '03/28', '160', 4672327.81352261, 0.00000000, 0.00000000, NULL, NULL),
(391, 153, 'uah', '4532015112836010', '03/28', '577', 7754618.11977221, 0.00000000, 0.00000000, NULL, NULL),
(392, 154, 'uah', '4532015112836011', '03/28', '623', 8877980.65607299, 0.00000000, 0.00000000, NULL, NULL),
(393, 155, 'uah', '4532015112836012', '03/28', '595', 8885007.24071567, 0.00000000, 0.00000000, NULL, NULL),
(394, 156, 'uah', '4532015112836013', '03/28', '635', 6499774.28006412, 0.00000000, 0.00000000, NULL, NULL),
(395, 157, 'uah', '4532015112836014', '03/28', '601', 5928751.18486768, 0.00000000, 0.00000000, NULL, NULL),
(396, 158, 'uah', '4532015112836015', '03/28', '374', 9888131.74358753, 0.00000000, 0.00000000, NULL, NULL),
(397, 159, 'uah', '4532015112836016', '03/28', '937', 9789504.11042261, 0.00000000, 0.00000000, NULL, NULL),
(398, 160, 'uah', '4532015112836017', '03/28', '839', 6931728.71113330, 0.00000000, 0.00000000, NULL, NULL),
(399, 147, 'uah', '4532015112836018', '03/28', '211', 4132279.78928027, 0.00000000, 0.00000000, NULL, NULL),
(400, 148, 'uah', '4532015112836019', '03/28', '373', 5937401.90224242, 0.00000000, 0.00000000, NULL, NULL),
(401, 149, 'uah', '4532015112836020', '03/28', '573', 9731419.65950937, 0.00000000, 0.00000000, NULL, NULL),
(402, 142, 'usd', '5375414128030001', '03/28', '841', 731587.43541099, 0.00000000, 0.00000000, NULL, NULL),
(403, 146, 'usd', '5375414128030002', '03/28', '519', 701499.64664055, 0.00000000, 0.00000000, NULL, NULL),
(404, 145, 'usd', '5375414128030003', '03/28', '699', 600110.24599507, 0.00000000, 0.00000000, NULL, NULL),
(405, 143, 'usd', '5375414128030004', '03/28', '540', 847658.00836424, 0.00000000, 0.00000000, NULL, NULL),
(406, 141, 'usd', '5375414128030005', '03/28', '562', 768699.22298561, 0.00000000, 0.00000000, NULL, NULL),
(407, 144, 'usd', '5375414128030006', '03/28', '256', 427212.97356776, 0.00000000, 0.00000000, NULL, NULL),
(408, 150, 'usd', '5375414128030007', '03/28', '891', 314854.05527885, 0.00000000, 0.00000000, NULL, NULL),
(409, 151, 'usd', '5375414128030008', '03/28', '335', 286942.91089693, 0.00000000, 0.00000000, NULL, NULL),
(410, 152, 'usd', '5375414128030009', '03/28', '657', 366802.62356877, 0.00000000, 0.00000000, NULL, NULL),
(411, 153, 'usd', '5375414128030010', '03/28', '681', 250936.56972435, 0.00000000, 0.00000000, NULL, NULL),
(412, 154, 'usd', '5375414128030011', '03/28', '855', 750531.41634288, 0.00000000, 0.00000000, NULL, NULL),
(413, 155, 'usd', '5375414128030012', '03/28', '504', 741385.66058828, 0.00000000, 0.00000000, NULL, NULL),
(414, 156, 'usd', '5375414128030013', '03/28', '717', 643638.65175083, 0.00000000, 0.00000000, NULL, NULL),
(415, 157, 'usd', '5375414128030014', '03/28', '812', 711212.90156501, 0.00000000, 0.00000000, NULL, NULL),
(416, 158, 'usd', '5375414128030015', '03/28', '656', 438798.86476268, 0.00000000, 0.00000000, NULL, NULL),
(417, 159, 'usd', '5375414128030016', '03/28', '774', 606987.08215269, 0.00000000, 0.00000000, NULL, NULL),
(418, 160, 'usd', '5375414128030017', '03/28', '705', 856151.16727850, 0.00000000, 0.00000000, NULL, NULL),
(419, 147, 'usd', '5375414128030018', '03/28', '765', 951842.06850621, 0.00000000, 0.00000000, NULL, NULL),
(420, 148, 'usd', '5375414128030019', '03/28', '100', 568678.55515246, 0.00000000, 0.00000000, NULL, NULL),
(421, 149, 'usd', '5375414128030020', '03/28', '727', 921422.83188852, 0.00000000, 0.00000000, NULL, NULL);

INSERT INTO transactions (id, from_card_id, to_card_id, amount, converted_amount, type, wallet, status, created_at, description, from_card_number, to_card_number) VALUES
(601, 373, 364, 1.00086007, 1.00086007, 'transfer', NULL, 'completed', '2025-03-05T18:19:24.330Z', 'Перевод user15 → Nikita 1.00086007 BTC', '4532015112830012', '4532015112830003'),
(602, 416, 405, 10097.95589112, 10097.95589112, 'transfer', NULL, 'completed', '2025-03-05T16:42:54.114Z', 'Перевод user18 → Tod Kolinsk 10097.95589112 USD', '5375414128030015', '5375414128030004'),
(603, 404, 421, 10133.43676037, 10133.43676037, 'transfer', NULL, 'completed', '2025-03-05T16:04:34.954Z', 'Перевод Nikita → user9 10133.43676037 USD', '5375414128030003', '5375414128030020'),
(604, 414, 404, 10146.91503661, 10146.91503661, 'transfer', NULL, 'completed', '2025-03-05T15:50:01.561Z', 'Перевод user16 → Nikita 10146.91503661 USD', '5375414128030013', '5375414128030003'),
(605, 408, 421, 10149.63155206, 10149.63155206, 'transfer', NULL, 'completed', '2025-03-05T15:47:05.531Z', 'Перевод user10 → user9 10149.63155206 USD', '5375414128030007', '5375414128030020'),
(606, 367, 379, 1.02437995, 1.02437995, 'transfer', NULL, 'completed', '2025-03-05T14:05:23.451Z', 'Перевод olektreyd@gmail.com → user7 1.02437995 BTC', '4532015112830006', '4532015112830018'),
(607, 392, 384, 102588.94178411, 102588.94178411, 'transfer', NULL, 'completed', '2025-03-05T13:49:05.313Z', 'Перевод user14 → Nikita 102588.94178411 UAH', '4532015112836011', '4532015112836003'),
(608, 401, 385, 103856.28790206, 103856.28790206, 'transfer', NULL, 'completed', '2025-03-05T11:32:12.910Z', 'Перевод user9 → Tod Kolinsk 103856.28790206 UAH', '4532015112836020', '4532015112836004'),
(609, 385, 384, 104245.28433197, 104245.28433197, 'transfer', NULL, 'completed', '2025-03-05T10:50:12.213Z', 'Перевод Tod Kolinsk → Nikita 104245.28433197 UAH', '4532015112836004', '4532015112836003'),
(610, 376, 378, 1.04285825, 1.04285825, 'transfer', NULL, 'completed', '2025-03-05T10:45:49.507Z', 'Перевод user18 → user20 1.04285825 BTC', '4532015112830015', '4532015112830017'),
(611, 385, 392, 104367.54055483, 104367.54055483, 'transfer', NULL, 'completed', '2025-03-05T10:36:59.993Z', 'Перевод Tod Kolinsk → user14 104367.54055483 UAH', '4532015112836004', '4532015112836011'),
(612, 381, 380, 1.04681329, 1.04681329, 'transfer', NULL, 'completed', '2025-03-05T10:03:06.645Z', 'Перевод user9 → user8 1.04681329 BTC', '4532015112830020', '4532015112830019'),
(613, 404, 412, 10505.54649150, 10505.54649150, 'transfer', NULL, 'completed', '2025-03-05T09:22:42.243Z', 'Перевод Nikita → user14 10505.54649150 USD', '5375414128030003', '5375414128030011'),
(614, 365, 374, 1.05574681, 1.05574681, 'transfer', NULL, 'completed', '2025-03-05T08:26:37.722Z', 'Перевод Tod Kolinsk → user16 1.05574681 BTC', '4532015112830004', '4532015112830013'),
(615, 400, 388, 105787.84497013, 105787.84497013, 'transfer', NULL, 'completed', '2025-03-05T08:03:36.420Z', 'Перевод user8 → user10 105787.84497013 UAH', '4532015112836019', '4532015112836007'),
(616, 397, 395, 105915.88436647, 105915.88436647, 'transfer', NULL, 'completed', '2025-03-05T07:49:46.725Z', 'Перевод user19 → user17 105915.88436647 UAH', '4532015112836016', '4532015112836014'),
(617, 408, 413, 10593.14797692, 10593.14797692, 'transfer', NULL, 'completed', '2025-03-05T07:48:05.667Z', 'Перевод user10 → user15 10593.14797692 USD', '5375414128030007', '5375414128030012'),
(618, 420, 416, 10634.22405240, 10634.22405240, 'transfer', NULL, 'completed', '2025-03-05T07:03:43.937Z', 'Перевод user8 → user18 10634.22405240 USD', '5375414128030019', '5375414128030015'),
(619, 416, 413, 10637.59452692, 10637.59452692, 'transfer', NULL, 'completed', '2025-03-05T07:00:05.530Z', 'Перевод user18 → user15 10637.59452692 USD', '5375414128030015', '5375414128030012'),
(620, 410, 405, 10642.18057306, 10642.18057306, 'transfer', NULL, 'completed', '2025-03-05T06:55:08.354Z', 'Перевод user12 → Tod Kolinsk 10642.18057306 USD', '5375414128030009', '5375414128030004'),
(621, 394, 388, 106560.57548775, 106560.57548775, 'transfer', NULL, 'completed', '2025-03-05T06:40:09.126Z', 'Перевод user16 → user10 106560.57548775 UAH', '4532015112836013', '4532015112836007'),
(622, 398, 399, 106563.63527503, 106563.63527503, 'transfer', NULL, 'completed', '2025-03-05T06:39:49.299Z', 'Перевод user20 → user7 106563.63527503 UAH', '4532015112836017', '4532015112836018'),
(623, 387, 395, 106639.09484975, 106639.09484975, 'transfer', NULL, 'completed', '2025-03-05T06:31:40.321Z', 'Перевод olektreyd@gmail.com → user17 106639.09484975 UAH', '4532015112836006', '4532015112836014'),
(624, 395, 385, 107435.88036350, 107435.88036350, 'transfer', NULL, 'completed', '2025-03-05T05:05:37.151Z', 'Перевод user17 → Tod Kolinsk 107435.88036350 UAH', '4532015112836014', '4532015112836004'),
(625, 382, 392, 107896.36543866, 107896.36543866, 'transfer', NULL, 'completed', '2025-03-05T04:15:53.208Z', 'Перевод Kich32 → user14 107896.36543866 UAH', '4532015112836001', '4532015112836011'),
(626, 376, 367, 1.08002797, 1.08002797, 'transfer', NULL, 'completed', '2025-03-05T04:04:23.532Z', 'Перевод user18 → olektreyd@gmail.com 1.08002797 BTC', '4532015112830015', '4532015112830006'),
(627, 364, 380, 1.08468906, 1.08468906, 'transfer', NULL, 'completed', '2025-03-05T03:14:03.147Z', 'Перевод Nikita → user8 1.08468906 BTC', '4532015112830003', '4532015112830019'),
(628, 413, 419, 10887.02029288, 10887.02029288, 'transfer', NULL, 'completed', '2025-03-05T02:30:42.741Z', 'Перевод user15 → user7 10887.02029288 USD', '5375414128030012', '5375414128030018'),
(629, 363, 373, 1.09988989, 1.09988989, 'transfer', NULL, 'completed', '2025-03-05T00:29:53.005Z', 'Перевод Maksim4440432 → user15 1.09988989 BTC', '4532015112830002', '4532015112830012'),
(630, 417, 412, 11185.69081870, 11185.69081870, 'transfer', NULL, 'completed', '2025-03-04T21:08:08.891Z', 'Перевод user19 → user14 11185.69081870 USD', '5375414128030016', '5375414128030011'),
(631, 367, 377, 1.12536933, 1.12536933, 'transfer', NULL, 'completed', '2025-03-04T19:54:42.327Z', 'Перевод olektreyd@gmail.com → user19 1.12536933 BTC', '4532015112830006', '4532015112830016'),
(632, 414, 418, 11299.08851354, 11299.08851354, 'transfer', NULL, 'completed', '2025-03-04T19:05:40.720Z', 'Перевод user16 → user20 11299.08851354 USD', '5375414128030013', '5375414128030017'),
(633, 417, 406, 11317.16787294, 11317.16787294, 'transfer', NULL, 'completed', '2025-03-04T18:46:09.177Z', 'Перевод user19 → admin 11317.16787294 USD', '5375414128030016', '5375414128030005'),
(634, 365, 367, 1.13283026, 1.13283026, 'transfer', NULL, 'completed', '2025-03-04T18:34:07.645Z', 'Перевод Tod Kolinsk → olektreyd@gmail.com 1.13283026 BTC', '4532015112830004', '4532015112830006'),
(635, 394, 385, 113420.08576211, 113420.08576211, 'transfer', NULL, 'completed', '2025-03-04T18:19:19.500Z', 'Перевод user16 → Tod Kolinsk 113420.08576211 UAH', '4532015112836013', '4532015112836004'),
(636, 404, 414, 11366.21806128, 11366.21806128, 'transfer', NULL, 'completed', '2025-03-04T17:53:10.725Z', 'Перевод Nikita → user16 11366.21806128 USD', '5375414128030003', '5375414128030013'),
(637, 376, 362, 1.13827689, 1.13827689, 'transfer', NULL, 'completed', '2025-03-04T17:35:18.233Z', 'Перевод user18 → Kich32 1.13827689 BTC', '4532015112830015', '4532015112830001'),
(638, 368, 370, 1.14706579, 1.14706579, 'transfer', NULL, 'completed', '2025-03-04T16:00:23.027Z', 'Перевод user10 → user12 1.14706579 BTC', '4532015112830007', '4532015112830009'),
(639, 371, 377, 1.15072498, 1.15072498, 'transfer', NULL, 'completed', '2025-03-04T15:20:51.869Z', 'Перевод user13 → user19 1.15072498 BTC', '4532015112830010', '4532015112830016'),
(640, 417, 414, 11534.16769439, 11534.16769439, 'transfer', NULL, 'completed', '2025-03-04T14:51:47.589Z', 'Перевод user19 → user16 11534.16769439 USD', '5375414128030016', '5375414128030013'),
(641, 406, 413, 11572.61731910, 11572.61731910, 'transfer', NULL, 'completed', '2025-03-04T14:10:16.053Z', 'Перевод admin → user15 11572.61731910 USD', '5375414128030005', '5375414128030012'),
(642, 406, 404, 11600.70554066, 11600.70554066, 'transfer', NULL, 'completed', '2025-03-04T13:39:55.937Z', 'Перевод admin → Nikita 11600.70554066 USD', '5375414128030005', '5375414128030003'),
(643, 409, 402, 11787.44867373, 11787.44867373, 'transfer', NULL, 'completed', '2025-03-04T10:18:14.982Z', 'Перевод user11 → Kich32 11787.44867373 USD', '5375414128030008', '5375414128030001'),
(644, 378, 377, 1.18594810, 1.18594810, 'transfer', NULL, 'completed', '2025-03-04T09:00:27.285Z', 'Перевод user20 → user19 1.18594810 BTC', '4532015112830017', '4532015112830016'),
(645, 405, 418, 11864.57092916, 11864.57092916, 'transfer', NULL, 'completed', '2025-03-04T08:54:57.459Z', 'Перевод Tod Kolinsk → user20 11864.57092916 USD', '5375414128030004', '5375414128030017'),
(646, 369, 381, 1.19757670, 1.19757670, 'transfer', NULL, 'completed', '2025-03-04T06:54:51.955Z', 'Перевод user11 → user9 1.19757670 BTC', '4532015112830008', '4532015112830020'),
(647, 387, 388, 119792.66697905, 119792.66697905, 'transfer', NULL, 'completed', '2025-03-04T06:51:05.174Z', 'Перевод olektreyd@gmail.com → user10 119792.66697905 UAH', '4532015112836006', '4532015112836007'),
(648, 384, 394, 119915.19286245, 119915.19286245, 'transfer', NULL, 'completed', '2025-03-04T06:37:51.206Z', 'Перевод Nikita → user16 119915.19286245 UAH', '4532015112836003', '4532015112836013'),
(649, 379, 371, 1.20249810, 1.20249810, 'commission', NULL, 'completed', '2025-03-04T06:01:42.887Z', 'Перевод user7 → user13 1.20249810 BTC', '4532015112830018', '4532015112830010'),
(650, 364, 369, 1.20704377, 1.20704377, 'commission', NULL, 'completed', '2025-03-04T05:12:37.296Z', 'Перевод Nikita → user11 1.20704377 BTC', '4532015112830003', '4532015112830008'),
(651, 380, 368, 1.20972357, 1.20972357, 'commission', NULL, 'completed', '2025-03-04T04:43:40.782Z', 'Перевод user8 → user10 1.20972357 BTC', '4532015112830019', '4532015112830007'),
(652, 400, 389, 121053.40798855, 121053.40798855, 'commission', NULL, 'completed', '2025-03-04T04:34:55.572Z', 'Перевод user8 → user11 121053.40798855 UAH', '4532015112836019', '4532015112836008'),
(653, 368, 367, 1.21106120, 1.21106120, 'commission', NULL, 'completed', '2025-03-04T04:29:13.998Z', 'Перевод user10 → olektreyd@gmail.com 1.21106120 BTC', '4532015112830007', '4532015112830006'),
(654, 414, 402, 12235.29538065, 12235.29538065, 'commission', NULL, 'completed', '2025-03-04T02:14:34.515Z', 'Перевод user16 → Kich32 12235.29538065 USD', '5375414128030013', '5375414128030001'),
(655, 402, 417, 12245.01493975, 12245.01493975, 'commission', NULL, 'completed', '2025-03-04T02:04:04.688Z', 'Перевод Kich32 → user19 12245.01493975 USD', '5375414128030001', '5375414128030016'),
(656, 368, 366, 1.23047786, 1.23047786, 'commission', NULL, 'completed', '2025-03-04T00:59:32.005Z', 'Перевод user10 → admin 1.23047786 BTC', '4532015112830007', '4532015112830005'),
(657, 421, 402, 12333.20066095, 12333.20066095, 'commission', NULL, 'completed', '2025-03-04T00:28:50.253Z', 'Перевод user9 → Kich32 12333.20066095 USD', '5375414128030020', '5375414128030001'),
(658, 414, 410, 12351.15681820, 12351.15681820, 'commission', NULL, 'completed', '2025-03-04T00:09:26.694Z', 'Перевод user16 → user12 12351.15681820 USD', '5375414128030013', '5375414128030009'),
(659, 399, 384, 123787.31591994, 123787.31591994, 'commission', NULL, 'completed', '2025-03-03T23:39:39.848Z', 'Перевод user7 → Nikita 123787.31591994 UAH', '4532015112836018', '4532015112836003'),
(660, 367, 368, 1.24253774, 1.24253774, 'commission', NULL, 'completed', '2025-03-03T22:49:17.201Z', 'Перевод olektreyd@gmail.com → user10 1.24253774 BTC', '4532015112830006', '4532015112830007'),
(661, 372, 368, 1.24829233, 1.24829233, 'commission', NULL, 'completed', '2025-03-03T21:47:08.226Z', 'Перевод user14 → user10 1.24829233 BTC', '4532015112830011', '4532015112830007'),
(662, 414, 408, 12516.81463974, 12516.81463974, 'commission', NULL, 'completed', '2025-03-03T21:10:32.067Z', 'Перевод user16 → user10 12516.81463974 USD', '5375414128030013', '5375414128030007'),
(663, 374, 364, 1.25717082, 1.25717082, 'commission', NULL, 'completed', '2025-03-03T20:11:14.965Z', 'Перевод user16 → Nikita 1.25717082 BTC', '4532015112830013', '4532015112830003'),
(664, 362, 371, 1.26130298, 1.26130298, 'commission', NULL, 'completed', '2025-03-03T19:26:37.323Z', 'Перевод Kich32 → user13 1.26130298 BTC', '4532015112830001', '4532015112830010'),
(665, 378, 362, 1.26560688, 1.26560688, 'commission', NULL, 'completed', '2025-03-03T18:40:08.400Z', 'Перевод user20 → Kich32 1.26560688 BTC', '4532015112830017', '4532015112830001'),
(666, 410, 421, 12735.93756702, 12735.93756702, 'commission', NULL, 'completed', '2025-03-03T17:13:52.901Z', 'Перевод user12 → user9 12735.93756702 USD', '5375414128030009', '5375414128030020'),
(667, 404, 420, 12743.73204846, 12743.73204846, 'commission', NULL, 'completed', '2025-03-03T17:05:27.819Z', 'Перевод Nikita → user8 12743.73204846 USD', '5375414128030003', '5375414128030019'),
(668, 417, 415, 12775.64331255, 12775.64331255, 'commission', NULL, 'completed', '2025-03-03T16:30:59.969Z', 'Перевод user19 → user17 12775.64331255 USD', '5375414128030016', '5375414128030014'),
(669, 365, 375, 1.28512921, 1.28512921, 'commission', NULL, 'completed', '2025-03-03T15:09:17.927Z', 'Перевод Tod Kolinsk → user17 1.28512921 BTC', '4532015112830004', '4532015112830014'),
(670, 398, 392, 128588.86112994, 128588.86112994, 'commission', NULL, 'completed', '2025-03-03T15:01:05.835Z', 'Перевод user20 → user14 128588.86112994 UAH', '4532015112836017', '4532015112836011'),
(671, 380, 377, 1.28924718, 1.28924718, 'commission', NULL, 'completed', '2025-03-03T14:24:49.485Z', 'Перевод user8 → user19 1.28924718 BTC', '4532015112830019', '4532015112830016'),
(672, 413, 417, 12964.58519076, 12964.58519076, 'commission', NULL, 'completed', '2025-03-03T13:06:56.535Z', 'Перевод user15 → user19 12964.58519076 USD', '5375414128030012', '5375414128030016'),
(673, 363, 379, 1.29836601, 1.29836601, 'commission', NULL, 'completed', '2025-03-03T12:46:20.484Z', 'Перевод Maksim4440432 → user7 1.29836601 BTC', '4532015112830002', '4532015112830018'),
(674, 388, 396, 129993.27714449, 129993.27714449, 'commission', NULL, 'completed', '2025-03-03T12:29:25.220Z', 'Перевод user10 → user18 129993.27714449 UAH', '4532015112836007', '4532015112836015'),
(675, 396, 398, 131212.90105053, 131212.90105053, 'commission', NULL, 'completed', '2025-03-03T10:17:42.057Z', 'Перевод user18 → user20 131212.90105053 UAH', '4532015112836015', '4532015112836017'),
(676, 366, 367, 1.31787036, 1.31787036, 'commission', NULL, 'completed', '2025-03-03T09:15:41.662Z', 'Перевод admin → olektreyd@gmail.com 1.31787036 BTC', '4532015112830005', '4532015112830006'),
(677, 394, 391, 132601.16874813, 132601.16874813, 'commission', NULL, 'completed', '2025-03-03T07:47:46.082Z', 'Перевод user16 → user13 132601.16874813 UAH', '4532015112836013', '4532015112836010'),
(678, 393, 388, 133231.43370975, 133231.43370975, 'commission', NULL, 'completed', '2025-03-03T06:39:41.965Z', 'Перевод user15 → user10 133231.43370975 UAH', '4532015112836012', '4532015112836007'),
(679, 389, 399, 133253.57718376, 133253.57718376, 'commission', NULL, 'completed', '2025-03-03T06:37:18.475Z', 'Перевод user11 → user7 133253.57718376 UAH', '4532015112836008', '4532015112836018'),
(680, 368, 381, 1.33271612, 1.33271612, 'commission', NULL, 'completed', '2025-03-03T06:35:21.611Z', 'Перевод user10 → user9 1.33271612 BTC', '4532015112830007', '4532015112830020'),
(681, 394, 382, 133286.49000494, 133286.49000494, 'commission', NULL, 'completed', '2025-03-03T06:33:45.200Z', 'Перевод user16 → Kich32 133286.49000494 UAH', '4532015112836013', '4532015112836001'),
(682, 362, 378, 1.33431210, 1.33431210, 'commission', NULL, 'completed', '2025-03-03T06:18:07.418Z', 'Перевод Kich32 → user20 1.33431210 BTC', '4532015112830001', '4532015112830017'),
(683, 375, 376, 1.33831057, 1.33831057, 'commission', NULL, 'completed', '2025-03-03T05:34:56.407Z', 'Перевод user17 → user18 1.33831057 BTC', '4532015112830014', '4532015112830015'),
(684, 396, 386, 134367.85865325, 134367.85865325, 'commission', NULL, 'completed', '2025-03-03T04:36:57.932Z', 'Перевод user18 → admin 134367.85865325 UAH', '4532015112836015', '4532015112836005'),
(685, 392, 399, 134817.54727668, 134817.54727668, 'commission', NULL, 'completed', '2025-03-03T03:48:23.949Z', 'Перевод user14 → user7 134817.54727668 UAH', '4532015112836011', '4532015112836018'),
(686, 404, 415, 13482.96916119, 13482.96916119, 'commission', NULL, 'completed', '2025-03-03T03:47:05.254Z', 'Перевод Nikita → user17 13482.96916119 USD', '5375414128030003', '5375414128030014'),
(687, 398, 389, 134844.66305847, 134844.66305847, 'commission', NULL, 'completed', '2025-03-03T03:45:28.239Z', 'Перевод user20 → user11 134844.66305847 UAH', '4532015112836017', '4532015112836008'),
(688, 380, 370, 1.35058468, 1.35058468, 'commission', NULL, 'completed', '2025-03-03T03:22:22.782Z', 'Перевод user8 → user12 1.35058468 BTC', '4532015112830019', '4532015112830009'),
(689, 417, 420, 13594.93104272, 13594.93104272, 'commission', NULL, 'completed', '2025-03-03T01:46:10.124Z', 'Перевод user19 → user8 13594.93104272 USD', '5375414128030016', '5375414128030019'),
(690, 376, 366, 1.36299383, 1.36299383, 'commission', NULL, 'completed', '2025-03-03T01:08:21.651Z', 'Перевод user18 → admin 1.36299383 BTC', '4532015112830015', '4532015112830005'),
(691, 396, 393, 136487.46851843, 136487.46851843, 'commission', NULL, 'completed', '2025-03-03T00:48:02.860Z', 'Перевод user18 → user15 136487.46851843 UAH', '4532015112836015', '4532015112836012'),
(692, 417, 408, 13650.42860847, 13650.42860847, 'commission', NULL, 'completed', '2025-03-03T00:46:13.882Z', 'Перевод user19 → user10 13650.42860847 USD', '5375414128030016', '5375414128030007'),
(693, 367, 373, 1.36902428, 1.36902428, 'commission', NULL, 'completed', '2025-03-03T00:03:13.923Z', 'Перевод olektreyd@gmail.com → user15 1.36902428 BTC', '4532015112830006', '4532015112830012'),
(694, 416, 414, 13714.88136369, 13714.88136369, 'commission', NULL, 'completed', '2025-03-02T23:36:37.343Z', 'Перевод user18 → user16 13714.88136369 USD', '5375414128030015', '5375414128030013'),
(695, 383, 394, 137386.43269971, 137386.43269971, 'commission', NULL, 'completed', '2025-03-02T23:10:57.572Z', 'Перевод Maksim4440432 → user16 137386.43269971 UAH', '4532015112836002', '4532015112836013'),
(696, 366, 371, 1.37412596, 1.37412596, 'commission', NULL, 'completed', '2025-03-02T23:08:08.034Z', 'Перевод admin → user13 1.37412596 BTC', '4532015112830005', '4532015112830010'),
(697, 393, 391, 138515.55002691, 138515.55002691, 'commission', NULL, 'completed', '2025-03-02T21:09:00.891Z', 'Перевод user15 → user13 138515.55002691 UAH', '4532015112836012', '4532015112836010'),
(698, 399, 388, 138577.73244928, 138577.73244928, 'commission', NULL, 'completed', '2025-03-02T21:02:17.949Z', 'Перевод user7 → user10 138577.73244928 UAH', '4532015112836018', '4532015112836007'),
(699, 388, 389, 138638.33505500, 138638.33505500, 'commission', NULL, 'completed', '2025-03-02T20:55:45.244Z', 'Перевод user10 → user11 138638.33505500 UAH', '4532015112836007', '4532015112836008'),
(700, 373, 365, 1.38652725, 1.38652725, 'commission', NULL, 'completed', '2025-03-02T20:54:11.996Z', 'Перевод user15 → Tod Kolinsk 1.38652725 BTC', '4532015112830012', '4532015112830004');

INSERT INTO exchange_rates (id, usd_to_uah, btc_to_usd, eth_to_usd, updated_at) VALUES
(1, 37.00, 50000.00, 3000.00, '2025-03-04T23:00:00.000Z'),
(431, 41.59, 89502.00, 2189.58, '2025-03-05T17:52:28.718Z'),
(432, 41.59, 89804.00, 2195.53, '2025-03-05T17:52:56.201Z'),
(433, 41.59, 89804.00, 2195.53, '2025-03-05T17:53:23.652Z'),
(434, 41.59, 89804.00, 2195.53, '2025-03-05T17:53:53.653Z'),
(435, 41.59, 89804.00, 2195.53, '2025-03-05T17:54:23.654Z'),
(436, 41.59, 89804.00, 2195.53, '2025-03-05T17:54:53.654Z'),
(437, 41.59, 89804.00, 2195.53, '2025-03-05T17:55:23.654Z'),
(438, 41.59, 89804.00, 2195.53, '2025-03-05T17:55:53.655Z'),
(439, 41.59, 89804.00, 2195.53, '2025-03-05T17:56:23.655Z'),
(440, 41.59, 89804.00, 2195.53, '2025-03-05T17:56:53.656Z'),
(441, 41.59, 89804.00, 2195.53, '2025-03-05T17:57:23.656Z'),
(442, 41.59, 89804.00, 2195.53, '2025-03-05T17:57:53.657Z'),
(443, 41.59, 89836.00, 2191.40, '2025-03-05T17:58:23.962Z'),
(444, 41.59, 89836.00, 2191.40, '2025-03-05T17:58:53.658Z'),
(445, 41.59, 89836.00, 2191.40, '2025-03-05T17:59:23.658Z'),
(446, 41.59, 89552.00, 2188.86, '2025-03-05T17:59:47.174Z'),
(447, 41.59, 89552.00, 2188.86, '2025-03-05T18:00:16.472Z'),
(448, 41.59, 89552.00, 2188.86, '2025-03-05T18:00:46.472Z'),
(449, 41.59, 89552.00, 2188.86, '2025-03-05T18:01:16.472Z'),
(450, 41.59, 89552.00, 2188.86, '2025-03-05T18:01:46.472Z'),
(451, 41.59, 89552.00, 2188.86, '2025-03-05T18:02:16.472Z'),
(452, 41.59, 89552.00, 2188.86, '2025-03-05T18:02:46.472Z'),
(453, 41.59, 89552.00, 2188.86, '2025-03-05T18:03:16.473Z'),
(454, 41.59, 89552.00, 2188.86, '2025-03-05T18:03:46.474Z'),
(455, 41.59, 89552.00, 2188.86, '2025-03-05T18:04:16.475Z'),
(456, 41.59, 89552.00, 2188.86, '2025-03-05T18:04:46.476Z'),
(457, 41.59, 89530.00, 2190.29, '2025-03-05T18:05:16.807Z'),
(458, 41.59, 89530.00, 2190.29, '2025-03-05T18:05:46.477Z'),
(459, 41.59, 89530.00, 2190.29, '2025-03-05T18:06:16.478Z'),
(460, 41.59, 89530.00, 2190.29, '2025-03-05T18:06:46.478Z'),
(461, 41.59, 89530.00, 2190.29, '2025-03-05T18:07:16.479Z'),
(462, 41.59, 89530.00, 2190.29, '2025-03-05T18:07:46.479Z'),
(463, 41.59, 89530.00, 2190.29, '2025-03-05T18:08:16.480Z'),
(464, 41.59, 89530.00, 2190.29, '2025-03-05T18:08:46.480Z'),
(465, 41.59, 89530.00, 2190.29, '2025-03-05T18:09:16.481Z'),
(466, 41.59, 89530.00, 2190.29, '2025-03-05T18:09:46.482Z'),
(467, 41.59, 89530.00, 2190.29, '2025-03-05T18:10:16.482Z'),
(468, 41.59, 88859.00, 2172.61, '2025-03-05T18:10:46.778Z'),
(469, 41.59, 88859.00, 2172.61, '2025-03-05T18:11:16.483Z'),
(470, 41.59, 88859.00, 2172.61, '2025-03-05T18:11:46.482Z'),
(471, 41.59, 88859.00, 2172.61, '2025-03-05T18:12:16.483Z'),
(472, 41.59, 88859.00, 2172.61, '2025-03-05T18:12:46.483Z'),
(473, 41.59, 88859.00, 2172.61, '2025-03-05T18:13:16.483Z'),
(474, 41.59, 88859.00, 2172.61, '2025-03-05T18:13:46.484Z'),
(475, 41.59, 88859.00, 2172.61, '2025-03-05T18:14:16.485Z'),
(476, 41.59, 88859.00, 2172.61, '2025-03-05T18:14:46.486Z'),
(477, 41.59, 88859.00, 2172.61, '2025-03-05T18:15:16.486Z'),
(478, 41.59, 88859.00, 2172.61, '2025-03-05T18:15:46.485Z'),
(479, 41.59, 89286.00, 2184.61, '2025-03-05T18:16:16.786Z'),
(480, 41.59, 89286.00, 2184.61, '2025-03-05T18:16:46.486Z'),
(481, 41.59, 89286.00, 2184.61, '2025-03-05T18:17:16.486Z'),
(482, 41.59, 89286.00, 2184.61, '2025-03-05T18:17:46.486Z'),
(483, 41.59, 89286.00, 2184.61, '2025-03-05T18:18:16.487Z'),
(484, 41.59, 89286.00, 2184.61, '2025-03-05T18:18:46.487Z'),
(485, 41.59, 89286.00, 2184.61, '2025-03-05T18:19:16.488Z'),
(486, 41.59, 89286.00, 2184.61, '2025-03-05T18:19:46.489Z'),
(487, 41.59, 89286.00, 2184.61, '2025-03-05T18:20:16.490Z'),
(488, 41.59, 89286.00, 2184.61, '2025-03-05T18:20:46.490Z'),
(489, 41.59, 89286.00, 2184.61, '2025-03-05T18:21:16.492Z'),
(490, 41.59, 89089.00, 2183.32, '2025-03-05T18:21:46.813Z'),
(491, 41.59, 89089.00, 2183.32, '2025-03-05T18:22:16.494Z'),
(492, 41.59, 89089.00, 2183.32, '2025-03-05T18:22:46.495Z'),
(493, 41.59, 89089.00, 2183.32, '2025-03-05T18:23:16.496Z'),
(494, 41.59, 89089.00, 2183.32, '2025-03-05T18:23:46.496Z'),
(495, 41.59, 89089.00, 2183.32, '2025-03-05T18:24:16.497Z'),
(496, 41.59, 89089.00, 2183.32, '2025-03-05T18:24:46.497Z'),
(497, 41.59, 89089.00, 2183.32, '2025-03-05T18:25:16.497Z'),
(498, 41.59, 89089.00, 2183.32, '2025-03-05T18:25:46.497Z'),
(499, 41.59, 89089.00, 2183.32, '2025-03-05T18:26:16.497Z'),
(500, 41.59, 89089.00, 2183.32, '2025-03-05T18:26:46.498Z'),
(501, 41.59, 89344.00, 2191.72, '2025-03-05T18:27:16.801Z'),
(502, 41.59, 89344.00, 2191.72, '2025-03-05T18:27:46.498Z'),
(503, 41.59, 89344.00, 2191.72, '2025-03-05T18:28:16.499Z'),
(504, 41.59, 89344.00, 2191.72, '2025-03-05T18:28:46.500Z'),
(505, 41.59, 89353.00, 2193.00, '2025-03-05T18:29:13.721Z'),
(506, 41.59, 89353.00, 2193.00, '2025-03-05T18:29:42.854Z'),
(507, 41.59, 89353.00, 2193.00, '2025-03-05T18:30:12.856Z'),
(508, 41.59, 89353.00, 2193.00, '2025-03-05T18:30:42.856Z'),
(509, 41.59, 89353.00, 2193.00, '2025-03-05T18:31:12.857Z'),
(510, 41.59, 89353.00, 2193.00, '2025-03-05T18:31:42.857Z'),
(511, 41.59, 89353.00, 2193.00, '2025-03-05T18:32:12.857Z'),
(512, 41.59, 89353.00, 2193.00, '2025-03-05T18:32:42.857Z'),
(513, 41.59, 89353.00, 2193.00, '2025-03-05T18:33:12.858Z'),
(514, 41.59, 89353.00, 2193.00, '2025-03-05T18:33:42.859Z'),
(515, 41.59, 89353.00, 2193.00, '2025-03-05T18:34:12.860Z'),
(516, 41.59, 89072.00, 2184.99, '2025-03-05T18:34:43.155Z'),
(517, 41.59, 89072.00, 2184.99, '2025-03-05T18:35:12.862Z'),
(518, 41.59, 89072.00, 2184.99, '2025-03-05T18:35:42.863Z'),
(519, 41.59, 89072.00, 2184.99, '2025-03-05T18:36:12.863Z'),
(520, 41.59, 89072.00, 2184.99, '2025-03-05T18:36:42.863Z'),
(521, 41.59, 89072.00, 2184.99, '2025-03-05T18:37:12.862Z'),
(522, 41.59, 89072.00, 2184.99, '2025-03-05T18:37:42.863Z'),
(523, 41.59, 89072.00, 2184.99, '2025-03-05T18:38:12.863Z'),
(524, 41.59, 89072.00, 2184.99, '2025-03-05T18:38:42.863Z'),
(525, 41.59, 89072.00, 2184.99, '2025-03-05T18:39:12.865Z'),
(526, 41.59, 89072.00, 2184.99, '2025-03-05T18:39:42.865Z'),
(527, 41.59, 89221.00, 2188.79, '2025-03-05T18:40:13.170Z'),
(528, 41.59, 89221.00, 2188.79, '2025-03-05T18:40:42.866Z'),
(529, 41.59, 89221.00, 2188.79, '2025-03-05T18:41:12.868Z'),
(530, 41.59, 89221.00, 2188.79, '2025-03-05T18:41:42.868Z'),
(531, 41.59, 89221.00, 2188.79, '2025-03-05T18:42:12.869Z'),
(532, 41.59, 89221.00, 2188.79, '2025-03-05T18:42:42.870Z'),
(533, 41.59, 89221.00, 2188.79, '2025-03-05T18:43:12.871Z'),
(534, 41.59, 89221.00, 2188.79, '2025-03-05T18:43:42.872Z'),
(535, 41.59, 89221.00, 2188.79, '2025-03-05T18:44:12.873Z'),
(536, 41.59, 89221.00, 2188.79, '2025-03-05T18:44:42.874Z'),
(537, 41.59, 89221.00, 2188.79, '2025-03-05T18:45:12.875Z'),
(538, 41.59, 89217.00, 2188.27, '2025-03-05T18:45:43.181Z'),
(539, 41.59, 89217.00, 2188.27, '2025-03-05T18:46:12.876Z'),
(540, 41.59, 89217.00, 2188.27, '2025-03-05T18:46:42.877Z'),
(541, 41.59, 89217.00, 2188.27, '2025-03-05T18:47:12.878Z'),
(542, 41.59, 89217.00, 2188.27, '2025-03-05T18:47:42.879Z'),
(543, 41.59, 89217.00, 2188.27, '2025-03-05T18:48:12.879Z'),
(544, 41.59, 89217.00, 2188.27, '2025-03-05T18:48:42.879Z'),
(545, 41.59, 89217.00, 2188.27, '2025-03-05T18:49:12.880Z'),
(546, 41.59, 89217.00, 2188.27, '2025-03-05T18:49:42.880Z'),
(547, 41.59, 89217.00, 2188.27, '2025-03-05T18:50:12.881Z'),
(548, 41.59, 89217.00, 2188.27, '2025-03-05T18:50:42.881Z'),
(549, 41.59, 89222.00, 2193.05, '2025-03-05T18:51:13.179Z'),
(550, 41.59, 89222.00, 2193.05, '2025-03-05T18:51:42.883Z'),
(551, 41.59, 89222.00, 2193.05, '2025-03-05T18:52:12.883Z'),
(552, 41.59, 89222.00, 2193.05, '2025-03-05T18:52:42.883Z'),
(553, 41.59, 89222.00, 2193.05, '2025-03-05T18:53:12.882Z'),
(554, 41.59, 89222.00, 2193.05, '2025-03-05T18:53:42.883Z'),
(555, 41.59, 89222.00, 2193.05, '2025-03-05T18:54:12.883Z'),
(556, 41.59, 89222.00, 2193.05, '2025-03-05T18:54:42.886Z'),
(557, 41.59, 89222.00, 2193.05, '2025-03-05T18:55:12.887Z'),
(558, 41.59, 89222.00, 2193.05, '2025-03-05T18:55:42.888Z'),
(559, 41.59, 89222.00, 2193.05, '2025-03-05T18:56:12.890Z'),
(560, 41.59, 89537.00, 2199.80, '2025-03-05T18:56:43.200Z'),
(561, 41.59, 89537.00, 2199.80, '2025-03-05T18:57:12.891Z'),
(562, 41.59, 89537.00, 2199.80, '2025-03-05T18:57:42.892Z'),
(563, 41.59, 89537.00, 2199.80, '2025-03-05T18:58:12.893Z'),
(564, 41.59, 89537.00, 2199.80, '2025-03-05T18:58:42.894Z'),
(565, 41.59, 89537.00, 2199.80, '2025-03-05T18:59:12.895Z'),
(566, 41.59, 89537.00, 2199.80, '2025-03-05T18:59:42.896Z'),
(567, 41.59, 89537.00, 2199.80, '2025-03-05T19:00:12.897Z'),
(568, 41.59, 89537.00, 2199.80, '2025-03-05T19:00:42.898Z'),
(569, 41.59, 89537.00, 2199.80, '2025-03-05T19:01:12.899Z'),
(570, 41.59, 89537.00, 2199.80, '2025-03-05T19:01:42.901Z'),
(571, 41.59, 89744.00, 2204.67, '2025-03-05T19:02:13.237Z'),
(572, 41.59, 89744.00, 2204.67, '2025-03-05T19:02:42.902Z'),
(573, 41.59, 89744.00, 2204.67, '2025-03-05T19:03:12.902Z'),
(574, 41.59, 89744.00, 2204.67, '2025-03-05T19:03:42.903Z'),
(575, 41.59, 89744.00, 2204.67, '2025-03-05T19:04:12.903Z'),
(576, 41.59, 89744.00, 2204.67, '2025-03-05T19:04:42.904Z'),
(577, 41.59, 89744.00, 2204.67, '2025-03-05T19:05:12.904Z'),
(578, 41.59, 89744.00, 2204.67, '2025-03-05T19:05:42.904Z'),
(579, 41.59, 89744.00, 2204.67, '2025-03-05T19:06:12.904Z'),
(580, 41.59, 89744.00, 2204.67, '2025-03-05T19:06:42.904Z'),
(581, 41.59, 89744.00, 2204.67, '2025-03-05T19:07:12.904Z'),
(582, 41.59, 90166.00, 2216.38, '2025-03-05T19:07:43.217Z'),
(583, 41.59, 90166.00, 2216.38, '2025-03-05T19:08:12.906Z'),
(584, 41.59, 90166.00, 2216.38, '2025-03-05T19:08:42.906Z'),
(585, 41.59, 89825.00, 2216.41, '2025-03-05T19:56:53.176Z'),
(586, 41.59, 89825.00, 2216.41, '2025-03-05T19:57:20.868Z'),
(587, 41.59, 89825.00, 2216.41, '2025-03-05T19:57:50.869Z'),
(588, 41.59, 89825.00, 2216.41, '2025-03-05T19:58:20.870Z'),
(589, 41.59, 89825.00, 2216.41, '2025-03-05T19:58:50.869Z'),
(590, 41.59, 89825.00, 2216.41, '2025-03-05T19:59:20.870Z'),
(591, 41.59, 89893.00, 2219.68, '2025-03-05T19:59:44.172Z'),
(592, 41.59, 89893.00, 2219.68, '2025-03-05T20:00:13.385Z'),
(593, 41.59, 89893.00, 2219.68, '2025-03-05T20:00:43.386Z'),
(594, 41.59, 89893.00, 2219.68, '2025-03-05T20:01:13.387Z'),
(595, 41.59, 89893.00, 2219.68, '2025-03-05T20:01:43.386Z'),
(596, 41.59, 89893.00, 2219.68, '2025-03-05T20:02:13.386Z'),
(597, 41.59, 89893.00, 2219.68, '2025-03-05T20:02:43.387Z'),
(598, 41.59, 89893.00, 2219.68, '2025-03-05T20:03:13.387Z'),
(599, 41.59, 89893.00, 2219.68, '2025-03-05T20:03:43.388Z'),
(600, 41.59, 89893.00, 2219.68, '2025-03-05T20:04:13.388Z'),
(601, 41.59, 89893.00, 2219.68, '2025-03-05T20:04:43.387Z'),
(602, 41.59, 89989.00, 2222.59, '2025-03-05T20:05:13.621Z'),
(603, 41.59, 89989.00, 2222.59, '2025-03-05T20:05:43.388Z'),
(604, 41.59, 89989.00, 2222.59, '2025-03-05T20:06:13.390Z'),
(605, 41.59, 89989.00, 2222.59, '2025-03-05T20:06:43.390Z'),
(606, 41.59, 89989.00, 2222.59, '2025-03-05T20:07:13.391Z'),
(607, 41.59, 89989.00, 2222.59, '2025-03-05T20:07:43.392Z'),
(608, 41.59, 89989.00, 2222.59, '2025-03-05T20:08:13.393Z'),
(609, 41.59, 89989.00, 2222.59, '2025-03-05T20:08:43.394Z');
