INSERT INTO users (id, username, password, is_regulator, regulator_balance, last_nft_generation, nft_generation_count) VALUES
(1, 'admin', '73992c62ca47be0e8d949ad8df64324bae8f542007c0f2ef886f1b39418963c8b4ccc9c63939340a0a0f9c96d170dd0705075c728a35c76e3c340650970417cc.32567ef87fc584ec22cea70d4dbd6f46', true, 1.50000000, NULL, 0),
(2, 'Kich32', 'dda845d60595df05ca8c90a32c72f721eaa6f73bfa8a25a063f1981fe45b87910c31bc45a7724ab945b1a9e33a0a68b08e2296fb73b960877d85c57b42ac5ff7.e307a6994d6eb04c87392ce530309630', false, 0.00000000, NULL, 0),
(3, 'Tod Kolinsk', '5ef77cb19fc9406965acb4e028683a124ca1ebb17b338208661127275f108424d8af6b26dea963f3570d1d8939d2ec7a4a8b32fc191a9551832e611a90b4ac4d.a877e8fe8f6f620a3a7589d048534602', false, 0.00000000, NULL, 0),
(4, 'olektreyd@gmail.com', '9187c19246b7ef132ba5cff07bf1a528b8e19c112dbdaea27045df3e77408c479bac1a59225e4aef6409f1aa337cd490cebbdf50866d478477d01aac95184c6e.440d8cd7817ef5d331a7345b64eb6b41', false, 0.00000000, NULL, 0),
(5, 'Nikita', 'c6e6ad1df7ccd60cb6d2948ae04ac83da3e8608a37f544f7650c52c5271c027e6aa6aa8cf5618cfd951ee33fd6a2a83b0badfc2ad2992d8e3e54ad5f0e110553.345c80e97a319d2a0a275f7031c672b3', false, 0.00000000, NULL, 0),
(6, 'Maksim4440432', '07f040ac39b3254bcbf515cab85c28458bb1c85f31533340fae085449eddc73095dd1d37f1d5c132fdcf2df6d116aef9af57f511208936af7745c0ff87330d9c.3bc39831b34601ec4b225bb10900ea4c', false, 0.00000000, NULL, 0);

INSERT INTO cards (id, user_id, type, number, expiry, cvv, balance, btc_balance, eth_balance, btc_address, eth_address) VALUES
(1, 1, 'crypto', '4532015112830366', '12/27', '123', 0.00000000, 1.23456789, 0.50000000, 'bc1q123...', '0x123...'),
(2, 1, 'usd', '4532015112830367', '12/27', '124', 1000.00000000, 0.00000000, 0.00000000, NULL, NULL),
(3, 1, 'uah', '4532015112830368', '12/27', '125', 25000.00000000, 0.00000000, 0.00000000, NULL, NULL),
(4, 2, 'crypto', '4532015112830369', '12/27', '126', 0.00000000, 0.50000000, 0.10000000, 'bc1q456...', '0x456...'),
(5, 2, 'usd', '4532015112830370', '12/27', '127', 500.00000000, 0.00000000, 0.00000000, NULL, NULL),
(6, 2, 'uah', '4532015112830371', '12/27', '128', 15000.00000000, 0.00000000, 0.00000000, NULL, NULL),
(7, 3, 'crypto', '4532015112830372', '12/27', '129', 0.00000000, 0.30000000, 0.05000000, 'bc1q789...', '0x789...'),
(8, 3, 'usd', '4532015112830373', '12/27', '130', 300.00000000, 0.00000000, 0.00000000, NULL, NULL),
(9, 3, 'uah', '4532015112830374', '12/27', '131', 9000.00000000, 0.00000000, 0.00000000, NULL, NULL),
(10, 4, 'crypto', '4532015112830375', '12/27', '132', 0.00000000, 0.15000000, 0.02000000, 'bc1qabc...', '0xabc...'),
(11, 4, 'usd', '4532015112830376', '12/27', '133', 200.00000000, 0.00000000, 0.00000000, NULL, NULL),
(12, 4, 'uah', '4532015112830377', '12/27', '134', 6000.00000000, 0.00000000, 0.00000000, NULL, NULL),
(13, 5, 'crypto', '4532015112830378', '12/27', '135', 0.00000000, 0.25000000, 0.03000000, 'bc1qdef...', '0xdef...'),
(14, 5, 'usd', '4532015112830379', '12/27', '136', 400.00000000, 0.00000000, 0.00000000, NULL, NULL),
(15, 5, 'uah', '4532015112830380', '12/27', '137', 12000.00000000, 0.00000000, 0.00000000, NULL, NULL),
(16, 6, 'crypto', '4532015112830381', '12/27', '138', 0.00000000, 0.35000000, 0.04000000, 'bc1qghi...', '0xghi...'),
(17, 6, 'usd', '4532015112830382', '12/27', '139', 600.00000000, 0.00000000, 0.00000000, NULL, NULL),
(18, 6, 'uah', '4532015112830383', '12/27', '140', 18000.00000000, 0.00000000, 0.00000000, NULL, NULL);

INSERT INTO transactions (id, from_card_id, to_card_id, amount, converted_amount, type, wallet, status, created_at, description, from_card_number, to_card_number) VALUES
(1, 1, 2, 0.10000000, 5000.00000000, 'transfer', NULL, 'completed', '2025-03-04T10:00:00.000Z', 'Перевод BTC в USD', '4532015112830366', '4532015112830367'),
(2, 2, 3, 100.00000000, 3700.00000000, 'transfer', NULL, 'completed', '2025-03-04T11:00:00.000Z', 'Перевод USD в UAH', '4532015112830367', '4532015112830368'),
(3, 4, 5, 0.05000000, 2500.00000000, 'transfer', NULL, 'completed', '2025-03-04T12:00:00.000Z', 'Перевод BTC в USD', '4532015112830369', '4532015112830370'),
(4, 5, 6, 50.00000000, 1850.00000000, 'transfer', NULL, 'completed', '2025-03-04T13:00:00.000Z', 'Перевод USD в UAH', '4532015112830370', '4532015112830371'),
(5, 7, 8, 0.03000000, 1500.00000000, 'transfer', NULL, 'completed', '2025-03-04T14:00:00.000Z', 'Перевод BTC в USD', '4532015112830372', '4532015112830373'),
(6, 8, 9, 30.00000000, 1110.00000000, 'transfer', NULL, 'completed', '2025-03-04T15:00:00.000Z', 'Перевод USD в UAH', '4532015112830373', '4532015112830374'),
(7, 10, 11, 0.02000000, 1000.00000000, 'transfer', NULL, 'completed', '2025-03-04T16:00:00.000Z', 'Перевод BTC в USD', '4532015112830375', '4532015112830376'),
(8, 11, 12, 20.00000000, 740.00000000, 'transfer', NULL, 'completed', '2025-03-04T17:00:00.000Z', 'Перевод USD в UAH', '4532015112830376', '4532015112830377'),
(9, 13, 14, 0.02500000, 1250.00000000, 'transfer', NULL, 'completed', '2025-03-04T18:00:00.000Z', 'Перевод BTC в USD', '4532015112830378', '4532015112830379'),
(10, 14, 15, 25.00000000, 925.00000000, 'transfer', NULL, 'completed', '2025-03-04T19:00:00.000Z', 'Перевод USD в UAH', '4532015112830379', '4532015112830380'),
(11, 16, 17, 0.03500000, 1750.00000000, 'transfer', NULL, 'completed', '2025-03-04T20:00:00.000Z', 'Перевод BTC в USD', '4532015112830381', '4532015112830382'),
(12, 17, 18, 35.00000000, 1295.00000000, 'transfer', NULL, 'completed', '2025-03-04T21:00:00.000Z', 'Перевод USD в UAH', '4532015112830382', '4532015112830383'),
(13, 1, NULL, 0.01000000, 0.01000000, 'transfer', 'bc1qexternal...', 'completed', '2025-03-04T22:00:00.000Z', 'Перевод BTC на внешний адрес', '4532015112830366', 'EXTERNAL');

INSERT INTO exchange_rates (id, usd_to_uah, btc_to_usd, eth_to_usd, updated_at) VALUES
(1, 37.00, 50000.00, 3000.00, '2025-03-04T23:00:00.000Z'),
(431, 41.59, 89502.00, 2189.58, '2025-03-05T17:52:28.718Z');
