INSERT INTO users (id, username, password, is_regulator, regulator_balance, last_nft_generation, nft_generation_count) VALUES
(1, 'admin', '73992c62ca47be0e8d949ad8df64324bae8f542007c0f2ef886f1b39418963c8b4ccc9c63939340a0a0f9c96d170dd0705075c728a35c76e3c340650970417cc.32567ef87fc584ec22cea70d4dbd6f46', true, 150.50000000, 'Tue Mar 04 2025 10:00:00 GMT+0000 (Coordinated Universal Time)', 5),
(2, 'Kich32', 'dda845d60595df05ca8c90a32c72f721eaa6f73bfa8a25a063f1981fe45b87910c31bc45a7724ab945b1a9e33a0a68b08e2296fb73b960877d85c57b42ac5ff7.e307a6994d6eb04c87392ce530309630', false, 0.00000000, NULL, 0),
(3, 'Tod Kolinsk', '5ef77cb19fc9406965acb4e028683a124ca1ebb17b338208661127275f108424d8af6b26dea963f3570d1d8939d2ec7a4a8b32fc191a9551832e611a90b4ac4d.a877e8fe8f6f620a3a7589d048534602', false, 0.00000000, NULL, 0),
(4, 'olektreyd@gmail.com', '9187c19246b7ef132ba5cff07bf1a528b8e19c112dbdaea27045df3e77408c479bac1a59225e4aef6409f1aa337cd490cebbdf50866d478477d01aac95184c6e.440d8cd7817ef5d331a7345b64eb6b41', false, 0.00000000, NULL, 0),
(5, 'Nikita', 'c6e6ad1df7ccd60cb6d2948ae04ac83da3e8608a37f544f7650c52c5271c027e6aa6aa8cf5618cfd951ee33fd6a2a83b0badfc2ad2992d8e3e54ad5f0e110553.345c80e97a319d2a0a275f7031c672b3', false, 0.00000000, NULL, 0),
(6, 'Maksim4440432', '07f040ac39b3254bcbf515cab85c28458bb1c85f31533340fae085449eddc73095dd1d37f1d5c132fdcf2df6d116aef9af57f511208936af7745c0ff87330d9c.3bc39831b34601ec4b225bb10900ea4c', false, 0.00000000, NULL, 0);

INSERT INTO cards (id, user_id, type, number, expiry, cvv, balance, btc_balance, eth_balance, btc_address, eth_address) VALUES
(1, 1, 'crypto', '4532015112830366', '03/29', '123', 0.00000000, 2.50000000, 5.00000000, 'bc1qxy2kgdygjrsqtzq2n0yrf2493p83kkfjhx0wlh', '0x71C7656EC7ab88b098defB751B7401B5f6d8976F'),
(2, 1, 'usd', '4532015112830367', '03/29', '456', 15000.00000000, 0.00000000, 0.00000000, NULL, NULL),
(3, 1, 'uah', '4532015112830368', '03/29', '789', 350000.00000000, 0.00000000, 0.00000000, NULL, NULL),
(4, 2, 'usd', '4532015112830369', '03/29', '234', 2500.00000000, 0.00000000, 0.00000000, NULL, NULL),
(5, 2, 'uah', '4532015112830370', '03/29', '567', 75000.00000000, 0.00000000, 0.00000000, NULL, NULL),
(6, 2, 'crypto', '4532015112830371', '03/29', '890', 0.00000000, 0.75000000, 1.50000000, 'bc1qxy2kgdygjrsqtzq2n0yrf2493p83kkfjhx0wll', '0x72C7656EC7ab88b098defB751B7401B5f6d8976F'),
(7, 3, 'usd', '4532015112830372', '03/29', '123', 5000.00000000, 0.00000000, 0.00000000, NULL, NULL),
(8, 3, 'uah', '4532015112830373', '03/29', '456', 150000.00000000, 0.00000000, 0.00000000, NULL, NULL),
(9, 3, 'crypto', '4532015112830374', '03/29', '789', 0.00000000, 1.25000000, 2.00000000, 'bc1qxy2kgdygjrsqtzq2n0yrf2493p83kkfjhx0wlm', '0x73C7656EC7ab88b098defB751B7401B5f6d8976F'),
(10, 4, 'usd', '4532015112830375', '03/29', '234', 7500.00000000, 0.00000000, 0.00000000, NULL, NULL),
(11, 4, 'uah', '4532015112830376', '03/29', '567', 225000.00000000, 0.00000000, 0.00000000, NULL, NULL),
(12, 4, 'crypto', '4532015112830377', '03/29', '890', 0.00000000, 1.75000000, 3.00000000, 'bc1qxy2kgdygjrsqtzq2n0yrf2493p83kkfjhx0wln', '0x74C7656EC7ab88b098defB751B7401B5f6d8976F'),
(13, 5, 'usd', '4532015112830378', '03/29', '123', 3500.00000000, 0.00000000, 0.00000000, NULL, NULL),
(14, 5, 'uah', '4532015112830379', '03/29', '456', 100000.00000000, 0.00000000, 0.00000000, NULL, NULL),
(15, 5, 'crypto', '4532015112830380', '03/29', '789', 0.00000000, 0.50000000, 1.00000000, 'bc1qxy2kgdygjrsqtzq2n0yrf2493p83kkfjhx0wlo', '0x75C7656EC7ab88b098defB751B7401B5f6d8976F'),
(16, 6, 'usd', '4532015112830381', '03/29', '234', 4500.00000000, 0.00000000, 0.00000000, NULL, NULL),
(17, 6, 'uah', '4532015112830382', '03/29', '567', 125000.00000000, 0.00000000, 0.00000000, NULL, NULL),
(18, 6, 'crypto', '4532015112830383', '03/29', '890', 0.00000000, 0.80000000, 1.80000000, 'bc1qxy2kgdygjrsqtzq2n0yrf2493p83kkfjhx0wlp', '0x76C7656EC7ab88b098defB751B7401B5f6d8976F');

INSERT INTO transactions (id, from_card_id, to_card_id, amount, converted_amount, type, wallet, status, created_at, description, from_card_number, to_card_number) VALUES
(1, 1, 2, 0.20000000, 12700.00000000, 'transfer', NULL, 'completed', '2025-03-04T09:00:00.000Z', 'Перевод BTC в USD', '4532015112830366', '4532015112830367'),
(2, 2, 3, 1000.00000000, 37500.00000000, 'transfer', NULL, 'completed', '2025-03-04T09:30:00.000Z', 'Перевод USD в UAH', '4532015112830367', '4532015112830368'),
(3, 1, NULL, 0.10000000, 0.10000000, 'transfer', 'bc1qxy2kgdygjrsqtzq2n0yrf2493p83kkfjhx0wlh', 'completed', '2025-03-04T10:00:00.000Z', 'Вывод BTC', '4532015112830366', 'EXTERNAL'),
(4, 4, 5, 500.00000000, 18750.00000000, 'transfer', NULL, 'completed', '2025-03-04T10:30:00.000Z', 'Перевод USD в UAH', '4532015112830369', '4532015112830370'),
(5, 6, NULL, 0.05000000, 0.05000000, 'transfer', 'bc1qxy2kgdygjrsqtzq2n0yrf2493p83kkfjhx0wll', 'completed', '2025-03-04T11:00:00.000Z', 'Вывод BTC', '4532015112830371', 'EXTERNAL'),
(6, 7, 8, 750.00000000, 28125.00000000, 'transfer', NULL, 'completed', '2025-03-04T11:30:00.000Z', 'Перевод USD в UAH', '4532015112830372', '4532015112830373'),
(7, 9, NULL, 0.15000000, 0.15000000, 'transfer', 'bc1qxy2kgdygjrsqtzq2n0yrf2493p83kkfjhx0wlm', 'completed', '2025-03-04T12:00:00.000Z', 'Вывод BTC', '4532015112830374', 'EXTERNAL'),
(8, 10, 11, 1000.00000000, 37500.00000000, 'transfer', NULL, 'completed', '2025-03-04T12:30:00.000Z', 'Перевод USD в UAH', '4532015112830375', '4532015112830376'),
(9, 12, NULL, 0.20000000, 0.20000000, 'transfer', 'bc1qxy2kgdygjrsqtzq2n0yrf2493p83kkfjhx0wln', 'completed', '2025-03-04T13:00:00.000Z', 'Вывод BTC', '4532015112830377', 'EXTERNAL'),
(10, 13, 14, 250.00000000, 9375.00000000, 'transfer', NULL, 'completed', '2025-03-04T13:30:00.000Z', 'Перевод USD в UAH', '4532015112830378', '4532015112830379'),
(11, 15, NULL, 0.08000000, 0.08000000, 'transfer', 'bc1qxy2kgdygjrsqtzq2n0yrf2493p83kkfjhx0wlo', 'completed', '2025-03-04T14:00:00.000Z', 'Вывод BTC', '4532015112830380', 'EXTERNAL'),
(12, 16, 17, 500.00000000, 18750.00000000, 'transfer', NULL, 'completed', '2025-03-04T14:30:00.000Z', 'Перевод USD в UAH', '4532015112830381', '4532015112830382'),
(13, 18, NULL, 0.10000000, 0.10000000, 'transfer', 'bc1qxy2kgdygjrsqtzq2n0yrf2493p83kkfjhx0wlp', 'completed', '2025-03-04T15:00:00.000Z', 'Вывод BTC', '4532015112830383', 'EXTERNAL');

INSERT INTO exchange_rates (id, usd_to_uah, btc_to_usd, eth_to_usd, updated_at) VALUES
(1, 37.50, 63500.00, 3500.00, '2025-03-04T10:00:00.000Z');
