INSERT INTO users (id, username, password, is_regulator, regulator_balance, last_nft_generation, nft_generation_count) VALUES
(142, 'Kich32', '73992c62ca47be0e8d949ad8df64324bae8f542007c0f2ef886f1b39418963c8b4ccc9c63939340a0a0f9c96d170dd0705075c728a35c76e3c340650970417cc.32567ef87fc584ec22cea70d4dbd6f46', false, 0.00000000, NULL, 0),
(143, 'Tod Kolinsk', '73992c62ca47be0e8d949ad8df64324bae8f542007c0f2ef886f1b39418963c8b4ccc9c63939340a0a0f9c96d170dd0705075c728a35c76e3c340650970417cc.32567ef87fc584ec22cea70d4dbd6f46', false, 0.00000000, NULL, 0),
(144, 'olektreyd@gmail.com', '73992c62ca47be0e8d949ad8df64324bae8f542007c0f2ef886f1b39418963c8b4ccc9c63939340a0a0f9c96d170dd0705075c728a35c76e3c340650970417cc.32567ef87fc584ec22cea70d4dbd6f46', false, 0.00000000, NULL, 0),
(145, 'Nikita', '73992c62ca47be0e8d949ad8df64324bae8f542007c0f2ef886f1b39418963c8b4ccc9c63939340a0a0f9c96d170dd0705075c728a35c76e3c340650970417cc.32567ef87fc584ec22cea70d4dbd6f46', false, 0.00000000, NULL, 0),
(146, 'Maksim4440432', '73992c62ca47be0e8d949ad8df64324bae8f542007c0f2ef886f1b39418963c8b4ccc9c63939340a0a0f9c96d170dd0705075c728a35c76e3c340650970417cc.32567ef87fc584ec22cea70d4dbd6f46', false, 0.00000000, NULL, 0),
(147, 'user7', '73992c62ca47be0e8d949ad8df64324bae8f542007c0f2ef886f1b39418963c8b4ccc9c63939340a0a0f9c96d170dd0705075c728a35c76e3c340650970417cc.32567ef87fc584ec22cea70d4dbd6f46', false, 0.00000000, NULL, 0),
(148, 'user8', '73992c62ca47be0e8d949ad8df64324bae8f542007c0f2ef886f1b39418963c8b4ccc9c63939340a0a0f9c96d170dd0705075c728a35c76e3c340650970417cc.32567ef87fc584ec22cea70d4dbd6f46', false, 0.00000000, NULL, 0),
(149, 'user9', '73992c62ca47be0e8d949ad8df64324bae8f542007c0f2ef886f1b39418963c8b4ccc9c63939340a0a0f9c96d170dd0705075c728a35c76e3c340650970417cc.32567ef87fc584ec22cea70d4dbd6f46', false, 0.00000000, NULL, 0),
(150, 'user10', '73992c62ca47be0e8d949ad8df64324bae8f542007c0f2ef886f1b39418963c8b4ccc9c63939340a0a0f9c96d170dd0705075c728a35c76e3c340650970417cc.32567ef87fc584ec22cea70d4dbd6f46', false, 0.00000000, NULL, 0),
(151, 'user11', '73992c62ca47be0e8d949ad8df64324bae8f542007c0f2ef886f1b39418963c8b4ccc9c63939340a0a0f9c96d170dd0705075c728a35c76e3c340650970417cc.32567ef87fc584ec22cea70d4dbd6f46', false, 0.00000000, NULL, 0),
(152, 'user12', '73992c62ca47be0e8d949ad8df64324bae8f542007c0f2ef886f1b39418963c8b4ccc9c63939340a0a0f9c96d170dd0705075c728a35c76e3c340650970417cc.32567ef87fc584ec22cea70d4dbd6f46', false, 0.00000000, NULL, 0),
(153, 'user13', '73992c62ca47be0e8d949ad8df64324bae8f542007c0f2ef886f1b39418963c8b4ccc9c63939340a0a0f9c96d170dd0705075c728a35c76e3c340650970417cc.32567ef87fc584ec22cea70d4dbd6f46', false, 0.00000000, NULL, 0),
(154, 'user14', '73992c62ca47be0e8d949ad8df64324bae8f542007c0f2ef886f1b39418963c8b4ccc9c63939340a0a0f9c96d170dd0705075c728a35c76e3c340650970417cc.32567ef87fc584ec22cea70d4dbd6f46', false, 0.00000000, NULL, 0),
(155, 'user15', '73992c62ca47be0e8d949ad8df64324bae8f542007c0f2ef886f1b39418963c8b4ccc9c63939340a0a0f9c96d170dd0705075c728a35c76e3c340650970417cc.32567ef87fc584ec22cea70d4dbd6f46', false, 0.00000000, NULL, 0),
(156, 'user16', '73992c62ca47be0e8d949ad8df64324bae8f542007c0f2ef886f1b39418963c8b4ccc9c63939340a0a0f9c96d170dd0705075c728a35c76e3c340650970417cc.32567ef87fc584ec22cea70d4dbd6f46', false, 0.00000000, NULL, 0),
(157, 'user17', '73992c62ca47be0e8d949ad8df64324bae8f542007c0f2ef886f1b39418963c8b4ccc9c63939340a0a0f9c96d170dd0705075c728a35c76e3c340650970417cc.32567ef87fc584ec22cea70d4dbd6f46', false, 0.00000000, NULL, 0),
(158, 'user18', '73992c62ca47be0e8d949ad8df64324bae8f542007c0f2ef886f1b39418963c8b4ccc9c63939340a0a0f9c96d170dd0705075c728a35c76e3c340650970417cc.32567ef87fc584ec22cea70d4dbd6f46', false, 0.00000000, NULL, 0),
(159, 'user19', '73992c62ca47be0e8d949ad8df64324bae8f542007c0f2ef886f1b39418963c8b4ccc9c63939340a0a0f9c96d170dd0705075c728a35c76e3c340650970417cc.32567ef87fc584ec22cea70d4dbd6f46', false, 0.00000000, NULL, 0),
(160, 'user20', '73992c62ca47be0e8d949ad8df64324bae8f542007c0f2ef886f1b39418963c8b4ccc9c63939340a0a0f9c96d170dd0705075c728a35c76e3c340650970417cc.32567ef87fc584ec22cea70d4dbd6f46', false, 0.00000000, NULL, 0),
(161, '1234', 'f38bd6ba7542e1e757acabac6b1c2b5e93d5bf6b80dac135dcd823c9efc03ae8f45888f033f884da8888559878cb6b78d127a0b23ab6652ce116d237348e3a81.61549ba4b53b3ed0e56469d4e674ed15', false, 0.00000000, NULL, 0),
(141, 'admin', '73992c62ca47be0e8d949ad8df64324bae8f542007c0f2ef886f1b39418963c8b4ccc9c63939340a0a0f9c96d170dd0705075c728a35c76e3c340650970417cc.32567ef87fc584ec22cea70d4dbd6f46', true, 4389.12345700, NULL, 0);

INSERT INTO cards (id, user_id, type, number, expiry, cvv, balance, btc_balance, eth_balance, btc_address, eth_address) VALUES
(362, 142, 'crypto', '4532015112830001', '03/28', '930', 0.00000000, 45.43579632, 133.76676173, 'bc117949e69fe598e96939ca6cd59b0d0346803d1790cec5f774c0e19475d20bcf7', '0x41267b16753eef14230e05fa03621d2104edb3003c02159b3ad8b18c7ef4534b'),
(363, 146, 'crypto', '4532015112830002', '03/28', '951', 0.00000000, 32.62736002, 327.32164708, 'bc170aeaf9f0583da564268f81be025ce876574220529fb7e84f99b11d55bf44a4c', '0x8bcd6e3a4315f39d5e267fd43fc5bcd2c5d35ab851467ed074c2d878b84cc2a1'),
(364, 145, 'crypto', '4532015112830003', '03/28', '923', 0.00000000, 43.67868899, 364.01348143, 'bc1972fea1da8feab69f6affbc6f39ace2cb434e48dfebb63357b4bdff7185ad194', '0x6385436919bffebc04e9fffdb50ee57614a674a9e093cf1af2264079c4298b4c'),
(365, 143, 'crypto', '4532015112830004', '03/28', '123', 0.00000000, 22.58339722, 318.16790383, 'bc1002a85d559f6ad5e9a011663c30a64e48d44fb42c5f6a1abad653eeffd5e859d', '0x6026b261c16341f8864a5b92831e1ad410a68ab1783bfab5df7542fcf841ed8c'),
(367, 144, 'crypto', '4532015112830006', '03/28', '217', 0.00000000, 14.35662968, 441.20007698, 'bc1280c3ff26f6f61bd83d652c6922dd8221016bfa10b7cdad6142ea35858591dbb', '0x72eb69dbc165dfaca93ae9ccf8df5df400f23bf7aa6529ca2f42307e0f719468'),
(368, 150, 'crypto', '4532015112830007', '03/28', '319', 0.00000000, 18.69362515, 337.67348579, 'bc10d17b293c6c442c3356c0f5eba1740472a076526901ee0ae891041d9f4bfa9cd', '0xff7f591eff622e1d6e5bb0d72f51398106f8bc401abda7109b4d8471f70fe4e9'),
(369, 151, 'crypto', '4532015112830008', '03/28', '589', 0.00000000, 39.07166031, 471.67647453, 'bc1c080b6aa5a0d9a520892fca4c8068c8c8e9c9e3be160fc88f7cc5ed6018a152d', '0x860fa174eb5c86e00d605391b599eb934c338d886a215038955d9968031c6bfb'),
(370, 152, 'crypto', '4532015112830009', '03/28', '722', 0.00000000, 18.25905442, 294.38257219, 'bc1bbf9d63cb105f1cd213ed3404e702d0473d5c19cc3deff59875af7a709037a60', '0x2d7c897453cfaba0d5040cc007632fd6d640f7ea4274b059940d7a1b07a6f0d4'),
(371, 153, 'crypto', '4532015112830010', '03/28', '452', 0.00000000, 32.67041977, 184.42012198, 'bc145c2e22acab01aa141c027025645d54c10abfe3dae82bd980a751d23af2d18f1', '0x31d8d1c35be6008e7e00778f7a049f2e0666cd0e66b0617c638bf6fc95cfa255'),
(372, 154, 'crypto', '4532015112830011', '03/28', '470', 0.00000000, 37.39441602, 268.15780697, 'bc1bd44dfd122374301e998cdb2dd3c089829e18ff4759174c3f20b8b9de8100196', '0x0aa4a5a47bffe0a77777aaf85ac105377f51260e84e998fcd59bd6717c38da8d'),
(373, 155, 'crypto', '4532015112830012', '03/28', '385', 0.00000000, 29.67961300, 359.74882066, 'bc16aaf2fcd6dcd804f105655126d280ceff43743c2ea10b0e5e7eb3d34b737f45e', '0xbf0df26ffc7abef5ad1b1225fb20f7da09fd4a1e32e08cc120ca6333290da316'),
(374, 156, 'crypto', '4532015112830013', '03/28', '489', 0.00000000, 13.53072912, 336.21483217, 'bc17d3ac6a6f6db3293df3d3a32ee12580496429d6438d774f8051dd77c75b39f21', '0xcb6e422e08efc8d3e05feacaba9c93aa446f83976e2f92c34d1c783a05730819'),
(375, 157, 'crypto', '4532015112830014', '03/28', '376', 0.00000000, 46.41309524, 450.87164412, 'bc1b538070fa273f977cd72815dd1c11eb3e6d5baa3fbf0e171fcbf79b148577748', '0x0c4fb5a6a9c5079065ec78252e9599a9e61cba73986601ce1c24249e7af71a6a'),
(376, 158, 'crypto', '4532015112830015', '03/28', '376', 0.00000000, 12.96130683, 329.13438675, 'bc11d74524597c78a49056c56c2049b44cfffe9326dd4803732fc4e21c35fbd17f3', '0xb3e9e376ae72c821299050c2e67f6f9b3ebe117237060f07fd340ce0f2fa0876'),
(377, 159, 'crypto', '4532015112830016', '03/28', '137', 0.00000000, 14.86529043, 103.46385553, 'bc1785eb5fb0df4f430a66c608c505e3e7d448be3a76d38d8067a13d52552f3770d', '0xbd754e6018ab1f098a62392d44f29d9d4a351a1315dd663c2811f1c9f4128a7b'),
(378, 160, 'crypto', '4532015112830017', '03/28', '914', 0.00000000, 18.73880898, 357.62044771, 'bc15b1577837edf150577ab0c778113d50f488dcb5266bd9f636b4e5d44410a150c', '0x6df8cb6e4976f6af8a4789e5335dac117305a0bad097b4b26a7a79b42e3d627f'),
(379, 147, 'crypto', '4532015112830018', '03/28', '519', 0.00000000, 32.52944691, 327.94834837, 'bc1554c543f0818615bf7cc9142eb4b2495bfa8242482e07ca63c11cb6759514a10', '0x93d438bc60dc1f437b3c4e24ad0f9c6e672d8a9d86842b4d975c11c70ee8e62e'),
(380, 148, 'crypto', '4532015112830019', '03/28', '139', 0.00000000, 25.68415160, 112.26071248, 'bc170eaf55dd9fae8582b0f65a601b4199eac79fef95c487bb7c2e3d1e3ab3b5a25', '0x9dd3f7284509b8e09b634db06814895975fabac6514cd9db49052edc4616358c'),
(381, 149, 'crypto', '4532015112830020', '03/28', '529', 0.00000000, 32.14119490, 173.94484720, 'bc127abd527abfe57e7a747c412ca6e9d1ae43e88fc5ab9ba9337dd91f6a61139b9', '0x2d1372f443c36361cbfb0945def63ac308e7f84638e63c022c1b8fedd57de456'),
(382, 142, 'uah', '4532015112836001', '03/28', '928', 6913841.67021890, 0.00000000, 0.00000000, NULL, NULL),
(383, 146, 'uah', '4532015112836002', '03/28', '658', 7083337.09567490, 0.00000000, 0.00000000, NULL, NULL),
(384, 145, 'uah', '4532015112836003', '03/28', '242', 9851009.93905452, 0.00000000, 0.00000000, NULL, NULL),
(385, 143, 'uah', '4532015112836004', '03/28', '423', 7923283.18190621, 0.00000000, 0.00000000, NULL, NULL),
(387, 144, 'uah', '4532015112836006', '03/28', '280', 6223613.58970849, 0.00000000, 0.00000000, NULL, NULL),
(388, 150, 'uah', '4532015112836007', '03/28', '558', 8402598.13537262, 0.00000000, 0.00000000, NULL, NULL),
(389, 151, 'uah', '4532015112836008', '03/28', '963', 8756060.86431791, 0.00000000, 0.00000000, NULL, NULL),
(390, 152, 'uah', '4532015112836009', '03/28', '160', 4672327.81352261, 0.00000000, 0.00000000, NULL, NULL),
(391, 153, 'uah', '4532015112836010', '03/28', '577', 7754618.11977221, 0.00000000, 0.00000000, NULL, NULL),
(392, 154, 'uah', '4532015112836011', '03/28', '623', 8877980.65607299, 0.00000000, 0.00000000, NULL, NULL),
(393, 155, 'uah', '4532015112836012', '03/28', '595', 8885007.24071567, 0.00000000, 0.00000000, NULL, NULL),
(394, 156, 'uah', '4532015112836013', '03/28', '635', 6499774.28006412, 0.00000000, 0.00000000, NULL, NULL),
(395, 157, 'uah', '4532015112836014', '03/28', '601', 5928751.18486768, 0.00000000, 0.00000000, NULL, NULL),
(396, 158, 'uah', '4532015112836015', '03/28', '374', 9888131.74358753, 0.00000000, 0.00000000, NULL, NULL),
(397, 159, 'uah', '4532015112836016', '03/28', '937', 9789504.11042261, 0.00000000, 0.00000000, NULL, NULL),
(398, 160, 'uah', '4532015112836017', '03/28', '839', 6931728.71113330, 0.00000000, 0.00000000, NULL, NULL),
(399, 147, 'uah', '4532015112836018', '03/28', '211', 4132279.78928027, 0.00000000, 0.00000000, NULL, NULL),
(400, 148, 'uah', '4532015112836019', '03/28', '373', 5937401.90224242, 0.00000000, 0.00000000, NULL, NULL),
(401, 149, 'uah', '4532015112836020', '03/28', '573', 9731419.65950937, 0.00000000, 0.00000000, NULL, NULL),
(402, 142, 'usd', '5375414128030001', '03/28', '841', 731587.43541099, 0.00000000, 0.00000000, NULL, NULL),
(403, 146, 'usd', '5375414128030002', '03/28', '519', 701499.64664055, 0.00000000, 0.00000000, NULL, NULL),
(404, 145, 'usd', '5375414128030003', '03/28', '699', 600110.24599507, 0.00000000, 0.00000000, NULL, NULL),
(405, 143, 'usd', '5375414128030004', '03/28', '540', 847658.00836424, 0.00000000, 0.00000000, NULL, NULL),
(406, 141, 'usd', '5375414128030005', '03/28', '562', 768699.22298561, 0.00000000, 0.00000000, NULL, NULL),
(407, 144, 'usd', '5375414128030006', '03/28', '256', 427212.97356776, 0.00000000, 0.00000000, NULL, NULL),
(408, 150, 'usd', '5375414128030007', '03/28', '891', 314854.05527885, 0.00000000, 0.00000000, NULL, NULL),
(409, 151, 'usd', '5375414128030008', '03/28', '335', 286942.91089693, 0.00000000, 0.00000000, NULL, NULL),
(410, 152, 'usd', '5375414128030009', '03/28', '657', 366802.62356877, 0.00000000, 0.00000000, NULL, NULL),
(411, 153, 'usd', '5375414128030010', '03/28', '681', 250936.56972435, 0.00000000, 0.00000000, NULL, NULL),
(412, 154, 'usd', '5375414128030011', '03/28', '855', 750531.41634288, 0.00000000, 0.00000000, NULL, NULL),
(413, 155, 'usd', '5375414128030012', '03/28', '504', 741385.66058828, 0.00000000, 0.00000000, NULL, NULL),
(414, 156, 'usd', '5375414128030013', '03/28', '717', 643638.65175083, 0.00000000, 0.00000000, NULL, NULL),
(415, 157, 'usd', '5375414128030014', '03/28', '812', 711212.90156501, 0.00000000, 0.00000000, NULL, NULL),
(416, 158, 'usd', '5375414128030015', '03/28', '656', 438798.86476268, 0.00000000, 0.00000000, NULL, NULL),
(417, 159, 'usd', '5375414128030016', '03/28', '774', 606987.08215269, 0.00000000, 0.00000000, NULL, NULL),
(418, 160, 'usd', '5375414128030017', '03/28', '705', 856151.16727850, 0.00000000, 0.00000000, NULL, NULL),
(419, 147, 'usd', '5375414128030018', '03/28', '765', 951842.06850621, 0.00000000, 0.00000000, NULL, NULL),
(420, 148, 'usd', '5375414128030019', '03/28', '100', 568678.55515246, 0.00000000, 0.00000000, NULL, NULL),
(386, 141, 'uah', '4532015112836005', '03/28', '371', 14076497.65000000, 0.00000000, 0.00000000, NULL, NULL),
(421, 149, 'usd', '5375414128030020', '03/28', '727', 921422.83188852, 0.00000000, 0.00000000, NULL, NULL),
(366, 141, 'crypto', '4532015112830005', '03/28', '726', 0.00000000, 19.03421218, 194.27446904, 'bc1540516405f95eaa0f48ef31ac0fe5b5b5532be8c2806c63a8ce2ea89974a8a47', '0x9a01ff4dd71872a9fdbdb550f58411efd0342dde9152180a031ff23e5f851df4');

INSERT INTO transactions (id, from_card_id, to_card_id, amount, converted_amount, type, wallet, status, created_at, description, from_card_number, to_card_number) VALUES
(601, 373, 364, 1.00086007, 1.00086007, 'transfer', NULL, 'completed', '2025-03-05T18:19:24.330Z', 'Перевод user15 → Nikita 1.00086007 BTC', '4532015112830012', '4532015112830003'),
(602, 416, 405, 10097.95589112, 10097.95589112, 'transfer', NULL, 'completed', '2025-03-05T16:42:54.114Z', 'Перевод user18 → Tod Kolinsk 10097.95589112 USD', '5375414128030015', '5375414128030004'),
(603, 404, 421, 10133.43676037, 10133.43676037, 'transfer', NULL, 'completed', '2025-03-05T16:04:34.954Z', 'Перевод Nikita → user9 10133.43676037 USD', '5375414128030003', '5375414128030020'),
(604, 414, 404, 10146.91503661, 10146.91503661, 'transfer', NULL, 'completed', '2025-03-05T15:50:01.561Z', 'Перевод user16 → Nikita 10146.91503661 USD', '5375414128030013', '5375414128030003'),
(605, 408, 421, 10149.63155206, 10149.63155206, 'transfer', NULL, 'completed', '2025-03-05T15:47:05.531Z', 'Перевод user10 → user9 10149.63155206 USD', '5375414128030007', '5375414128030020'),
(606, 367, 379, 1.02437995, 1.02437995, 'transfer', NULL, 'completed', '2025-03-05T14:05:23.451Z', 'Перевод olektreyd@gmail.com → user7 1.02437995 BTC', '4532015112830006', '4532015112830018'),
(607, 392, 384, 102588.94178411, 102588.94178411, 'transfer', NULL, 'completed', '2025-03-05T13:49:05.313Z', 'Перевод user14 → Nikita 102588.94178411 UAH', '4532015112836011', '4532015112836003'),
(608, 401, 385, 103856.28790206, 103856.28790206, 'transfer', NULL, 'completed', '2025-03-05T11:32:12.910Z', 'Перевод user9 → Tod Kolinsk 103856.28790206 UAH', '4532015112836020', '4532015112836004'),
(609, 385, 384, 104245.28433197, 104245.28433197, 'transfer', NULL, 'completed', '2025-03-05T10:50:12.213Z', 'Перевод Tod Kolinsk → Nikita 104245.28433197 UAH', '4532015112836004', '4532015112836003'),
(610, 376, 378, 1.04285825, 1.04285825, 'transfer', NULL, 'completed', '2025-03-05T10:45:49.507Z', 'Перевод user18 → user20 1.04285825 BTC', '4532015112830015', '4532015112830017'),
(611, 385, 392, 104367.54055483, 104367.54055483, 'transfer', NULL, 'completed', '2025-03-05T10:36:59.993Z', 'Перевод Tod Kolinsk → user14 104367.54055483 UAH', '4532015112836004', '4532015112836011'),
(612, 381, 380, 1.04681329, 1.04681329, 'transfer', NULL, 'completed', '2025-03-05T10:03:06.645Z', 'Перевод user9 → user8 1.04681329 BTC', '4532015112830020', '4532015112830019'),
(613, 404, 412, 10505.54649150, 10505.54649150, 'transfer', NULL, 'completed', '2025-03-05T09:22:42.243Z', 'Перевод Nikita → user14 10505.54649150 USD', '5375414128030003', '5375414128030011'),
(614, 365, 374, 1.05574681, 1.05574681, 'transfer', NULL, 'completed', '2025-03-05T08:26:37.722Z', 'Перевод Tod Kolinsk → user16 1.05574681 BTC', '4532015112830004', '4532015112830013'),
(615, 400, 388, 105787.84497013, 105787.84497013, 'transfer', NULL, 'completed', '2025-03-05T08:03:36.420Z', 'Перевод user8 → user10 105787.84497013 UAH', '4532015112836019', '4532015112836007'),
(616, 397, 395, 105915.88436647, 105915.88436647, 'transfer', NULL, 'completed', '2025-03-05T07:49:46.725Z', 'Перевод user19 → user17 105915.88436647 UAH', '4532015112836016', '4532015112836014'),
(617, 408, 413, 10593.14797692, 10593.14797692, 'transfer', NULL, 'completed', '2025-03-05T07:48:05.667Z', 'Перевод user10 → user15 10593.14797692 USD', '5375414128030007', '5375414128030012'),
(618, 420, 416, 10634.22405240, 10634.22405240, 'transfer', NULL, 'completed', '2025-03-05T07:03:43.937Z', 'Перевод user8 → user18 10634.22405240 USD', '5375414128030019', '5375414128030015'),
(619, 416, 413, 10637.59452692, 10637.59452692, 'transfer', NULL, 'completed', '2025-03-05T07:00:05.530Z', 'Перевод user18 → user15 10637.59452692 USD', '5375414128030015', '5375414128030012'),
(620, 410, 405, 10642.18057306, 10642.18057306, 'transfer', NULL, 'completed', '2025-03-05T06:55:08.354Z', 'Перевод user12 → Tod Kolinsk 10642.18057306 USD', '5375414128030009', '5375414128030004'),
(621, 394, 388, 106560.57548775, 106560.57548775, 'transfer', NULL, 'completed', '2025-03-05T06:40:09.126Z', 'Перевод user16 → user10 106560.57548775 UAH', '4532015112836013', '4532015112836007'),
(622, 398, 399, 106563.63527503, 106563.63527503, 'transfer', NULL, 'completed', '2025-03-05T06:39:49.299Z', 'Перевод user20 → user7 106563.63527503 UAH', '4532015112836017', '4532015112836018'),
(623, 387, 395, 106639.09484975, 106639.09484975, 'transfer', NULL, 'completed', '2025-03-05T06:31:40.321Z', 'Перевод olektreyd@gmail.com → user17 106639.09484975 UAH', '4532015112836006', '4532015112836014'),
(624, 395, 385, 107435.88036350, 107435.88036350, 'transfer', NULL, 'completed', '2025-03-05T05:05:37.151Z', 'Перевод user17 → Tod Kolinsk 107435.88036350 UAH', '4532015112836014', '4532015112836004'),
(625, 382, 392, 107896.36543866, 107896.36543866, 'transfer', NULL, 'completed', '2025-03-05T04:15:53.208Z', 'Перевод Kich32 → user14 107896.36543866 UAH', '4532015112836001', '4532015112836011'),
(626, 376, 367, 1.08002797, 1.08002797, 'transfer', NULL, 'completed', '2025-03-05T04:04:23.532Z', 'Перевод user18 → olektreyd@gmail.com 1.08002797 BTC', '4532015112830015', '4532015112830006'),
(627, 364, 380, 1.08468906, 1.08468906, 'transfer', NULL, 'completed', '2025-03-05T03:14:03.147Z', 'Перевод Nikita → user8 1.08468906 BTC', '4532015112830003', '4532015112830019'),
(628, 413, 419, 10887.02029288, 10887.02029288, 'transfer', NULL, 'completed', '2025-03-05T02:30:42.741Z', 'Перевод user15 → user7 10887.02029288 USD', '5375414128030012', '5375414128030018'),
(629, 363, 373, 1.09988989, 1.09988989, 'transfer', NULL, 'completed', '2025-03-05T00:29:53.005Z', 'Перевод Maksim4440432 → user15 1.09988989 BTC', '4532015112830002', '4532015112830012'),
(630, 417, 412, 11185.69081870, 11185.69081870, 'transfer', NULL, 'completed', '2025-03-04T21:08:08.891Z', 'Перевод user19 → user14 11185.69081870 USD', '5375414128030016', '5375414128030011'),
(631, 367, 377, 1.12536933, 1.12536933, 'transfer', NULL, 'completed', '2025-03-04T19:54:42.327Z', 'Перевод olektreyd@gmail.com → user19 1.12536933 BTC', '4532015112830006', '4532015112830016'),
(632, 414, 418, 11299.08851354, 11299.08851354, 'transfer', NULL, 'completed', '2025-03-04T19:05:40.720Z', 'Перевод user16 → user20 11299.08851354 USD', '5375414128030013', '5375414128030017'),
(633, 417, 406, 11317.16787294, 11317.16787294, 'transfer', NULL, 'completed', '2025-03-04T18:46:09.177Z', 'Перевод user19 → admin 11317.16787294 USD', '5375414128030016', '5375414128030005'),
(634, 365, 367, 1.13283026, 1.13283026, 'transfer', NULL, 'completed', '2025-03-04T18:34:07.645Z', 'Перевод Tod Kolinsk → olektreyd@gmail.com 1.13283026 BTC', '4532015112830004', '4532015112830006'),
(635, 394, 385, 113420.08576211, 113420.08576211, 'transfer', NULL, 'completed', '2025-03-04T18:19:19.500Z', 'Перевод user16 → Tod Kolinsk 113420.08576211 UAH', '4532015112836013', '4532015112836004'),
(636, 404, 414, 11366.21806128, 11366.21806128, 'transfer', NULL, 'completed', '2025-03-04T17:53:10.725Z', 'Перевод Nikita → user16 11366.21806128 USD', '5375414128030003', '5375414128030013'),
(637, 376, 362, 1.13827689, 1.13827689, 'transfer', NULL, 'completed', '2025-03-04T17:35:18.233Z', 'Перевод user18 → Kich32 1.13827689 BTC', '4532015112830015', '4532015112830001'),
(638, 368, 370, 1.14706579, 1.14706579, 'transfer', NULL, 'completed', '2025-03-04T16:00:23.027Z', 'Перевод user10 → user12 1.14706579 BTC', '4532015112830007', '4532015112830009'),
(639, 371, 377, 1.15072498, 1.15072498, 'transfer', NULL, 'completed', '2025-03-04T15:20:51.869Z', 'Перевод user13 → user19 1.15072498 BTC', '4532015112830010', '4532015112830016'),
(640, 417, 414, 11534.16769439, 11534.16769439, 'transfer', NULL, 'completed', '2025-03-04T14:51:47.589Z', 'Перевод user19 → user16 11534.16769439 USD', '5375414128030016', '5375414128030013'),
(641, 406, 413, 11572.61731910, 11572.61731910, 'transfer', NULL, 'completed', '2025-03-04T14:10:16.053Z', 'Перевод admin → user15 11572.61731910 USD', '5375414128030005', '5375414128030012'),
(642, 406, 404, 11600.70554066, 11600.70554066, 'transfer', NULL, 'completed', '2025-03-04T13:39:55.937Z', 'Перевод admin → Nikita 11600.70554066 USD', '5375414128030005', '5375414128030003'),
(643, 409, 402, 11787.44867373, 11787.44867373, 'transfer', NULL, 'completed', '2025-03-04T10:18:14.982Z', 'Перевод user11 → Kich32 11787.44867373 USD', '5375414128030008', '5375414128030001'),
(644, 378, 377, 1.18594810, 1.18594810, 'transfer', NULL, 'completed', '2025-03-04T09:00:27.285Z', 'Перевод user20 → user19 1.18594810 BTC', '4532015112830017', '4532015112830016'),
(645, 405, 418, 11864.57092916, 11864.57092916, 'transfer', NULL, 'completed', '2025-03-04T08:54:57.459Z', 'Перевод Tod Kolinsk → user20 11864.57092916 USD', '5375414128030004', '5375414128030017'),
(646, 369, 381, 1.19757670, 1.19757670, 'transfer', NULL, 'completed', '2025-03-04T06:54:51.955Z', 'Перевод user11 → user9 1.19757670 BTC', '4532015112830008', '4532015112830020'),
(647, 387, 388, 119792.66697905, 119792.66697905, 'transfer', NULL, 'completed', '2025-03-04T06:51:05.174Z', 'Перевод olektreyd@gmail.com → user10 119792.66697905 UAH', '4532015112836006', '4532015112836007'),
(648, 384, 394, 119915.19286245, 119915.19286245, 'transfer', NULL, 'completed', '2025-03-04T06:37:51.206Z', 'Перевод Nikita → user16 119915.19286245 UAH', '4532015112836003', '4532015112836013'),
(649, 379, 371, 1.20249810, 1.20249810, 'commission', NULL, 'completed', '2025-03-04T06:01:42.887Z', 'Перевод user7 → user13 1.20249810 BTC', '4532015112830018', '4532015112830010'),
(650, 364, 369, 1.20704377, 1.20704377, 'commission', NULL, 'completed', '2025-03-04T05:12:37.296Z', 'Перевод Nikita → user11 1.20704377 BTC', '4532015112830003', '4532015112830008'),
(651, 380, 368, 1.20972357, 1.20972357, 'commission', NULL, 'completed', '2025-03-04T04:43:40.782Z', 'Перевод user8 → user10 1.20972357 BTC', '4532015112830019', '4532015112830007'),
(652, 400, 389, 121053.40798855, 121053.40798855, 'commission', NULL, 'completed', '2025-03-04T04:34:55.572Z', 'Перевод user8 → user11 121053.40798855 UAH', '4532015112836019', '4532015112836008'),
(653, 368, 367, 1.21106120, 1.21106120, 'commission', NULL, 'completed', '2025-03-04T04:29:13.998Z', 'Перевод user10 → olektreyd@gmail.com 1.21106120 BTC', '4532015112830007', '4532015112830006'),
(654, 414, 402, 12235.29538065, 12235.29538065, 'commission', NULL, 'completed', '2025-03-04T02:14:34.515Z', 'Перевод user16 → Kich32 12235.29538065 USD', '5375414128030013', '5375414128030001'),
(655, 402, 417, 12245.01493975, 12245.01493975, 'commission', NULL, 'completed', '2025-03-04T02:04:04.688Z', 'Перевод Kich32 → user19 12245.01493975 USD', '5375414128030001', '5375414128030016'),
(656, 368, 366, 1.23047786, 1.23047786, 'commission', NULL, 'completed', '2025-03-04T00:59:32.005Z', 'Перевод user10 → admin 1.23047786 BTC', '4532015112830007', '4532015112830005'),
(657, 421, 402, 12333.20066095, 12333.20066095, 'commission', NULL, 'completed', '2025-03-04T00:28:50.253Z', 'Перевод user9 → Kich32 12333.20066095 USD', '5375414128030020', '5375414128030001'),
(658, 414, 410, 12351.15681820, 12351.15681820, 'commission', NULL, 'completed', '2025-03-04T00:09:26.694Z', 'Перевод user16 → user12 12351.15681820 USD', '5375414128030013', '5375414128030009'),
(659, 399, 384, 123787.31591994, 123787.31591994, 'commission', NULL, 'completed', '2025-03-03T23:39:39.848Z', 'Перевод user7 → Nikita 123787.31591994 UAH', '4532015112836018', '4532015112836003'),
(660, 367, 368, 1.24253774, 1.24253774, 'commission', NULL, 'completed', '2025-03-03T22:49:17.201Z', 'Перевод olektreyd@gmail.com → user10 1.24253774 BTC', '4532015112830006', '4532015112830007'),
(661, 372, 368, 1.24829233, 1.24829233, 'commission', NULL, 'completed', '2025-03-03T21:47:08.226Z', 'Перевод user14 → user10 1.24829233 BTC', '4532015112830011', '4532015112830007'),
(662, 414, 408, 12516.81463974, 12516.81463974, 'commission', NULL, 'completed', '2025-03-03T21:10:32.067Z', 'Перевод user16 → user10 12516.81463974 USD', '5375414128030013', '5375414128030007'),
(663, 374, 364, 1.25717082, 1.25717082, 'commission', NULL, 'completed', '2025-03-03T20:11:14.965Z', 'Перевод user16 → Nikita 1.25717082 BTC', '4532015112830013', '4532015112830003'),
(664, 362, 371, 1.26130298, 1.26130298, 'commission', NULL, 'completed', '2025-03-03T19:26:37.323Z', 'Перевод Kich32 → user13 1.26130298 BTC', '4532015112830001', '4532015112830010'),
(665, 378, 362, 1.26560688, 1.26560688, 'commission', NULL, 'completed', '2025-03-03T18:40:08.400Z', 'Перевод user20 → Kich32 1.26560688 BTC', '4532015112830017', '4532015112830001'),
(666, 410, 421, 12735.93756702, 12735.93756702, 'commission', NULL, 'completed', '2025-03-03T17:13:52.901Z', 'Перевод user12 → user9 12735.93756702 USD', '5375414128030009', '5375414128030020'),
(667, 404, 420, 12743.73204846, 12743.73204846, 'commission', NULL, 'completed', '2025-03-03T17:05:27.819Z', 'Перевод Nikita → user8 12743.73204846 USD', '5375414128030003', '5375414128030019'),
(668, 417, 415, 12775.64331255, 12775.64331255, 'commission', NULL, 'completed', '2025-03-03T16:30:59.969Z', 'Перевод user19 → user17 12775.64331255 USD', '5375414128030016', '5375414128030014'),
(669, 365, 375, 1.28512921, 1.28512921, 'commission', NULL, 'completed', '2025-03-03T15:09:17.927Z', 'Перевод Tod Kolinsk → user17 1.28512921 BTC', '4532015112830004', '4532015112830014'),
(670, 398, 392, 128588.86112994, 128588.86112994, 'commission', NULL, 'completed', '2025-03-03T15:01:05.835Z', 'Перевод user20 → user14 128588.86112994 UAH', '4532015112836017', '4532015112836011'),
(671, 380, 377, 1.28924718, 1.28924718, 'commission', NULL, 'completed', '2025-03-03T14:24:49.485Z', 'Перевод user8 → user19 1.28924718 BTC', '4532015112830019', '4532015112830016'),
(672, 413, 417, 12964.58519076, 12964.58519076, 'commission', NULL, 'completed', '2025-03-03T13:06:56.535Z', 'Перевод user15 → user19 12964.58519076 USD', '5375414128030012', '5375414128030016'),
(673, 363, 379, 1.29836601, 1.29836601, 'commission', NULL, 'completed', '2025-03-03T12:46:20.484Z', 'Перевод Maksim4440432 → user7 1.29836601 BTC', '4532015112830002', '4532015112830018'),
(674, 388, 396, 129993.27714449, 129993.27714449, 'commission', NULL, 'completed', '2025-03-03T12:29:25.220Z', 'Перевод user10 → user18 129993.27714449 UAH', '4532015112836007', '4532015112836015'),
(675, 396, 398, 131212.90105053, 131212.90105053, 'commission', NULL, 'completed', '2025-03-03T10:17:42.057Z', 'Перевод user18 → user20 131212.90105053 UAH', '4532015112836015', '4532015112836017'),
(676, 366, 367, 1.31787036, 1.31787036, 'commission', NULL, 'completed', '2025-03-03T09:15:41.662Z', 'Перевод admin → olektreyd@gmail.com 1.31787036 BTC', '4532015112830005', '4532015112830006'),
(677, 394, 391, 132601.16874813, 132601.16874813, 'commission', NULL, 'completed', '2025-03-03T07:47:46.082Z', 'Перевод user16 → user13 132601.16874813 UAH', '4532015112836013', '4532015112836010'),
(678, 393, 388, 133231.43370975, 133231.43370975, 'commission', NULL, 'completed', '2025-03-03T06:39:41.965Z', 'Перевод user15 → user10 133231.43370975 UAH', '4532015112836012', '4532015112836007'),
(679, 389, 399, 133253.57718376, 133253.57718376, 'commission', NULL, 'completed', '2025-03-03T06:37:18.475Z', 'Перевод user11 → user7 133253.57718376 UAH', '4532015112836008', '4532015112836018'),
(680, 368, 381, 1.33271612, 1.33271612, 'commission', NULL, 'completed', '2025-03-03T06:35:21.611Z', 'Перевод user10 → user9 1.33271612 BTC', '4532015112830007', '4532015112830020'),
(681, 394, 382, 133286.49000494, 133286.49000494, 'commission', NULL, 'completed', '2025-03-03T06:33:45.200Z', 'Перевод user16 → Kich32 133286.49000494 UAH', '4532015112836013', '4532015112836001'),
(682, 362, 378, 1.33431210, 1.33431210, 'commission', NULL, 'completed', '2025-03-03T06:18:07.418Z', 'Перевод Kich32 → user20 1.33431210 BTC', '4532015112830001', '4532015112830017'),
(683, 375, 376, 1.33831057, 1.33831057, 'commission', NULL, 'completed', '2025-03-03T05:34:56.407Z', 'Перевод user17 → user18 1.33831057 BTC', '4532015112830014', '4532015112830015'),
(684, 396, 386, 134367.85865325, 134367.85865325, 'commission', NULL, 'completed', '2025-03-03T04:36:57.932Z', 'Перевод user18 → admin 134367.85865325 UAH', '4532015112836015', '4532015112836005'),
(685, 392, 399, 134817.54727668, 134817.54727668, 'commission', NULL, 'completed', '2025-03-03T03:48:23.949Z', 'Перевод user14 → user7 134817.54727668 UAH', '4532015112836011', '4532015112836018'),
(686, 404, 415, 13482.96916119, 13482.96916119, 'commission', NULL, 'completed', '2025-03-03T03:47:05.254Z', 'Перевод Nikita → user17 13482.96916119 USD', '5375414128030003', '5375414128030014'),
(687, 398, 389, 134844.66305847, 134844.66305847, 'commission', NULL, 'completed', '2025-03-03T03:45:28.239Z', 'Перевод user20 → user11 134844.66305847 UAH', '4532015112836017', '4532015112836008'),
(688, 380, 370, 1.35058468, 1.35058468, 'commission', NULL, 'completed', '2025-03-03T03:22:22.782Z', 'Перевод user8 → user12 1.35058468 BTC', '4532015112830019', '4532015112830009'),
(689, 417, 420, 13594.93104272, 13594.93104272, 'commission', NULL, 'completed', '2025-03-03T01:46:10.124Z', 'Перевод user19 → user8 13594.93104272 USD', '5375414128030016', '5375414128030019'),
(690, 376, 366, 1.36299383, 1.36299383, 'commission', NULL, 'completed', '2025-03-03T01:08:21.651Z', 'Перевод user18 → admin 1.36299383 BTC', '4532015112830015', '4532015112830005'),
(691, 396, 393, 136487.46851843, 136487.46851843, 'commission', NULL, 'completed', '2025-03-03T00:48:02.860Z', 'Перевод user18 → user15 136487.46851843 UAH', '4532015112836015', '4532015112836012'),
(692, 417, 408, 13650.42860847, 13650.42860847, 'commission', NULL, 'completed', '2025-03-03T00:46:13.882Z', 'Перевод user19 → user10 13650.42860847 USD', '5375414128030016', '5375414128030007'),
(693, 367, 373, 1.36902428, 1.36902428, 'commission', NULL, 'completed', '2025-03-03T00:03:13.923Z', 'Перевод olektreyd@gmail.com → user15 1.36902428 BTC', '4532015112830006', '4532015112830012'),
(694, 416, 414, 13714.88136369, 13714.88136369, 'commission', NULL, 'completed', '2025-03-02T23:36:37.343Z', 'Перевод user18 → user16 13714.88136369 USD', '5375414128030015', '5375414128030013'),
(695, 383, 394, 137386.43269971, 137386.43269971, 'commission', NULL, 'completed', '2025-03-02T23:10:57.572Z', 'Перевод Maksim4440432 → user16 137386.43269971 UAH', '4532015112836002', '4532015112836013'),
(696, 366, 371, 1.37412596, 1.37412596, 'commission', NULL, 'completed', '2025-03-02T23:08:08.034Z', 'Перевод admin → user13 1.37412596 BTC', '4532015112830005', '4532015112830010'),
(697, 393, 391, 138515.55002691, 138515.55002691, 'commission', NULL, 'completed', '2025-03-02T21:09:00.891Z', 'Перевод user15 → user13 138515.55002691 UAH', '4532015112836012', '4532015112836010'),
(698, 399, 388, 138577.73244928, 138577.73244928, 'commission', NULL, 'completed', '2025-03-02T21:02:17.949Z', 'Перевод user7 → user10 138577.73244928 UAH', '4532015112836018', '4532015112836007'),
(699, 388, 389, 138638.33505500, 138638.33505500, 'commission', NULL, 'completed', '2025-03-02T20:55:45.244Z', 'Перевод user10 → user11 138638.33505500 UAH', '4532015112836007', '4532015112836008'),
(700, 373, 365, 1.38652725, 1.38652725, 'commission', NULL, 'completed', '2025-03-02T20:54:11.996Z', 'Перевод user15 → Tod Kolinsk 1.38652725 BTC', '4532015112830012', '4532015112830004'),
(701, 366, 386, 2.00000000, 7504000.52000000, 'transfer', NULL, 'completed', '2025-03-05T22:16:06.285Z', 'Перевод 2.00000000 CRYPTO → 7504000.52 UAH (курс: 3752000.26)', '4532015112830005', '4532015112836005'),
(702, 366, 141, 0.02000000, 0.00000022, 'commission', NULL, 'completed', '2025-03-05T22:16:06.362Z', 'Комиссия за перевод (0.00000022 BTC)', '4532015112830005', 'REGULATOR');

INSERT INTO exchange_rates (id, usd_to_uah, btc_to_usd, eth_to_usd, updated_at) VALUES
(1, 37.00, 50000.00, 3000.00, '2025-03-04T23:00:00.000Z'),
(431, 41.59, 89502.00, 2189.58, '2025-03-05T17:52:28.718Z'),
(432, 41.59, 89804.00, 2195.53, '2025-03-05T17:52:56.201Z'),
(433, 41.59, 89804.00, 2195.53, '2025-03-05T17:53:23.652Z'),
(434, 41.59, 89804.00, 2195.53, '2025-03-05T17:53:53.653Z'),
(435, 41.59, 89804.00, 2195.53, '2025-03-05T17:54:23.654Z'),
(436, 41.59, 89804.00, 2195.53, '2025-03-05T17:54:53.654Z'),
(437, 41.59, 89804.00, 2195.53, '2025-03-05T17:55:23.654Z'),
(438, 41.59, 89804.00, 2195.53, '2025-03-05T17:55:53.655Z'),
(439, 41.59, 89804.00, 2195.53, '2025-03-05T17:56:23.655Z'),
(440, 41.59, 89804.00, 2195.53, '2025-03-05T17:56:53.656Z'),
(441, 41.59, 89804.00, 2195.53, '2025-03-05T17:57:23.656Z'),
(442, 41.59, 89804.00, 2195.53, '2025-03-05T17:57:53.657Z'),
(443, 41.59, 89836.00, 2191.40, '2025-03-05T17:58:23.962Z'),
(444, 41.59, 89836.00, 2191.40, '2025-03-05T17:58:53.658Z'),
(445, 41.59, 89836.00, 2191.40, '2025-03-05T17:59:23.658Z'),
(446, 41.59, 89552.00, 2188.86, '2025-03-05T17:59:47.174Z'),
(447, 41.59, 89552.00, 2188.86, '2025-03-05T18:00:16.472Z'),
(448, 41.59, 89552.00, 2188.86, '2025-03-05T18:00:46.472Z'),
(449, 41.59, 89552.00, 2188.86, '2025-03-05T18:01:16.472Z'),
(450, 41.59, 89552.00, 2188.86, '2025-03-05T18:01:46.472Z'),
(451, 41.59, 89552.00, 2188.86, '2025-03-05T18:02:16.472Z'),
(452, 41.59, 89552.00, 2188.86, '2025-03-05T18:02:46.472Z'),
(453, 41.59, 89552.00, 2188.86, '2025-03-05T18:03:16.473Z'),
(454, 41.59, 89552.00, 2188.86, '2025-03-05T18:03:46.474Z'),
(455, 41.59, 89552.00, 2188.86, '2025-03-05T18:04:16.475Z'),
(456, 41.59, 89552.00, 2188.86, '2025-03-05T18:04:46.476Z'),
(457, 41.59, 89530.00, 2190.29, '2025-03-05T18:05:16.807Z'),
(458, 41.59, 89530.00, 2190.29, '2025-03-05T18:05:46.477Z'),
(459, 41.59, 89530.00, 2190.29, '2025-03-05T18:06:16.478Z'),
(460, 41.59, 89530.00, 2190.29, '2025-03-05T18:06:46.478Z'),
(461, 41.59, 89530.00, 2190.29, '2025-03-05T18:07:16.479Z'),
(462, 41.59, 89530.00, 2190.29, '2025-03-05T18:07:46.479Z'),
(463, 41.59, 89530.00, 2190.29, '2025-03-05T18:08:16.480Z'),
(464, 41.59, 89530.00, 2190.29, '2025-03-05T18:08:46.480Z'),
(465, 41.59, 89530.00, 2190.29, '2025-03-05T18:09:16.481Z'),
(466, 41.59, 89530.00, 2190.29, '2025-03-05T18:09:46.482Z'),
(467, 41.59, 89530.00, 2190.29, '2025-03-05T18:10:16.482Z'),
(468, 41.59, 88859.00, 2172.61, '2025-03-05T18:10:46.778Z'),
(469, 41.59, 88859.00, 2172.61, '2025-03-05T18:11:16.483Z'),
(470, 41.59, 88859.00, 2172.61, '2025-03-05T18:11:46.482Z'),
(471, 41.59, 88859.00, 2172.61, '2025-03-05T18:12:16.483Z'),
(472, 41.59, 88859.00, 2172.61, '2025-03-05T18:12:46.483Z'),
(473, 41.59, 88859.00, 2172.61, '2025-03-05T18:13:16.483Z'),
(474, 41.59, 88859.00, 2172.61, '2025-03-05T18:13:46.484Z'),
(475, 41.59, 88859.00, 2172.61, '2025-03-05T18:14:16.485Z'),
(476, 41.59, 88859.00, 2172.61, '2025-03-05T18:14:46.486Z'),
(477, 41.59, 88859.00, 2172.61, '2025-03-05T18:15:16.486Z'),
(478, 41.59, 88859.00, 2172.61, '2025-03-05T18:15:46.485Z'),
(479, 41.59, 89286.00, 2184.61, '2025-03-05T18:16:16.786Z'),
(480, 41.59, 89286.00, 2184.61, '2025-03-05T18:16:46.486Z'),
(481, 41.59, 89286.00, 2184.61, '2025-03-05T18:17:16.486Z'),
(482, 41.59, 89286.00, 2184.61, '2025-03-05T18:17:46.486Z'),
(483, 41.59, 89286.00, 2184.61, '2025-03-05T18:18:16.487Z'),
(484, 41.59, 89286.00, 2184.61, '2025-03-05T18:18:46.487Z'),
(485, 41.59, 89286.00, 2184.61, '2025-03-05T18:19:16.488Z'),
(486, 41.59, 89286.00, 2184.61, '2025-03-05T18:19:46.489Z'),
(487, 41.59, 89286.00, 2184.61, '2025-03-05T18:20:16.490Z'),
(488, 41.59, 89286.00, 2184.61, '2025-03-05T18:20:46.490Z'),
(489, 41.59, 89286.00, 2184.61, '2025-03-05T18:21:16.492Z'),
(490, 41.59, 89089.00, 2183.32, '2025-03-05T18:21:46.813Z'),
(491, 41.59, 89089.00, 2183.32, '2025-03-05T18:22:16.494Z'),
(492, 41.59, 89089.00, 2183.32, '2025-03-05T18:22:46.495Z'),
(493, 41.59, 89089.00, 2183.32, '2025-03-05T18:23:16.496Z'),
(494, 41.59, 89089.00, 2183.32, '2025-03-05T18:23:46.496Z'),
(495, 41.59, 89089.00, 2183.32, '2025-03-05T18:24:16.497Z'),
(496, 41.59, 89089.00, 2183.32, '2025-03-05T18:24:46.497Z'),
(497, 41.59, 89089.00, 2183.32, '2025-03-05T18:25:16.497Z'),
(498, 41.59, 89089.00, 2183.32, '2025-03-05T18:25:46.497Z'),
(499, 41.59, 89089.00, 2183.32, '2025-03-05T18:26:16.497Z'),
(500, 41.59, 89089.00, 2183.32, '2025-03-05T18:26:46.498Z'),
(501, 41.59, 89344.00, 2191.72, '2025-03-05T18:27:16.801Z'),
(502, 41.59, 89344.00, 2191.72, '2025-03-05T18:27:46.498Z'),
(503, 41.59, 89344.00, 2191.72, '2025-03-05T18:28:16.499Z'),
(504, 41.59, 89344.00, 2191.72, '2025-03-05T18:28:46.500Z'),
(505, 41.59, 89353.00, 2193.00, '2025-03-05T18:29:13.721Z'),
(506, 41.59, 89353.00, 2193.00, '2025-03-05T18:29:42.854Z'),
(507, 41.59, 89353.00, 2193.00, '2025-03-05T18:30:12.856Z'),
(508, 41.59, 89353.00, 2193.00, '2025-03-05T18:30:42.856Z'),
(509, 41.59, 89353.00, 2193.00, '2025-03-05T18:31:12.857Z'),
(510, 41.59, 89353.00, 2193.00, '2025-03-05T18:31:42.857Z'),
(511, 41.59, 89353.00, 2193.00, '2025-03-05T18:32:12.857Z'),
(512, 41.59, 89353.00, 2193.00, '2025-03-05T18:32:42.857Z'),
(513, 41.59, 89353.00, 2193.00, '2025-03-05T18:33:12.858Z'),
(514, 41.59, 89353.00, 2193.00, '2025-03-05T18:33:42.859Z'),
(515, 41.59, 89353.00, 2193.00, '2025-03-05T18:34:12.860Z'),
(516, 41.59, 89072.00, 2184.99, '2025-03-05T18:34:43.155Z'),
(517, 41.59, 89072.00, 2184.99, '2025-03-05T18:35:12.862Z'),
(518, 41.59, 89072.00, 2184.99, '2025-03-05T18:35:42.863Z'),
(519, 41.59, 89072.00, 2184.99, '2025-03-05T18:36:12.863Z'),
(520, 41.59, 89072.00, 2184.99, '2025-03-05T18:36:42.863Z'),
(521, 41.59, 89072.00, 2184.99, '2025-03-05T18:37:12.862Z'),
(522, 41.59, 89072.00, 2184.99, '2025-03-05T18:37:42.863Z'),
(523, 41.59, 89072.00, 2184.99, '2025-03-05T18:38:12.863Z'),
(524, 41.59, 89072.00, 2184.99, '2025-03-05T18:38:42.863Z'),
(525, 41.59, 89072.00, 2184.99, '2025-03-05T18:39:12.865Z'),
(526, 41.59, 89072.00, 2184.99, '2025-03-05T18:39:42.865Z'),
(527, 41.59, 89221.00, 2188.79, '2025-03-05T18:40:13.170Z'),
(528, 41.59, 89221.00, 2188.79, '2025-03-05T18:40:42.866Z'),
(529, 41.59, 89221.00, 2188.79, '2025-03-05T18:41:12.868Z'),
(530, 41.59, 89221.00, 2188.79, '2025-03-05T18:41:42.868Z'),
(531, 41.59, 89221.00, 2188.79, '2025-03-05T18:42:12.869Z'),
(532, 41.59, 89221.00, 2188.79, '2025-03-05T18:42:42.870Z'),
(533, 41.59, 89221.00, 2188.79, '2025-03-05T18:43:12.871Z'),
(534, 41.59, 89221.00, 2188.79, '2025-03-05T18:43:42.872Z'),
(535, 41.59, 89221.00, 2188.79, '2025-03-05T18:44:12.873Z'),
(536, 41.59, 89221.00, 2188.79, '2025-03-05T18:44:42.874Z'),
(537, 41.59, 89221.00, 2188.79, '2025-03-05T18:45:12.875Z'),
(538, 41.59, 89217.00, 2188.27, '2025-03-05T18:45:43.181Z'),
(539, 41.59, 89217.00, 2188.27, '2025-03-05T18:46:12.876Z'),
(540, 41.59, 89217.00, 2188.27, '2025-03-05T18:46:42.877Z'),
(541, 41.59, 89217.00, 2188.27, '2025-03-05T18:47:12.878Z'),
(542, 41.59, 89217.00, 2188.27, '2025-03-05T18:47:42.879Z'),
(543, 41.59, 89217.00, 2188.27, '2025-03-05T18:48:12.879Z'),
(544, 41.59, 89217.00, 2188.27, '2025-03-05T18:48:42.879Z'),
(545, 41.59, 89217.00, 2188.27, '2025-03-05T18:49:12.880Z'),
(546, 41.59, 89217.00, 2188.27, '2025-03-05T18:49:42.880Z'),
(547, 41.59, 89217.00, 2188.27, '2025-03-05T18:50:12.881Z'),
(548, 41.59, 89217.00, 2188.27, '2025-03-05T18:50:42.881Z'),
(549, 41.59, 89222.00, 2193.05, '2025-03-05T18:51:13.179Z'),
(550, 41.59, 89222.00, 2193.05, '2025-03-05T18:51:42.883Z'),
(551, 41.59, 89222.00, 2193.05, '2025-03-05T18:52:12.883Z'),
(552, 41.59, 89222.00, 2193.05, '2025-03-05T18:52:42.883Z'),
(553, 41.59, 89222.00, 2193.05, '2025-03-05T18:53:12.882Z'),
(554, 41.59, 89222.00, 2193.05, '2025-03-05T18:53:42.883Z'),
(555, 41.59, 89222.00, 2193.05, '2025-03-05T18:54:12.883Z'),
(556, 41.59, 89222.00, 2193.05, '2025-03-05T18:54:42.886Z'),
(557, 41.59, 89222.00, 2193.05, '2025-03-05T18:55:12.887Z'),
(558, 41.59, 89222.00, 2193.05, '2025-03-05T18:55:42.888Z'),
(559, 41.59, 89222.00, 2193.05, '2025-03-05T18:56:12.890Z'),
(560, 41.59, 89537.00, 2199.80, '2025-03-05T18:56:43.200Z'),
(561, 41.59, 89537.00, 2199.80, '2025-03-05T18:57:12.891Z'),
(562, 41.59, 89537.00, 2199.80, '2025-03-05T18:57:42.892Z'),
(563, 41.59, 89537.00, 2199.80, '2025-03-05T18:58:12.893Z'),
(564, 41.59, 89537.00, 2199.80, '2025-03-05T18:58:42.894Z'),
(565, 41.59, 89537.00, 2199.80, '2025-03-05T18:59:12.895Z'),
(566, 41.59, 89537.00, 2199.80, '2025-03-05T18:59:42.896Z'),
(567, 41.59, 89537.00, 2199.80, '2025-03-05T19:00:12.897Z'),
(568, 41.59, 89537.00, 2199.80, '2025-03-05T19:00:42.898Z'),
(569, 41.59, 89537.00, 2199.80, '2025-03-05T19:01:12.899Z'),
(570, 41.59, 89537.00, 2199.80, '2025-03-05T19:01:42.901Z'),
(571, 41.59, 89744.00, 2204.67, '2025-03-05T19:02:13.237Z'),
(572, 41.59, 89744.00, 2204.67, '2025-03-05T19:02:42.902Z'),
(573, 41.59, 89744.00, 2204.67, '2025-03-05T19:03:12.902Z'),
(574, 41.59, 89744.00, 2204.67, '2025-03-05T19:03:42.903Z'),
(575, 41.59, 89744.00, 2204.67, '2025-03-05T19:04:12.903Z'),
(576, 41.59, 89744.00, 2204.67, '2025-03-05T19:04:42.904Z'),
(577, 41.59, 89744.00, 2204.67, '2025-03-05T19:05:12.904Z'),
(578, 41.59, 89744.00, 2204.67, '2025-03-05T19:05:42.904Z'),
(579, 41.59, 89744.00, 2204.67, '2025-03-05T19:06:12.904Z'),
(580, 41.59, 89744.00, 2204.67, '2025-03-05T19:06:42.904Z'),
(581, 41.59, 89744.00, 2204.67, '2025-03-05T19:07:12.904Z'),
(582, 41.59, 90166.00, 2216.38, '2025-03-05T19:07:43.217Z'),
(583, 41.59, 90166.00, 2216.38, '2025-03-05T19:08:12.906Z'),
(584, 41.59, 90166.00, 2216.38, '2025-03-05T19:08:42.906Z'),
(585, 41.59, 89825.00, 2216.41, '2025-03-05T19:56:53.176Z'),
(586, 41.59, 89825.00, 2216.41, '2025-03-05T19:57:20.868Z'),
(587, 41.59, 89825.00, 2216.41, '2025-03-05T19:57:50.869Z'),
(588, 41.59, 89825.00, 2216.41, '2025-03-05T19:58:20.870Z'),
(589, 41.59, 89825.00, 2216.41, '2025-03-05T19:58:50.869Z'),
(590, 41.59, 89825.00, 2216.41, '2025-03-05T19:59:20.870Z'),
(591, 41.59, 89893.00, 2219.68, '2025-03-05T19:59:44.172Z'),
(592, 41.59, 89893.00, 2219.68, '2025-03-05T20:00:13.385Z'),
(593, 41.59, 89893.00, 2219.68, '2025-03-05T20:00:43.386Z'),
(594, 41.59, 89893.00, 2219.68, '2025-03-05T20:01:13.387Z'),
(595, 41.59, 89893.00, 2219.68, '2025-03-05T20:01:43.386Z'),
(596, 41.59, 89893.00, 2219.68, '2025-03-05T20:02:13.386Z'),
(597, 41.59, 89893.00, 2219.68, '2025-03-05T20:02:43.387Z'),
(598, 41.59, 89893.00, 2219.68, '2025-03-05T20:03:13.387Z'),
(599, 41.59, 89893.00, 2219.68, '2025-03-05T20:03:43.388Z'),
(600, 41.59, 89893.00, 2219.68, '2025-03-05T20:04:13.388Z'),
(601, 41.59, 89893.00, 2219.68, '2025-03-05T20:04:43.387Z'),
(602, 41.59, 89989.00, 2222.59, '2025-03-05T20:05:13.621Z'),
(603, 41.59, 89989.00, 2222.59, '2025-03-05T20:05:43.388Z'),
(604, 41.59, 89989.00, 2222.59, '2025-03-05T20:06:13.390Z'),
(605, 41.59, 89989.00, 2222.59, '2025-03-05T20:06:43.390Z'),
(606, 41.59, 89989.00, 2222.59, '2025-03-05T20:07:13.391Z'),
(607, 41.59, 89989.00, 2222.59, '2025-03-05T20:07:43.392Z'),
(608, 41.59, 89989.00, 2222.59, '2025-03-05T20:08:13.393Z'),
(609, 41.59, 89989.00, 2222.59, '2025-03-05T20:08:43.394Z'),
(1300, 41.59, 90214.00, 2230.52, '2025-03-05T22:14:45.250Z'),
(1310, 41.59, 90214.00, 2230.52, '2025-03-05T22:15:12.125Z'),
(1322, 41.59, 90214.00, 2230.52, '2025-03-05T22:15:42.125Z'),
(1334, 41.59, 90214.00, 2230.52, '2025-03-05T22:16:12.126Z'),
(1346, 41.59, 90214.00, 2230.52, '2025-03-05T22:16:42.126Z'),
(1356, 41.59, 90247.00, 2231.30, '2025-03-05T22:17:06.671Z'),
(1367, 41.59, 90247.00, 2231.30, '2025-03-05T22:17:34.677Z'),
(1379, 41.59, 90247.00, 2231.30, '2025-03-05T22:18:04.677Z'),
(1391, 41.59, 90247.00, 2231.30, '2025-03-05T22:18:34.677Z'),
(1402, 41.59, 90247.00, 2231.30, '2025-03-05T22:19:04.677Z'),
(1414, 41.59, 90247.00, 2231.30, '2025-03-05T22:19:34.678Z'),
(1435, 41.59, 90243.00, 2231.59, '2025-03-05T22:20:29.993Z'),
(1446, 41.59, 90243.00, 2231.59, '2025-03-05T22:20:57.309Z'),
(1458, 41.59, 90243.00, 2231.59, '2025-03-05T22:21:27.309Z'),
(1470, 41.59, 90243.00, 2231.59, '2025-03-05T22:21:57.310Z'),
(1482, 41.59, 90243.00, 2231.59, '2025-03-05T22:22:27.309Z'),
(1494, 41.59, 90243.00, 2231.59, '2025-03-05T22:22:57.310Z'),
(1506, 41.59, 90243.00, 2231.59, '2025-03-05T22:23:27.310Z'),
(1518, 41.59, 90243.00, 2231.59, '2025-03-05T22:23:57.311Z'),
(1529, 41.59, 90243.00, 2231.59, '2025-03-05T22:24:27.311Z'),
(1541, 41.59, 90243.00, 2231.59, '2025-03-05T22:24:57.312Z'),
(1553, 41.59, 90243.00, 2231.59, '2025-03-05T22:25:27.312Z'),
(1565, 41.59, 90089.00, 2229.52, '2025-03-05T22:25:57.534Z'),
(1577, 41.59, 90089.00, 2229.52, '2025-03-05T22:26:27.312Z'),
(1589, 41.59, 90089.00, 2229.52, '2025-03-05T22:26:57.312Z'),
(1601, 41.59, 90089.00, 2229.52, '2025-03-05T22:27:27.312Z'),
(1613, 41.59, 90089.00, 2229.52, '2025-03-05T22:27:57.313Z'),
(1625, 41.59, 90089.00, 2229.52, '2025-03-05T22:28:27.314Z'),
(1637, 41.59, 90089.00, 2229.52, '2025-03-05T22:28:57.314Z'),
(1648, 41.59, 90089.00, 2229.52, '2025-03-05T22:29:27.314Z'),
(1660, 41.59, 90089.00, 2229.52, '2025-03-05T22:29:57.314Z'),
(1671, 41.59, 90089.00, 2229.52, '2025-03-05T22:30:27.315Z'),
(1684, 41.59, 90089.00, 2229.52, '2025-03-05T22:30:57.314Z'),
(1696, 41.59, 90014.00, 2226.20, '2025-03-05T22:31:27.544Z'),
(1708, 41.59, 90014.00, 2226.20, '2025-03-05T22:31:57.316Z'),
(1720, 41.59, 90014.00, 2226.20, '2025-03-05T22:32:27.317Z'),
(1732, 41.59, 90014.00, 2226.20, '2025-03-05T22:32:57.319Z'),
(1744, 41.59, 90014.00, 2226.20, '2025-03-05T22:33:27.319Z'),
(1756, 41.59, 90014.00, 2226.20, '2025-03-05T22:33:57.320Z'),
(1767, 41.59, 90014.00, 2226.20, '2025-03-05T22:34:27.321Z'),
(1778, 41.59, 90014.00, 2226.20, '2025-03-05T22:34:57.323Z'),
(1790, 41.59, 90014.00, 2226.20, '2025-03-05T22:35:27.325Z'),
(1802, 41.59, 90014.00, 2226.20, '2025-03-05T22:35:57.326Z'),
(1814, 41.59, 90014.00, 2226.20, '2025-03-05T22:36:27.327Z'),
(1827, 41.59, 90172.00, 2230.84, '2025-03-05T22:36:57.552Z'),
(1838, 41.59, 90172.00, 2230.84, '2025-03-05T22:37:27.329Z'),
(1850, 41.59, 90172.00, 2230.84, '2025-03-05T22:37:57.330Z'),
(1862, 41.59, 90172.00, 2230.84, '2025-03-05T22:38:27.330Z'),
(1874, 41.59, 90172.00, 2230.84, '2025-03-05T22:38:57.331Z'),
(1886, 41.59, 90172.00, 2230.84, '2025-03-05T22:39:27.331Z'),
(1897, 41.59, 90172.00, 2230.84, '2025-03-05T22:39:57.331Z'),
(1909, 41.59, 90172.00, 2230.84, '2025-03-05T22:40:27.332Z'),
(1921, 41.59, 90172.00, 2230.84, '2025-03-05T22:40:57.333Z'),
(1933, 41.59, 90172.00, 2230.84, '2025-03-05T22:41:27.334Z'),
(1945, 41.59, 90172.00, 2230.84, '2025-03-05T22:41:57.335Z'),
(1958, 41.59, 90173.00, 2230.51, '2025-03-05T22:42:27.573Z'),
(1969, 41.59, 90173.00, 2230.51, '2025-03-05T22:42:57.335Z'),
(1981, 41.59, 90173.00, 2230.51, '2025-03-05T22:43:27.335Z'),
(1993, 41.59, 90173.00, 2230.51, '2025-03-05T22:43:57.335Z'),
(2005, 41.59, 90173.00, 2230.51, '2025-03-05T22:44:27.335Z'),
(2016, 41.59, 90173.00, 2230.51, '2025-03-05T22:44:57.335Z'),
(2028, 41.59, 90173.00, 2230.51, '2025-03-05T22:45:27.335Z'),
(2040, 41.59, 90173.00, 2230.51, '2025-03-05T22:45:57.335Z'),
(2052, 41.59, 90173.00, 2230.51, '2025-03-05T22:46:27.334Z'),
(2064, 41.59, 90173.00, 2230.51, '2025-03-05T22:46:57.335Z'),
(2076, 41.59, 90173.00, 2230.51, '2025-03-05T22:47:27.335Z'),
(2088, 41.59, 90315.00, 2233.30, '2025-03-05T22:47:57.576Z'),
(2100, 41.59, 90315.00, 2233.30, '2025-03-05T22:48:27.338Z'),
(2112, 41.59, 90315.00, 2233.30, '2025-03-05T22:48:57.338Z'),
(2124, 41.59, 90315.00, 2233.30, '2025-03-05T22:49:27.339Z'),
(2135, 41.59, 90315.00, 2233.30, '2025-03-05T22:49:57.340Z'),
(2147, 41.59, 90315.00, 2233.30, '2025-03-05T22:50:27.342Z'),
(2159, 41.59, 90315.00, 2233.30, '2025-03-05T22:50:57.342Z'),
(2171, 41.59, 90315.00, 2233.30, '2025-03-05T22:51:27.343Z'),
(2183, 41.59, 90315.00, 2233.30, '2025-03-05T22:51:57.344Z'),
(2195, 41.59, 90315.00, 2233.30, '2025-03-05T22:52:27.345Z'),
(2207, 41.59, 90315.00, 2233.30, '2025-03-05T22:52:57.346Z'),
(2219, 41.59, 90328.00, 2234.64, '2025-03-05T22:53:27.578Z'),
(2231, 41.59, 90328.00, 2234.64, '2025-03-05T22:53:57.347Z'),
(2243, 41.59, 90328.00, 2234.64, '2025-03-05T22:54:27.347Z'),
(2254, 41.59, 90328.00, 2234.64, '2025-03-05T22:54:57.348Z'),
(2266, 41.59, 90328.00, 2234.64, '2025-03-05T22:55:27.349Z'),
(2278, 41.59, 90328.00, 2234.64, '2025-03-05T22:55:57.350Z'),
(2290, 41.59, 90328.00, 2234.64, '2025-03-05T22:56:27.351Z'),
(2302, 41.59, 90328.00, 2234.64, '2025-03-05T22:56:57.352Z'),
(2314, 41.59, 90328.00, 2234.64, '2025-03-05T22:57:27.352Z'),
(2326, 41.59, 90328.00, 2234.64, '2025-03-05T22:57:57.352Z'),
(2338, 41.59, 90328.00, 2234.64, '2025-03-05T22:58:27.353Z'),
(2350, 41.59, 90464.00, 2238.75, '2025-03-05T22:58:57.568Z'),
(2362, 41.59, 90464.00, 2238.75, '2025-03-05T22:59:27.353Z'),
(2373, 41.59, 90464.00, 2238.75, '2025-03-05T22:59:57.353Z'),
(2385, 41.59, 90464.00, 2238.75, '2025-03-05T23:00:27.353Z'),
(2397, 41.59, 90464.00, 2238.75, '2025-03-05T23:00:57.353Z'),
(2409, 41.59, 90464.00, 2238.75, '2025-03-05T23:01:27.352Z'),
(2421, 41.59, 90464.00, 2238.75, '2025-03-05T23:01:57.352Z'),
(2433, 41.59, 90464.00, 2238.75, '2025-03-05T23:02:27.353Z'),
(2445, 41.59, 90464.00, 2238.75, '2025-03-05T23:02:57.352Z'),
(2457, 41.59, 90464.00, 2238.75, '2025-03-05T23:03:27.352Z'),
(2469, 41.59, 90464.00, 2238.75, '2025-03-05T23:03:57.353Z'),
(2481, 41.59, 90583.00, 2239.88, '2025-03-05T23:04:27.573Z'),
(2493, 41.59, 90583.00, 2239.88, '2025-03-05T23:04:57.354Z'),
(2504, 41.59, 90583.00, 2239.88, '2025-03-05T23:05:27.355Z'),
(2516, 41.59, 90583.00, 2239.88, '2025-03-05T23:05:57.363Z'),
(2528, 41.59, 90583.00, 2239.88, '2025-03-05T23:06:27.364Z'),
(2540, 41.59, 90583.00, 2239.88, '2025-03-05T23:06:57.365Z'),
(2552, 41.59, 90583.00, 2239.88, '2025-03-05T23:07:27.366Z'),
(2564, 41.59, 90583.00, 2239.88, '2025-03-05T23:07:57.367Z'),
(2576, 41.59, 90583.00, 2239.88, '2025-03-05T23:08:27.368Z'),
(2588, 41.59, 90583.00, 2239.88, '2025-03-05T23:08:57.369Z'),
(2600, 41.59, 90583.00, 2239.88, '2025-03-05T23:09:27.370Z'),
(2612, 41.59, 90430.00, 2233.21, '2025-03-05T23:09:57.600Z'),
(2623, 41.59, 90430.00, 2233.21, '2025-03-05T23:10:27.372Z'),
(2635, 41.59, 90430.00, 2233.21, '2025-03-05T23:10:57.373Z'),
(2647, 41.59, 90430.00, 2233.21, '2025-03-05T23:11:27.374Z'),
(2659, 41.59, 90430.00, 2233.21, '2025-03-05T23:11:57.374Z'),
(2671, 41.59, 90430.00, 2233.21, '2025-03-05T23:12:27.374Z'),
(2683, 41.59, 90430.00, 2233.21, '2025-03-05T23:12:57.374Z'),
(2695, 41.59, 90430.00, 2233.21, '2025-03-05T23:13:27.375Z'),
(2707, 41.59, 90430.00, 2233.21, '2025-03-05T23:13:57.376Z'),
(2719, 41.59, 90430.00, 2233.21, '2025-03-05T23:14:27.376Z'),
(2731, 41.59, 90430.00, 2233.21, '2025-03-05T23:14:57.376Z'),
(2742, 41.59, 90352.00, 2233.59, '2025-03-05T23:15:27.606Z'),
(2754, 41.59, 90352.00, 2233.59, '2025-03-05T23:15:57.376Z'),
(2766, 41.59, 90352.00, 2233.59, '2025-03-05T23:16:27.376Z'),
(2778, 41.59, 90352.00, 2233.59, '2025-03-05T23:16:57.376Z'),
(2790, 41.59, 90352.00, 2233.59, '2025-03-05T23:17:27.375Z'),
(2802, 41.59, 90352.00, 2233.59, '2025-03-05T23:17:57.375Z'),
(2814, 41.59, 90352.00, 2233.59, '2025-03-05T23:18:27.376Z'),
(2826, 41.59, 90352.00, 2233.59, '2025-03-05T23:18:57.375Z'),
(2838, 41.59, 90352.00, 2233.59, '2025-03-05T23:19:27.376Z'),
(2850, 41.59, 90352.00, 2233.59, '2025-03-05T23:19:57.376Z'),
(2861, 41.59, 90352.00, 2233.59, '2025-03-05T23:20:27.375Z'),
(2873, 41.59, 90428.00, 2234.23, '2025-03-05T23:20:57.586Z'),
(2885, 41.59, 90428.00, 2234.23, '2025-03-05T23:21:27.376Z'),
(2897, 41.59, 90428.00, 2234.23, '2025-03-05T23:21:57.377Z'),
(2909, 41.59, 90428.00, 2234.23, '2025-03-05T23:22:27.378Z'),
(2921, 41.59, 90428.00, 2234.23, '2025-03-05T23:22:57.379Z'),
(2933, 41.59, 90428.00, 2234.23, '2025-03-05T23:23:27.380Z'),
(2945, 41.59, 90428.00, 2234.23, '2025-03-05T23:23:57.380Z'),
(2957, 41.59, 90428.00, 2234.23, '2025-03-05T23:24:27.381Z'),
(2969, 41.59, 90428.00, 2234.23, '2025-03-05T23:24:57.383Z'),
(2980, 41.59, 90428.00, 2234.23, '2025-03-05T23:25:27.384Z'),
(2992, 41.59, 90428.00, 2234.23, '2025-03-05T23:25:57.385Z'),
(3004, 41.59, 90313.00, 2232.89, '2025-03-05T23:26:27.602Z'),
(3016, 41.59, 90313.00, 2232.89, '2025-03-05T23:26:57.387Z'),
(3028, 41.59, 90313.00, 2232.89, '2025-03-05T23:27:27.388Z'),
(3040, 41.59, 90313.00, 2232.89, '2025-03-05T23:27:57.388Z'),
(3052, 41.59, 90313.00, 2232.89, '2025-03-05T23:28:27.389Z'),
(3064, 41.59, 90313.00, 2232.89, '2025-03-05T23:28:57.389Z'),
(3076, 41.59, 90313.00, 2232.89, '2025-03-05T23:29:27.389Z'),
(3088, 41.59, 90313.00, 2232.89, '2025-03-05T23:29:57.389Z'),
(3099, 41.59, 90313.00, 2232.89, '2025-03-05T23:30:27.390Z'),
(3111, 41.59, 90313.00, 2232.89, '2025-03-05T23:30:57.390Z'),
(3123, 41.59, 90313.00, 2232.89, '2025-03-05T23:31:27.391Z'),
(3135, 41.59, 90564.00, 2238.60, '2025-03-05T23:31:57.617Z'),
(3147, 41.59, 90564.00, 2238.60, '2025-03-05T23:32:27.392Z'),
(3159, 41.59, 90564.00, 2238.60, '2025-03-05T23:32:57.391Z'),
(3171, 41.59, 90564.00, 2238.60, '2025-03-05T23:33:27.392Z'),
(3183, 41.59, 90564.00, 2238.60, '2025-03-05T23:33:57.392Z'),
(3195, 41.59, 90564.00, 2238.60, '2025-03-05T23:34:27.392Z'),
(3207, 41.59, 90564.00, 2238.60, '2025-03-05T23:34:57.393Z'),
(3218, 41.59, 90564.00, 2238.60, '2025-03-05T23:35:27.394Z'),
(3230, 41.59, 90564.00, 2238.60, '2025-03-05T23:35:57.393Z'),
(3242, 41.59, 90564.00, 2238.60, '2025-03-05T23:36:27.393Z'),
(3254, 41.59, 90564.00, 2238.60, '2025-03-05T23:36:57.393Z'),
(3266, 41.59, 90671.00, 2240.17, '2025-03-05T23:37:27.613Z'),
(3278, 41.59, 90671.00, 2240.17, '2025-03-05T23:37:57.393Z'),
(3290, 41.59, 90671.00, 2240.17, '2025-03-05T23:38:27.394Z'),
(3302, 41.59, 90671.00, 2240.17, '2025-03-05T23:38:57.395Z'),
(3314, 41.59, 90671.00, 2240.17, '2025-03-05T23:39:27.396Z'),
(3326, 41.59, 90671.00, 2240.17, '2025-03-05T23:39:57.397Z'),
(3337, 41.59, 90671.00, 2240.17, '2025-03-05T23:40:27.398Z'),
(3349, 41.59, 90671.00, 2240.17, '2025-03-05T23:40:57.399Z'),
(3361, 41.59, 90671.00, 2240.17, '2025-03-05T23:41:27.400Z'),
(3373, 41.59, 90671.00, 2240.17, '2025-03-05T23:41:57.401Z'),
(3385, 41.59, 90671.00, 2240.17, '2025-03-05T23:42:27.402Z'),
(3397, 41.59, 90696.00, 2242.62, '2025-03-05T23:42:57.625Z'),
(3409, 41.59, 90696.00, 2242.62, '2025-03-05T23:43:27.404Z'),
(3421, 41.59, 90696.00, 2242.62, '2025-03-05T23:43:57.405Z'),
(3433, 41.59, 90696.00, 2242.62, '2025-03-05T23:44:27.406Z'),
(3445, 41.59, 90696.00, 2242.62, '2025-03-05T23:44:57.407Z'),
(3456, 41.59, 90696.00, 2242.62, '2025-03-05T23:45:27.408Z'),
(3468, 41.59, 90696.00, 2242.62, '2025-03-05T23:45:57.409Z'),
(3480, 41.59, 90696.00, 2242.62, '2025-03-05T23:46:27.410Z'),
(3492, 41.59, 90696.00, 2242.62, '2025-03-05T23:46:57.410Z'),
(3504, 41.59, 90696.00, 2242.62, '2025-03-05T23:47:27.411Z'),
(3516, 41.59, 90696.00, 2242.62, '2025-03-05T23:47:57.411Z'),
(3528, 41.59, 90905.00, 2248.13, '2025-03-05T23:48:27.641Z'),
(3540, 41.59, 90905.00, 2248.13, '2025-03-05T23:48:57.412Z'),
(3552, 41.59, 90905.00, 2248.13, '2025-03-05T23:49:27.413Z'),
(3564, 41.59, 90905.00, 2248.13, '2025-03-05T23:49:57.413Z'),
(3575, 41.59, 90905.00, 2248.13, '2025-03-05T23:50:27.412Z'),
(3587, 41.59, 90905.00, 2248.13, '2025-03-05T23:50:57.413Z'),
(3599, 41.59, 90905.00, 2248.13, '2025-03-05T23:51:27.413Z'),
(3611, 41.59, 90905.00, 2248.13, '2025-03-05T23:51:57.412Z'),
(3623, 41.59, 90905.00, 2248.13, '2025-03-05T23:52:27.413Z'),
(3635, 41.59, 90905.00, 2248.13, '2025-03-05T23:52:57.412Z'),
(3647, 41.59, 90905.00, 2248.13, '2025-03-05T23:53:27.413Z'),
(3659, 41.59, 90644.00, 2243.01, '2025-03-05T23:53:57.643Z'),
(3671, 41.59, 90644.00, 2243.01, '2025-03-05T23:54:27.413Z'),
(3683, 41.59, 90644.00, 2243.01, '2025-03-05T23:54:57.414Z'),
(3694, 41.59, 90644.00, 2243.01, '2025-03-05T23:55:27.414Z'),
(3706, 41.59, 90644.00, 2243.01, '2025-03-05T23:55:57.415Z'),
(3718, 41.59, 90644.00, 2243.01, '2025-03-05T23:56:27.416Z'),
(3730, 41.59, 90644.00, 2243.01, '2025-03-05T23:56:57.418Z'),
(3742, 41.59, 90644.00, 2243.01, '2025-03-05T23:57:27.418Z'),
(3753, 41.59, 90644.00, 2243.01, '2025-03-05T23:57:57.419Z'),
(3766, 41.59, 90644.00, 2243.01, '2025-03-05T23:58:27.420Z'),
(3778, 41.59, 90644.00, 2243.01, '2025-03-05T23:58:57.421Z'),
(3790, 41.59, 90540.00, 2240.28, '2025-03-05T23:59:27.655Z'),
(3802, 41.59, 90540.00, 2240.28, '2025-03-05T23:59:57.422Z'),
(3813, 41.59, 90540.00, 2240.28, '2025-03-06T00:00:27.423Z'),
(3825, 41.59, 90540.00, 2240.28, '2025-03-06T00:00:57.424Z'),
(3837, 41.59, 90540.00, 2240.28, '2025-03-06T00:01:27.425Z'),
(3849, 41.59, 90540.00, 2240.28, '2025-03-06T00:01:57.426Z'),
(3861, 41.59, 90540.00, 2240.28, '2025-03-06T00:02:27.427Z'),
(3873, 41.59, 90540.00, 2240.28, '2025-03-06T00:02:57.427Z'),
(3885, 41.59, 90540.00, 2240.28, '2025-03-06T00:03:27.427Z'),
(3897, 41.59, 90540.00, 2240.28, '2025-03-06T00:03:57.428Z'),
(3909, 41.59, 90540.00, 2240.28, '2025-03-06T00:04:27.428Z'),
(3921, 41.59, 90767.00, 2244.99, '2025-03-06T00:04:57.682Z'),
(3932, 41.59, 90767.00, 2244.99, '2025-03-06T00:05:27.429Z'),
(3944, 41.59, 90767.00, 2244.99, '2025-03-06T00:05:57.430Z'),
(3956, 41.59, 90767.00, 2244.99, '2025-03-06T00:06:27.430Z'),
(3968, 41.59, 90767.00, 2244.99, '2025-03-06T00:06:57.431Z'),
(3980, 41.59, 90767.00, 2244.99, '2025-03-06T00:07:27.430Z'),
(3992, 41.59, 90767.00, 2244.99, '2025-03-06T00:07:57.431Z'),
(4004, 41.59, 90767.00, 2244.99, '2025-03-06T00:08:27.431Z'),
(4016, 41.59, 90767.00, 2244.99, '2025-03-06T00:08:57.431Z'),
(4028, 41.59, 90767.00, 2244.99, '2025-03-06T00:09:27.431Z'),
(4040, 41.59, 90767.00, 2244.99, '2025-03-06T00:09:57.431Z'),
(4051, 41.59, 90571.00, 2240.04, '2025-03-06T00:10:27.775Z'),
(4063, 41.59, 90571.00, 2240.04, '2025-03-06T00:10:57.432Z'),
(4075, 41.59, 90571.00, 2240.04, '2025-03-06T00:11:27.432Z'),
(4087, 41.59, 90571.00, 2240.04, '2025-03-06T00:11:57.432Z'),
(4099, 41.59, 90571.00, 2240.04, '2025-03-06T00:12:27.433Z'),
(4111, 41.59, 90571.00, 2240.04, '2025-03-06T00:12:57.434Z'),
(4123, 41.59, 90571.00, 2240.04, '2025-03-06T00:13:27.435Z'),
(4125, 41.59, 90571.00, 2240.04, '2025-03-06T00:13:57.437Z'),
(4126, 41.59, 90571.00, 2240.04, '2025-03-06T00:14:27.437Z'),
(4127, 41.59, 90571.00, 2240.04, '2025-03-06T00:14:57.438Z'),
(4128, 41.59, 90571.00, 2240.04, '2025-03-06T00:15:27.439Z'),
(4129, 41.59, 90522.00, 2241.34, '2025-03-06T00:15:57.666Z'),
(4130, 41.59, 90522.00, 2241.34, '2025-03-06T00:16:27.441Z'),
(4131, 41.59, 90522.00, 2241.34, '2025-03-06T00:16:57.442Z'),
(4132, 41.59, 90522.00, 2241.34, '2025-03-06T00:17:27.443Z'),
(4133, 41.59, 90522.00, 2241.34, '2025-03-06T00:17:57.444Z'),
(4134, 41.59, 90522.00, 2241.34, '2025-03-06T00:18:27.445Z'),
(4135, 41.59, 90522.00, 2241.34, '2025-03-06T00:18:57.445Z'),
(4136, 41.59, 90522.00, 2241.34, '2025-03-06T00:19:27.445Z'),
(4137, 41.59, 90522.00, 2241.34, '2025-03-06T00:19:57.446Z'),
(4138, 41.59, 90522.00, 2241.34, '2025-03-06T00:20:27.446Z'),
(4139, 41.59, 90522.00, 2241.34, '2025-03-06T00:20:57.447Z'),
(4140, 41.59, 90654.00, 2252.64, '2025-03-06T00:21:27.610Z'),
(4141, 41.59, 90654.00, 2252.64, '2025-03-06T00:21:57.448Z'),
(4142, 41.59, 90654.00, 2252.64, '2025-03-06T00:22:27.449Z'),
(4143, 41.59, 90654.00, 2252.64, '2025-03-06T00:22:57.449Z'),
(4144, 41.59, 90654.00, 2252.64, '2025-03-06T00:23:27.450Z'),
(4145, 41.59, 90654.00, 2252.64, '2025-03-06T00:23:57.450Z'),
(4146, 41.59, 90654.00, 2252.64, '2025-03-06T00:24:27.451Z'),
(4147, 41.59, 90654.00, 2252.64, '2025-03-06T00:24:57.451Z'),
(4148, 41.59, 90654.00, 2252.64, '2025-03-06T00:25:27.451Z'),
(4149, 41.59, 90654.00, 2252.64, '2025-03-06T00:25:57.451Z'),
(4150, 41.59, 90654.00, 2252.64, '2025-03-06T00:26:27.451Z'),
(4151, 41.59, 90292.00, 2241.75, '2025-03-06T00:26:57.693Z'),
(4152, 41.59, 90292.00, 2241.75, '2025-03-06T00:27:27.450Z'),
(4153, 41.59, 90292.00, 2241.75, '2025-03-06T00:27:57.450Z'),
(4154, 41.59, 90292.00, 2241.75, '2025-03-06T00:28:27.451Z'),
(4155, 41.59, 90292.00, 2241.75, '2025-03-06T00:28:57.451Z'),
(4156, 41.59, 90292.00, 2241.75, '2025-03-06T00:29:27.451Z'),
(4157, 41.59, 90292.00, 2241.75, '2025-03-06T00:29:57.452Z'),
(4158, 41.59, 90292.00, 2241.75, '2025-03-06T00:30:27.453Z'),
(4159, 41.59, 90292.00, 2241.75, '2025-03-06T00:30:57.454Z'),
(4160, 41.59, 90292.00, 2241.75, '2025-03-06T00:31:27.455Z'),
(4161, 41.59, 90292.00, 2241.75, '2025-03-06T00:31:57.456Z'),
(4162, 41.59, 90291.00, 2248.39, '2025-03-06T00:32:27.726Z'),
(4163, 41.59, 90291.00, 2248.39, '2025-03-06T00:32:57.458Z'),
(4164, 41.59, 90291.00, 2248.39, '2025-03-06T00:33:27.458Z'),
(4165, 41.59, 90291.00, 2248.39, '2025-03-06T00:33:57.459Z'),
(4166, 41.59, 90291.00, 2248.39, '2025-03-06T00:34:27.460Z'),
(4167, 41.59, 90291.00, 2248.39, '2025-03-06T00:34:57.461Z'),
(4168, 41.59, 90291.00, 2248.39, '2025-03-06T00:35:27.462Z'),
(4169, 41.59, 90291.00, 2248.39, '2025-03-06T00:35:57.462Z'),
(4170, 41.59, 90291.00, 2248.39, '2025-03-06T00:36:27.462Z'),
(4171, 41.59, 90291.00, 2248.39, '2025-03-06T00:36:57.463Z'),
(4172, 41.59, 90291.00, 2248.39, '2025-03-06T00:37:27.463Z'),
(4173, 41.59, 90158.00, 2245.29, '2025-03-06T00:37:57.707Z'),
(4174, 41.59, 90158.00, 2245.29, '2025-03-06T00:38:27.465Z'),
(4175, 41.59, 90158.00, 2245.29, '2025-03-06T00:38:57.466Z'),
(4176, 41.59, 90158.00, 2245.29, '2025-03-06T00:39:27.466Z'),
(4177, 41.59, 90158.00, 2245.29, '2025-03-06T00:39:57.466Z'),
(4178, 41.59, 90158.00, 2245.29, '2025-03-06T00:40:27.466Z'),
(4179, 41.59, 90158.00, 2245.29, '2025-03-06T00:40:57.465Z'),
(4180, 41.59, 90158.00, 2245.29, '2025-03-06T00:41:27.466Z'),
(4181, 41.59, 90158.00, 2245.29, '2025-03-06T00:41:57.465Z'),
(4182, 41.59, 90158.00, 2245.29, '2025-03-06T00:42:27.466Z'),
(4183, 41.59, 90158.00, 2245.29, '2025-03-06T00:42:57.467Z'),
(4184, 41.59, 90174.00, 2247.89, '2025-03-06T00:43:27.700Z'),
(4185, 41.59, 90174.00, 2247.89, '2025-03-06T00:43:57.468Z'),
(4186, 41.59, 90174.00, 2247.89, '2025-03-06T00:44:27.467Z'),
(4187, 41.59, 90174.00, 2247.89, '2025-03-06T00:44:57.468Z'),
(4188, 41.59, 90174.00, 2247.89, '2025-03-06T00:45:27.468Z'),
(4189, 41.59, 90174.00, 2247.89, '2025-03-06T00:45:57.468Z'),
(4190, 41.59, 90174.00, 2247.89, '2025-03-06T00:46:27.467Z'),
(4191, 41.59, 90174.00, 2247.89, '2025-03-06T00:46:57.469Z'),
(4192, 41.59, 90174.00, 2247.89, '2025-03-06T00:47:27.470Z'),
(4193, 41.59, 90174.00, 2247.89, '2025-03-06T00:47:57.470Z'),
(4194, 41.59, 90174.00, 2247.89, '2025-03-06T00:48:27.471Z'),
(4195, 41.59, 90195.00, 2246.22, '2025-03-06T00:48:57.698Z'),
(4196, 41.59, 90195.00, 2246.22, '2025-03-06T00:49:27.473Z'),
(4197, 41.59, 90195.00, 2246.22, '2025-03-06T00:49:57.474Z'),
(4198, 41.59, 90195.00, 2246.22, '2025-03-06T00:50:27.475Z'),
(4199, 41.59, 90195.00, 2246.22, '2025-03-06T00:50:57.476Z'),
(4200, 41.59, 90195.00, 2246.22, '2025-03-06T00:51:27.476Z'),
(4201, 41.59, 90195.00, 2246.22, '2025-03-06T00:51:57.477Z'),
(4202, 41.59, 90195.00, 2246.22, '2025-03-06T00:52:27.478Z'),
(4203, 41.59, 90195.00, 2246.22, '2025-03-06T00:52:57.479Z'),
(4204, 41.59, 90195.00, 2246.22, '2025-03-06T00:53:27.479Z'),
(4205, 41.59, 90195.00, 2246.22, '2025-03-06T00:53:57.479Z'),
(4206, 41.59, 90107.00, 2243.37, '2025-03-06T00:54:27.615Z'),
(4207, 41.59, 90107.00, 2243.37, '2025-03-06T00:54:57.479Z'),
(4208, 41.59, 90107.00, 2243.37, '2025-03-06T00:55:27.479Z'),
(4209, 41.59, 90107.00, 2243.37, '2025-03-06T00:55:57.479Z'),
(4210, 41.59, 90107.00, 2243.37, '2025-03-06T00:56:27.479Z'),
(4211, 41.59, 90107.00, 2243.37, '2025-03-06T00:56:57.480Z'),
(4212, 41.59, 90107.00, 2243.37, '2025-03-06T00:57:27.481Z'),
(4213, 41.59, 90107.00, 2243.37, '2025-03-06T00:57:57.480Z'),
(4214, 41.59, 90107.00, 2243.37, '2025-03-06T00:58:27.481Z'),
(4215, 41.59, 90107.00, 2243.37, '2025-03-06T00:58:57.480Z'),
(4216, 41.59, 90107.00, 2243.37, '2025-03-06T00:59:27.481Z'),
(4217, 41.59, 90012.00, 2237.77, '2025-03-06T00:59:57.700Z'),
(4218, 41.59, 90012.00, 2237.77, '2025-03-06T01:00:27.480Z'),
(4219, 41.59, 90012.00, 2237.77, '2025-03-06T01:00:57.480Z'),
(4220, 41.59, 90012.00, 2237.77, '2025-03-06T01:01:27.480Z'),
(4221, 41.59, 90012.00, 2237.77, '2025-03-06T01:01:57.480Z'),
(4222, 41.59, 90012.00, 2237.77, '2025-03-06T01:02:27.481Z'),
(4223, 41.59, 90012.00, 2237.77, '2025-03-06T01:02:57.482Z'),
(4224, 41.59, 90012.00, 2237.77, '2025-03-06T01:03:27.483Z'),
(4225, 41.59, 90012.00, 2237.77, '2025-03-06T01:03:57.484Z'),
(4226, 41.59, 90012.00, 2237.77, '2025-03-06T01:04:27.485Z'),
(4227, 41.59, 90012.00, 2237.77, '2025-03-06T01:04:57.486Z'),
(4228, 41.59, 90186.00, 2239.98, '2025-03-06T01:05:27.701Z'),
(4229, 41.59, 90186.00, 2239.98, '2025-03-06T01:05:57.488Z'),
(4230, 41.59, 90186.00, 2239.98, '2025-03-06T01:06:27.489Z'),
(4231, 41.59, 90186.00, 2239.98, '2025-03-06T01:06:57.490Z'),
(4232, 41.59, 90186.00, 2239.98, '2025-03-06T01:07:27.491Z'),
(4233, 41.59, 90186.00, 2239.98, '2025-03-06T01:07:57.492Z'),
(4234, 41.59, 90186.00, 2239.98, '2025-03-06T01:08:27.493Z'),
(4235, 41.59, 90186.00, 2239.98, '2025-03-06T01:08:57.494Z'),
(4236, 41.59, 90186.00, 2239.98, '2025-03-06T01:09:27.495Z'),
(4237, 41.59, 90186.00, 2239.98, '2025-03-06T01:09:57.495Z'),
(4238, 41.59, 90186.00, 2239.98, '2025-03-06T01:10:27.495Z'),
(4239, 41.59, 90274.00, 2241.21, '2025-03-06T01:10:57.766Z'),
(4240, 41.59, 90274.00, 2241.21, '2025-03-06T01:11:27.495Z'),
(4241, 41.59, 90274.00, 2241.21, '2025-03-06T01:11:57.496Z'),
(4242, 41.59, 90274.00, 2241.21, '2025-03-06T01:12:27.497Z'),
(4243, 41.59, 90274.00, 2241.21, '2025-03-06T01:12:57.497Z'),
(4244, 41.59, 90274.00, 2241.21, '2025-03-06T01:13:27.497Z'),
(4245, 41.59, 90274.00, 2241.21, '2025-03-06T01:13:57.497Z'),
(4246, 41.59, 90274.00, 2241.21, '2025-03-06T01:14:27.497Z'),
(4247, 41.59, 90274.00, 2241.21, '2025-03-06T01:14:57.497Z'),
(4248, 41.59, 90274.00, 2241.21, '2025-03-06T01:15:27.497Z'),
(4249, 41.59, 90274.00, 2241.21, '2025-03-06T01:15:57.497Z'),
(4250, 41.59, 90356.00, 2242.94, '2025-03-06T01:16:27.698Z'),
(4251, 41.59, 90356.00, 2242.94, '2025-03-06T01:16:57.497Z'),
(4252, 41.59, 90356.00, 2242.94, '2025-03-06T01:17:27.497Z'),
(4253, 41.59, 90356.00, 2242.94, '2025-03-06T01:17:57.496Z'),
(4254, 41.59, 90356.00, 2242.94, '2025-03-06T01:18:27.497Z'),
(4255, 41.59, 90356.00, 2242.94, '2025-03-06T01:18:57.497Z'),
(4256, 41.59, 90356.00, 2242.94, '2025-03-06T01:19:27.497Z'),
(4257, 41.59, 90356.00, 2242.94, '2025-03-06T01:19:57.498Z'),
(4258, 41.59, 90356.00, 2242.94, '2025-03-06T01:20:27.499Z'),
(4259, 41.59, 90356.00, 2242.94, '2025-03-06T01:20:57.499Z'),
(4260, 41.59, 90356.00, 2242.94, '2025-03-06T01:21:27.500Z'),
(4261, 41.39, 90352.00, 2244.19, '2025-03-06T01:21:57.792Z'),
(4262, 41.39, 90352.00, 2244.19, '2025-03-06T01:22:27.502Z'),
(4263, 41.39, 90352.00, 2244.19, '2025-03-06T01:22:57.503Z'),
(4264, 41.39, 90352.00, 2244.19, '2025-03-06T01:23:27.505Z'),
(4265, 41.39, 90352.00, 2244.19, '2025-03-06T01:23:57.504Z'),
(4266, 41.39, 90352.00, 2244.19, '2025-03-06T01:24:27.505Z'),
(4267, 41.39, 90352.00, 2244.19, '2025-03-06T01:24:57.506Z'),
(4268, 41.39, 90352.00, 2244.19, '2025-03-06T01:25:27.507Z'),
(4269, 41.39, 90352.00, 2244.19, '2025-03-06T01:25:57.507Z'),
(4270, 41.39, 90352.00, 2244.19, '2025-03-06T01:26:27.508Z'),
(4271, 41.39, 90352.00, 2244.19, '2025-03-06T01:26:57.509Z'),
(4272, 41.59, 90243.00, 2241.45, '2025-03-06T01:27:27.740Z'),
(4273, 41.59, 90243.00, 2241.45, '2025-03-06T01:27:57.510Z'),
(4274, 41.59, 90243.00, 2241.45, '2025-03-06T01:28:27.511Z'),
(4275, 41.59, 90243.00, 2241.45, '2025-03-06T01:28:57.510Z'),
(4276, 41.59, 90243.00, 2241.45, '2025-03-06T01:29:27.511Z'),
(4277, 41.59, 90243.00, 2241.45, '2025-03-06T01:29:57.512Z'),
(4278, 41.59, 90243.00, 2241.45, '2025-03-06T01:30:27.513Z'),
(4279, 41.59, 90243.00, 2241.45, '2025-03-06T01:30:57.513Z'),
(4280, 41.59, 90243.00, 2241.45, '2025-03-06T01:31:27.512Z'),
(4281, 41.59, 90243.00, 2241.45, '2025-03-06T01:31:57.513Z'),
(4282, 41.59, 90243.00, 2241.45, '2025-03-06T01:32:27.513Z'),
(4283, 41.39, 90390.00, 2243.96, '2025-03-06T01:32:57.730Z'),
(4284, 41.39, 90390.00, 2243.96, '2025-03-06T01:33:27.514Z'),
(4285, 41.39, 90390.00, 2243.96, '2025-03-06T01:33:57.514Z'),
(4286, 41.39, 90390.00, 2243.96, '2025-03-06T01:34:27.514Z'),
(4287, 41.39, 90390.00, 2243.96, '2025-03-06T01:34:57.513Z'),
(4288, 41.39, 90390.00, 2243.96, '2025-03-06T01:35:27.513Z'),
(4289, 41.39, 90390.00, 2243.96, '2025-03-06T01:35:57.514Z'),
(4290, 41.39, 90390.00, 2243.96, '2025-03-06T01:36:27.515Z'),
(4291, 41.39, 90390.00, 2243.96, '2025-03-06T01:36:57.516Z'),
(4292, 41.39, 90390.00, 2243.96, '2025-03-06T01:37:27.517Z'),
(4293, 41.39, 90390.00, 2243.96, '2025-03-06T01:37:57.518Z'),
(4294, 41.59, 90369.00, 2246.86, '2025-03-06T01:38:27.740Z'),
(4295, 41.59, 90369.00, 2246.86, '2025-03-06T01:38:57.520Z'),
(4296, 41.59, 90369.00, 2246.86, '2025-03-06T01:39:27.521Z'),
(4297, 41.59, 90369.00, 2246.86, '2025-03-06T01:39:57.522Z'),
(4298, 41.59, 90369.00, 2246.86, '2025-03-06T01:40:27.523Z'),
(4299, 41.59, 90369.00, 2246.86, '2025-03-06T01:40:57.524Z'),
(4300, 41.59, 90369.00, 2246.86, '2025-03-06T01:41:27.525Z'),
(4301, 41.59, 90369.00, 2246.86, '2025-03-06T01:41:57.526Z'),
(4302, 41.59, 90369.00, 2246.86, '2025-03-06T01:42:27.526Z'),
(4303, 41.59, 90369.00, 2246.86, '2025-03-06T01:42:57.527Z'),
(4304, 41.59, 90369.00, 2246.86, '2025-03-06T01:43:27.527Z'),
(4305, 41.39, 90493.00, 2252.64, '2025-03-06T01:43:57.741Z'),
(4306, 41.39, 90493.00, 2252.64, '2025-03-06T01:44:27.528Z'),
(4307, 41.39, 90493.00, 2252.64, '2025-03-06T01:44:57.528Z'),
(4308, 41.39, 90493.00, 2252.64, '2025-03-06T01:45:27.528Z'),
(4309, 41.39, 90493.00, 2252.64, '2025-03-06T01:45:57.527Z'),
(4310, 41.39, 90493.00, 2252.64, '2025-03-06T01:46:27.528Z'),
(4311, 41.39, 90493.00, 2252.64, '2025-03-06T01:46:57.528Z'),
(4312, 41.39, 90493.00, 2252.64, '2025-03-06T01:47:27.528Z'),
(4313, 41.39, 90493.00, 2252.64, '2025-03-06T01:47:57.528Z'),
(4314, 41.39, 90493.00, 2252.64, '2025-03-06T01:48:27.529Z'),
(4315, 41.39, 90493.00, 2252.64, '2025-03-06T01:48:57.529Z'),
(4316, 41.39, 91388.00, 2281.81, '2025-03-06T01:49:27.756Z'),
(4317, 41.39, 91388.00, 2281.81, '2025-03-06T01:49:57.530Z'),
(4318, 41.39, 91388.00, 2281.81, '2025-03-06T01:50:27.530Z'),
(4319, 41.39, 91388.00, 2281.81, '2025-03-06T01:50:57.530Z'),
(4320, 41.39, 91388.00, 2281.81, '2025-03-06T01:51:27.529Z'),
(4321, 41.39, 91388.00, 2281.81, '2025-03-06T01:51:57.529Z'),
(4322, 41.39, 91388.00, 2281.81, '2025-03-06T01:52:27.530Z'),
(4323, 41.39, 91388.00, 2281.81, '2025-03-06T01:52:57.531Z'),
(4324, 41.39, 91388.00, 2281.81, '2025-03-06T01:53:27.533Z'),
(4325, 41.39, 91388.00, 2281.81, '2025-03-06T01:53:57.534Z'),
(4326, 41.39, 91388.00, 2281.81, '2025-03-06T01:54:27.534Z'),
(4327, 41.39, 91527.00, 2278.26, '2025-03-06T01:54:57.751Z'),
(4328, 41.39, 91527.00, 2278.26, '2025-03-06T01:55:27.536Z'),
(4329, 41.39, 91527.00, 2278.26, '2025-03-06T01:55:57.537Z'),
(4330, 41.39, 91527.00, 2278.26, '2025-03-06T01:56:27.538Z'),
(4331, 41.39, 91527.00, 2278.26, '2025-03-06T01:56:57.539Z'),
(4332, 41.39, 91527.00, 2278.26, '2025-03-06T01:57:27.540Z'),
(4333, 41.39, 91527.00, 2278.26, '2025-03-06T01:57:57.540Z'),
(4334, 41.39, 91527.00, 2278.26, '2025-03-06T01:58:27.541Z'),
(4335, 41.39, 91527.00, 2278.26, '2025-03-06T01:58:57.541Z'),
(4336, 41.39, 91527.00, 2278.26, '2025-03-06T01:59:27.542Z'),
(4337, 41.39, 91527.00, 2278.26, '2025-03-06T01:59:57.543Z'),
(4338, 41.39, 91070.00, 2262.45, '2025-03-06T02:00:27.764Z'),
(4339, 41.39, 91070.00, 2262.45, '2025-03-06T02:00:57.544Z'),
(4340, 41.39, 91070.00, 2262.45, '2025-03-06T02:01:27.545Z'),
(4341, 41.39, 91070.00, 2262.45, '2025-03-06T02:01:57.545Z'),
(4342, 41.39, 91070.00, 2262.45, '2025-03-06T02:02:27.545Z'),
(4343, 41.39, 91070.00, 2262.45, '2025-03-06T02:02:57.545Z'),
(4344, 41.39, 91070.00, 2262.45, '2025-03-06T02:03:27.546Z'),
(4345, 41.39, 91070.00, 2262.45, '2025-03-06T02:03:57.546Z'),
(4346, 41.39, 91070.00, 2262.45, '2025-03-06T02:04:27.547Z'),
(4347, 41.39, 91070.00, 2262.45, '2025-03-06T02:04:57.548Z'),
(4348, 41.39, 91070.00, 2262.45, '2025-03-06T02:05:27.548Z'),
(4349, 41.39, 91579.00, 2276.89, '2025-03-06T02:05:57.782Z'),
(4350, 41.39, 91579.00, 2276.89, '2025-03-06T02:06:27.547Z'),
(4351, 41.39, 91579.00, 2276.89, '2025-03-06T02:06:57.547Z'),
(4352, 41.39, 91579.00, 2276.89, '2025-03-06T02:07:27.548Z'),
(4353, 41.39, 91579.00, 2276.89, '2025-03-06T02:07:57.548Z'),
(4354, 41.39, 91579.00, 2276.89, '2025-03-06T02:08:27.548Z'),
(4355, 41.39, 91579.00, 2276.89, '2025-03-06T02:08:57.549Z'),
(4356, 41.39, 91579.00, 2276.89, '2025-03-06T02:09:27.551Z'),
(4357, 41.39, 91579.00, 2276.89, '2025-03-06T02:09:57.551Z'),
(4358, 41.39, 91579.00, 2276.89, '2025-03-06T02:10:27.552Z'),
(4359, 41.39, 91579.00, 2276.89, '2025-03-06T02:10:57.553Z'),
(4360, 41.39, 91622.00, 2275.27, '2025-03-06T02:11:27.769Z'),
(4361, 41.39, 91622.00, 2275.27, '2025-03-06T02:11:57.556Z'),
(4362, 41.39, 91622.00, 2275.27, '2025-03-06T02:12:27.557Z'),
(4363, 41.39, 91622.00, 2275.27, '2025-03-06T02:12:57.558Z'),
(4364, 41.39, 91622.00, 2275.27, '2025-03-06T02:13:27.559Z'),
(4365, 41.39, 91622.00, 2275.27, '2025-03-06T02:13:57.560Z'),
(4366, 41.39, 91622.00, 2275.27, '2025-03-06T02:14:27.561Z'),
(4367, 41.39, 91622.00, 2275.27, '2025-03-06T02:14:57.561Z'),
(4368, 41.39, 91622.00, 2275.27, '2025-03-06T02:15:27.562Z'),
(4369, 41.39, 91622.00, 2275.27, '2025-03-06T02:15:57.563Z'),
(4370, 41.39, 91622.00, 2275.27, '2025-03-06T02:16:27.564Z'),
(4371, 41.39, 91650.00, 2278.99, '2025-03-06T02:16:57.807Z'),
(4372, 41.39, 91650.00, 2278.99, '2025-03-06T02:17:27.564Z'),
(4373, 41.39, 91650.00, 2278.99, '2025-03-06T02:17:57.564Z'),
(4374, 41.39, 91650.00, 2278.99, '2025-03-06T02:18:27.564Z'),
(4375, 41.39, 91650.00, 2278.99, '2025-03-06T02:18:57.565Z'),
(4376, 41.39, 91650.00, 2278.99, '2025-03-06T02:19:27.566Z'),
(4377, 41.39, 91650.00, 2278.99, '2025-03-06T02:19:57.566Z'),
(4378, 41.39, 91650.00, 2278.99, '2025-03-06T02:20:27.566Z'),
(4379, 41.39, 91650.00, 2278.99, '2025-03-06T02:20:57.566Z'),
(4380, 41.39, 91650.00, 2278.99, '2025-03-06T02:21:27.566Z'),
(4381, 41.39, 91650.00, 2278.99, '2025-03-06T02:21:57.566Z'),
(4382, 41.39, 91463.00, 2277.30, '2025-03-06T02:22:27.778Z'),
(4383, 41.39, 91463.00, 2277.30, '2025-03-06T02:22:57.567Z'),
(4384, 41.39, 91463.00, 2277.30, '2025-03-06T02:23:27.567Z'),
(4385, 41.39, 91463.00, 2277.30, '2025-03-06T02:23:57.566Z'),
(4386, 41.39, 91463.00, 2277.30, '2025-03-06T02:24:27.566Z'),
(4387, 41.39, 91463.00, 2277.30, '2025-03-06T02:24:57.567Z'),
(4388, 41.39, 91463.00, 2277.30, '2025-03-06T02:25:27.566Z'),
(4389, 41.39, 91463.00, 2277.30, '2025-03-06T02:25:57.567Z'),
(4390, 41.39, 91463.00, 2277.30, '2025-03-06T02:26:27.567Z'),
(4391, 41.39, 91463.00, 2277.30, '2025-03-06T02:26:57.568Z'),
(4392, 41.39, 91463.00, 2277.30, '2025-03-06T02:27:27.569Z'),
(4393, 41.39, 91205.00, 2268.91, '2025-03-06T02:27:57.740Z'),
(4394, 41.39, 91205.00, 2268.91, '2025-03-06T02:28:27.571Z'),
(4395, 41.39, 91205.00, 2268.91, '2025-03-06T02:28:57.572Z'),
(4396, 41.39, 91205.00, 2268.91, '2025-03-06T02:29:27.573Z'),
(4397, 41.39, 91205.00, 2268.91, '2025-03-06T02:29:57.574Z'),
(4398, 41.39, 91205.00, 2268.91, '2025-03-06T02:30:27.575Z'),
(4399, 41.39, 91205.00, 2268.91, '2025-03-06T02:30:57.575Z'),
(4400, 41.39, 91205.00, 2268.91, '2025-03-06T02:31:27.575Z'),
(4401, 41.39, 91205.00, 2268.91, '2025-03-06T02:31:57.576Z'),
(4402, 41.39, 91205.00, 2268.91, '2025-03-06T02:32:27.577Z'),
(4403, 41.39, 91205.00, 2268.91, '2025-03-06T02:32:57.577Z'),
(4404, 41.39, 91278.00, 2271.11, '2025-03-06T02:33:27.808Z'),
(4405, 41.39, 91278.00, 2271.11, '2025-03-06T02:33:57.579Z'),
(4406, 41.39, 91278.00, 2271.11, '2025-03-06T02:34:27.579Z'),
(4407, 41.39, 91278.00, 2271.11, '2025-03-06T02:34:57.580Z'),
(4408, 41.39, 91278.00, 2271.11, '2025-03-06T02:35:27.580Z'),
(4409, 41.39, 91278.00, 2271.11, '2025-03-06T02:35:57.580Z'),
(4410, 41.39, 91278.00, 2271.11, '2025-03-06T02:36:27.580Z'),
(4411, 41.39, 91278.00, 2271.11, '2025-03-06T02:36:57.580Z'),
(4412, 41.39, 91278.00, 2271.11, '2025-03-06T02:37:27.581Z'),
(4413, 41.39, 91278.00, 2271.11, '2025-03-06T02:37:57.581Z'),
(4414, 41.39, 91278.00, 2271.11, '2025-03-06T02:38:27.581Z'),
(4415, 41.39, 91053.00, 2265.17, '2025-03-06T02:38:57.801Z'),
(4416, 41.39, 91053.00, 2265.17, '2025-03-06T02:39:27.581Z'),
(4417, 41.39, 91053.00, 2265.17, '2025-03-06T02:39:57.582Z'),
(4418, 41.39, 91053.00, 2265.17, '2025-03-06T02:40:27.582Z'),
(4419, 41.39, 91053.00, 2265.17, '2025-03-06T02:40:57.582Z'),
(4420, 41.39, 91053.00, 2265.17, '2025-03-06T02:41:27.582Z'),
(4421, 41.39, 91053.00, 2265.17, '2025-03-06T02:41:57.581Z'),
(4422, 41.39, 91053.00, 2265.17, '2025-03-06T02:42:27.582Z'),
(4423, 41.39, 91053.00, 2265.17, '2025-03-06T02:42:57.584Z'),
(4424, 41.39, 91053.00, 2265.17, '2025-03-06T02:43:27.583Z'),
(4425, 41.39, 91053.00, 2265.17, '2025-03-06T02:43:57.585Z'),
(4426, 41.39, 91323.00, 2272.35, '2025-03-06T02:44:27.759Z'),
(4427, 41.39, 91323.00, 2272.35, '2025-03-06T02:44:57.587Z'),
(4428, 41.39, 91323.00, 2272.35, '2025-03-06T02:45:27.588Z'),
(4429, 41.39, 91323.00, 2272.35, '2025-03-06T02:45:57.589Z'),
(4430, 41.39, 91323.00, 2272.35, '2025-03-06T02:46:27.590Z'),
(4431, 41.39, 91323.00, 2272.35, '2025-03-06T02:46:57.591Z'),
(4432, 41.39, 91323.00, 2272.35, '2025-03-06T02:47:27.592Z'),
(4433, 41.39, 91323.00, 2272.35, '2025-03-06T02:47:57.592Z'),
(4434, 41.39, 91323.00, 2272.35, '2025-03-06T02:48:27.593Z'),
(4435, 41.39, 91323.00, 2272.35, '2025-03-06T02:48:57.594Z'),
(4436, 41.39, 91323.00, 2272.35, '2025-03-06T02:49:27.594Z'),
(4437, 41.39, 91429.00, 2271.57, '2025-03-06T02:49:57.806Z'),
(4438, 41.39, 91429.00, 2271.57, '2025-03-06T02:50:27.596Z'),
(4439, 41.39, 91429.00, 2271.57, '2025-03-06T02:50:57.597Z'),
(4440, 41.39, 91429.00, 2271.57, '2025-03-06T02:51:27.598Z'),
(4441, 41.39, 91429.00, 2271.57, '2025-03-06T02:51:57.598Z'),
(4442, 41.39, 91429.00, 2271.57, '2025-03-06T02:52:27.598Z'),
(4443, 41.39, 91429.00, 2271.57, '2025-03-06T02:52:57.597Z'),
(4444, 41.39, 91429.00, 2271.57, '2025-03-06T02:53:27.598Z'),
(4445, 41.39, 91429.00, 2271.57, '2025-03-06T02:53:57.598Z'),
(4446, 41.39, 91429.00, 2271.57, '2025-03-06T02:54:27.598Z'),
(4447, 41.39, 91429.00, 2271.57, '2025-03-06T02:54:57.598Z'),
(4448, 41.39, 91814.00, 2280.36, '2025-03-06T02:55:27.815Z'),
(4449, 41.39, 91814.00, 2280.36, '2025-03-06T02:55:57.598Z'),
(4450, 41.39, 91814.00, 2280.36, '2025-03-06T02:56:27.598Z'),
(4451, 41.39, 91814.00, 2280.36, '2025-03-06T02:56:57.598Z'),
(4452, 41.39, 91814.00, 2280.36, '2025-03-06T02:57:27.598Z'),
(4453, 41.39, 91814.00, 2280.36, '2025-03-06T02:57:57.598Z'),
(4454, 41.39, 91814.00, 2280.36, '2025-03-06T02:58:27.599Z'),
(4455, 41.39, 91814.00, 2280.36, '2025-03-06T02:58:57.600Z'),
(4456, 41.39, 91814.00, 2280.36, '2025-03-06T02:59:27.601Z'),
(4457, 41.39, 91814.00, 2280.36, '2025-03-06T02:59:57.602Z'),
(4458, 41.39, 91814.00, 2280.36, '2025-03-06T03:00:27.603Z'),
(4459, 41.39, 91829.00, 2283.77, '2025-03-06T03:00:57.826Z'),
(4460, 41.39, 91829.00, 2283.77, '2025-03-06T03:01:27.605Z'),
(4461, 41.39, 91829.00, 2283.77, '2025-03-06T03:01:57.606Z'),
(4462, 41.39, 91829.00, 2283.77, '2025-03-06T03:02:27.607Z'),
(4463, 41.39, 91829.00, 2283.77, '2025-03-06T03:02:57.608Z'),
(4464, 41.39, 91829.00, 2283.77, '2025-03-06T03:03:27.609Z'),
(4465, 41.39, 91829.00, 2283.77, '2025-03-06T03:03:57.610Z'),
(4466, 41.39, 91829.00, 2283.77, '2025-03-06T03:04:27.611Z'),
(4467, 41.39, 91829.00, 2283.77, '2025-03-06T03:04:57.612Z'),
(4468, 41.39, 91829.00, 2283.77, '2025-03-06T03:05:27.612Z'),
(4469, 41.39, 91829.00, 2283.77, '2025-03-06T03:05:57.612Z'),
(4470, 41.39, 91921.00, 2287.69, '2025-03-06T03:06:27.842Z'),
(4471, 41.39, 91921.00, 2287.69, '2025-03-06T03:06:57.613Z'),
(4472, 41.39, 91921.00, 2287.69, '2025-03-06T03:07:27.614Z'),
(4473, 41.39, 91921.00, 2287.69, '2025-03-06T03:07:57.614Z'),
(4474, 41.39, 91921.00, 2287.69, '2025-03-06T03:08:27.614Z'),
(4475, 41.39, 91921.00, 2287.69, '2025-03-06T03:08:57.614Z'),
(4476, 41.39, 91921.00, 2287.69, '2025-03-06T03:09:27.613Z'),
(4477, 41.39, 91921.00, 2287.69, '2025-03-06T03:09:57.614Z'),
(4478, 41.39, 91921.00, 2287.69, '2025-03-06T03:10:27.615Z'),
(4479, 41.39, 91921.00, 2287.69, '2025-03-06T03:10:57.615Z'),
(4480, 41.39, 91921.00, 2287.69, '2025-03-06T03:11:27.615Z'),
(4481, 41.39, 91580.00, 2281.14, '2025-03-06T03:11:57.823Z'),
(4482, 41.39, 91580.00, 2281.14, '2025-03-06T03:12:27.615Z'),
(4483, 41.39, 91580.00, 2281.14, '2025-03-06T03:12:57.615Z'),
(4484, 41.39, 91580.00, 2281.14, '2025-03-06T03:13:27.618Z'),
(4485, 41.39, 91580.00, 2281.14, '2025-03-06T03:13:57.619Z'),
(4486, 41.39, 91580.00, 2281.14, '2025-03-06T03:14:27.619Z'),
(4487, 41.39, 91580.00, 2281.14, '2025-03-06T03:14:57.620Z'),
(4488, 41.39, 91580.00, 2281.14, '2025-03-06T03:15:27.621Z'),
(4489, 41.39, 91580.00, 2281.14, '2025-03-06T03:15:57.622Z'),
(4490, 41.39, 91580.00, 2281.14, '2025-03-06T03:16:27.623Z'),
(4491, 41.39, 91580.00, 2281.14, '2025-03-06T03:16:57.624Z'),
(4492, 41.39, 91721.00, 2284.58, '2025-03-06T03:17:27.859Z'),
(4493, 41.39, 91721.00, 2284.58, '2025-03-06T03:17:57.625Z'),
(4494, 41.39, 91721.00, 2284.58, '2025-03-06T03:18:27.626Z'),
(4495, 41.39, 91721.00, 2284.58, '2025-03-06T03:18:57.626Z'),
(4496, 41.39, 91721.00, 2284.58, '2025-03-06T03:19:27.626Z'),
(4497, 41.39, 91721.00, 2284.58, '2025-03-06T03:19:57.627Z'),
(4498, 41.39, 91721.00, 2284.58, '2025-03-06T03:20:27.628Z'),
(4499, 41.39, 91721.00, 2284.58, '2025-03-06T03:20:57.628Z'),
(4500, 41.39, 91721.00, 2284.58, '2025-03-06T03:21:27.629Z'),
(4501, 41.39, 91721.00, 2284.58, '2025-03-06T03:21:57.629Z'),
(4502, 41.39, 91721.00, 2284.58, '2025-03-06T03:22:27.630Z'),
(4503, 41.39, 91724.00, 2280.93, '2025-03-06T03:22:57.855Z'),
(4504, 41.39, 91724.00, 2280.93, '2025-03-06T03:23:27.632Z'),
(4505, 41.39, 91724.00, 2280.93, '2025-03-06T03:23:57.632Z'),
(4506, 41.39, 91724.00, 2280.93, '2025-03-06T03:24:27.633Z'),
(4507, 41.39, 91724.00, 2280.93, '2025-03-06T03:24:57.634Z'),
(4508, 41.39, 91724.00, 2280.93, '2025-03-06T03:25:27.634Z'),
(4509, 41.39, 91724.00, 2280.93, '2025-03-06T03:25:57.634Z'),
(4510, 41.39, 91724.00, 2280.93, '2025-03-06T03:26:27.634Z'),
(4511, 41.39, 91724.00, 2280.93, '2025-03-06T03:26:57.633Z'),
(4512, 41.39, 91724.00, 2280.93, '2025-03-06T03:27:27.634Z'),
(4513, 41.39, 91724.00, 2280.93, '2025-03-06T03:27:57.635Z'),
(4514, 41.39, 91706.00, 2280.02, '2025-03-06T03:28:27.857Z'),
(4515, 41.39, 91706.00, 2280.02, '2025-03-06T03:28:57.637Z'),
(4516, 41.39, 91706.00, 2280.02, '2025-03-06T03:29:27.638Z'),
(4517, 41.39, 91706.00, 2280.02, '2025-03-06T03:29:57.639Z'),
(4518, 41.39, 91706.00, 2280.02, '2025-03-06T03:30:27.640Z'),
(4519, 41.39, 91706.00, 2280.02, '2025-03-06T03:30:57.641Z'),
(4520, 41.39, 91706.00, 2280.02, '2025-03-06T03:31:27.643Z'),
(4521, 41.39, 91706.00, 2280.02, '2025-03-06T03:31:57.643Z'),
(4522, 41.39, 91706.00, 2280.02, '2025-03-06T03:32:27.644Z'),
(4523, 41.39, 91706.00, 2280.02, '2025-03-06T03:32:57.645Z'),
(4524, 41.39, 91706.00, 2280.02, '2025-03-06T03:33:27.645Z'),
(4525, 41.39, 91507.00, 2276.26, '2025-03-06T03:33:57.880Z'),
(4526, 41.39, 91507.00, 2276.26, '2025-03-06T03:34:27.646Z'),
(4527, 41.39, 91507.00, 2276.26, '2025-03-06T03:34:57.647Z'),
(4528, 41.39, 91507.00, 2276.26, '2025-03-06T03:35:27.648Z'),
(4529, 41.39, 91507.00, 2276.26, '2025-03-06T03:35:57.648Z'),
(4530, 41.39, 91507.00, 2276.26, '2025-03-06T03:36:27.648Z'),
(4531, 41.39, 91507.00, 2276.26, '2025-03-06T03:36:57.648Z'),
(4532, 41.39, 91507.00, 2276.26, '2025-03-06T03:37:27.648Z'),
(4533, 41.39, 91507.00, 2276.26, '2025-03-06T03:37:57.648Z'),
(4534, 41.39, 91507.00, 2276.26, '2025-03-06T03:38:27.648Z'),
(4535, 41.39, 91507.00, 2276.26, '2025-03-06T03:38:57.649Z'),
(4536, 41.39, 91649.00, 2282.46, '2025-03-06T03:39:27.882Z'),
(4537, 41.39, 91649.00, 2282.46, '2025-03-06T03:39:57.649Z'),
(4538, 41.39, 91649.00, 2282.46, '2025-03-06T03:40:27.649Z'),
(4539, 41.39, 91649.00, 2282.46, '2025-03-06T03:40:57.650Z'),
(4540, 41.39, 91649.00, 2282.46, '2025-03-06T03:41:27.650Z'),
(4541, 41.39, 91649.00, 2282.46, '2025-03-06T03:41:57.651Z'),
(4542, 41.39, 91649.00, 2282.46, '2025-03-06T03:42:27.652Z'),
(4543, 41.39, 91649.00, 2282.46, '2025-03-06T03:42:57.653Z'),
(4544, 41.39, 91649.00, 2282.46, '2025-03-06T03:43:27.654Z'),
(4545, 41.39, 91649.00, 2282.46, '2025-03-06T03:43:57.655Z'),
(4546, 41.39, 91649.00, 2282.46, '2025-03-06T03:44:27.656Z'),
(4547, 41.39, 91589.00, 2287.75, '2025-03-06T03:44:57.883Z'),
(4548, 41.39, 91589.00, 2287.75, '2025-03-06T03:45:27.658Z'),
(4549, 41.39, 91589.00, 2287.75, '2025-03-06T03:45:57.659Z'),
(4550, 41.39, 91589.00, 2287.75, '2025-03-06T03:46:27.659Z'),
(4551, 41.39, 91589.00, 2287.75, '2025-03-06T03:46:57.660Z'),
(4552, 41.39, 91589.00, 2287.75, '2025-03-06T03:47:27.661Z'),
(4553, 41.39, 91589.00, 2287.75, '2025-03-06T03:47:57.661Z'),
(4554, 41.39, 91589.00, 2287.75, '2025-03-06T03:48:27.661Z'),
(4555, 41.39, 91589.00, 2287.75, '2025-03-06T03:48:57.662Z'),
(4556, 41.39, 91589.00, 2287.75, '2025-03-06T03:49:27.662Z'),
(4557, 41.39, 91589.00, 2287.75, '2025-03-06T03:49:57.662Z'),
(4558, 41.39, 91528.00, 2284.95, '2025-03-06T03:50:27.889Z'),
(4559, 41.39, 91528.00, 2284.95, '2025-03-06T03:50:57.664Z'),
(4560, 41.39, 91528.00, 2284.95, '2025-03-06T03:51:27.665Z'),
(4561, 41.39, 91528.00, 2284.95, '2025-03-06T03:51:57.666Z'),
(4562, 41.39, 91528.00, 2284.95, '2025-03-06T03:52:27.666Z'),
(4563, 41.39, 91528.00, 2284.95, '2025-03-06T03:52:57.666Z'),
(4564, 41.39, 91528.00, 2284.95, '2025-03-06T03:53:27.666Z'),
(4565, 41.39, 91528.00, 2284.95, '2025-03-06T03:53:57.667Z'),
(4566, 41.39, 91528.00, 2284.95, '2025-03-06T03:54:27.668Z'),
(4567, 41.39, 91528.00, 2284.95, '2025-03-06T03:54:57.667Z'),
(4568, 41.39, 91528.00, 2284.95, '2025-03-06T03:55:27.667Z'),
(4569, 41.39, 91426.00, 2282.50, '2025-03-06T03:55:57.899Z'),
(4570, 41.39, 91426.00, 2282.50, '2025-03-06T03:56:27.669Z'),
(4571, 41.39, 91426.00, 2282.50, '2025-03-06T03:56:57.670Z'),
(4572, 41.39, 91426.00, 2282.50, '2025-03-06T03:57:27.670Z'),
(4573, 41.39, 91426.00, 2282.50, '2025-03-06T03:57:57.671Z'),
(4574, 41.39, 91426.00, 2282.50, '2025-03-06T03:58:27.672Z'),
(4575, 41.39, 91426.00, 2282.50, '2025-03-06T03:58:57.673Z'),
(4576, 41.39, 91426.00, 2282.50, '2025-03-06T03:59:27.674Z'),
(4577, 41.39, 91426.00, 2282.50, '2025-03-06T03:59:57.675Z'),
(4578, 41.39, 91426.00, 2282.50, '2025-03-06T04:00:27.676Z'),
(4579, 41.39, 91426.00, 2282.50, '2025-03-06T04:00:57.677Z'),
(4580, 41.39, 91632.00, 2289.37, '2025-03-06T04:01:27.883Z'),
(4581, 41.39, 91632.00, 2289.37, '2025-03-06T04:01:57.678Z'),
(4582, 41.39, 91632.00, 2289.37, '2025-03-06T04:02:27.679Z'),
(4583, 41.39, 91632.00, 2289.37, '2025-03-06T04:02:57.679Z'),
(4584, 41.39, 91632.00, 2289.37, '2025-03-06T04:03:27.680Z'),
(4585, 41.39, 91632.00, 2289.37, '2025-03-06T04:03:57.681Z'),
(4586, 41.39, 91632.00, 2289.37, '2025-03-06T04:04:27.682Z'),
(4587, 41.39, 91632.00, 2289.37, '2025-03-06T04:04:57.682Z'),
(4588, 41.39, 91632.00, 2289.37, '2025-03-06T04:05:27.682Z'),
(4589, 41.39, 91632.00, 2289.37, '2025-03-06T04:05:57.683Z'),
(4590, 41.39, 91632.00, 2289.37, '2025-03-06T04:06:27.683Z'),
(4591, 41.39, 91775.00, 2289.24, '2025-03-06T04:06:57.895Z'),
(4592, 41.39, 91775.00, 2289.24, '2025-03-06T04:07:27.683Z'),
(4593, 41.39, 91775.00, 2289.24, '2025-03-06T04:07:57.683Z'),
(4594, 41.39, 91775.00, 2289.24, '2025-03-06T04:08:27.684Z'),
(4595, 41.39, 91775.00, 2289.24, '2025-03-06T04:08:57.685Z'),
(4596, 41.39, 91775.00, 2289.24, '2025-03-06T04:09:27.685Z'),
(4597, 41.39, 91775.00, 2289.24, '2025-03-06T04:09:57.685Z'),
(4598, 41.39, 91775.00, 2289.24, '2025-03-06T04:10:27.685Z'),
(4599, 41.39, 91775.00, 2289.24, '2025-03-06T04:10:57.685Z'),
(4600, 41.39, 91775.00, 2289.24, '2025-03-06T04:11:27.685Z'),
(4601, 41.39, 91775.00, 2289.24, '2025-03-06T04:11:57.685Z'),
(4602, 41.39, 91709.00, 2286.66, '2025-03-06T04:12:27.945Z'),
(4603, 41.39, 91709.00, 2286.66, '2025-03-06T04:12:57.685Z'),
(4604, 41.39, 91709.00, 2286.66, '2025-03-06T04:13:27.685Z'),
(4605, 41.39, 91709.00, 2286.66, '2025-03-06T04:13:57.686Z'),
(4606, 41.39, 91709.00, 2286.66, '2025-03-06T04:14:27.688Z'),
(4607, 41.39, 91709.00, 2286.66, '2025-03-06T04:14:57.688Z'),
(4608, 41.39, 91709.00, 2286.66, '2025-03-06T04:15:27.690Z'),
(4609, 41.39, 91709.00, 2286.66, '2025-03-06T04:15:57.691Z'),
(4610, 41.39, 91709.00, 2286.66, '2025-03-06T04:16:27.692Z'),
(4611, 41.39, 91709.00, 2286.66, '2025-03-06T04:16:57.693Z'),
(4612, 41.39, 91709.00, 2286.66, '2025-03-06T04:17:27.694Z'),
(4613, 41.39, 91782.00, 2287.81, '2025-03-06T04:17:57.906Z'),
(4614, 41.39, 91782.00, 2287.81, '2025-03-06T04:18:27.696Z'),
(4615, 41.39, 91782.00, 2287.81, '2025-03-06T04:18:57.697Z'),
(4616, 41.39, 91782.00, 2287.81, '2025-03-06T04:19:27.697Z'),
(4617, 41.39, 91782.00, 2287.81, '2025-03-06T04:19:57.698Z'),
(4618, 41.39, 91782.00, 2287.81, '2025-03-06T04:20:27.699Z'),
(4619, 41.39, 91782.00, 2287.81, '2025-03-06T04:20:57.699Z'),
(4620, 41.39, 91782.00, 2287.81, '2025-03-06T04:21:27.702Z'),
(4621, 41.39, 91782.00, 2287.81, '2025-03-06T04:21:57.703Z'),
(4622, 41.39, 91782.00, 2287.81, '2025-03-06T04:22:27.702Z'),
(4623, 41.39, 91782.00, 2287.81, '2025-03-06T04:22:57.703Z'),
(4624, 41.39, 91678.00, 2283.53, '2025-03-06T04:23:27.933Z'),
(4625, 41.39, 91678.00, 2283.53, '2025-03-06T04:23:57.705Z'),
(4626, 41.39, 91678.00, 2283.53, '2025-03-06T04:24:27.705Z'),
(4627, 41.39, 91678.00, 2283.53, '2025-03-06T04:24:57.705Z'),
(4628, 41.39, 91678.00, 2283.53, '2025-03-06T04:25:27.705Z'),
(4629, 41.39, 91678.00, 2283.53, '2025-03-06T04:25:57.705Z'),
(4630, 41.39, 91678.00, 2283.53, '2025-03-06T04:26:27.705Z'),
(4631, 41.39, 91678.00, 2283.53, '2025-03-06T04:26:57.704Z'),
(4632, 41.39, 91678.00, 2283.53, '2025-03-06T04:27:27.705Z'),
(4633, 41.39, 91678.00, 2283.53, '2025-03-06T04:27:57.706Z'),
(4634, 41.39, 91678.00, 2283.53, '2025-03-06T04:28:27.705Z'),
(4635, 41.39, 91645.00, 2280.20, '2025-03-06T04:28:57.929Z'),
(4636, 41.39, 91645.00, 2280.20, '2025-03-06T04:29:27.706Z'),
(4637, 41.39, 91645.00, 2280.20, '2025-03-06T04:29:57.707Z'),
(4638, 41.39, 91645.00, 2280.20, '2025-03-06T04:30:27.708Z'),
(4639, 41.39, 91645.00, 2280.20, '2025-03-06T04:30:57.709Z'),
(4640, 41.39, 91645.00, 2280.20, '2025-03-06T04:31:27.710Z'),
(4641, 41.39, 91645.00, 2280.20, '2025-03-06T04:31:57.712Z'),
(4642, 41.39, 91645.00, 2280.20, '2025-03-06T04:32:27.712Z'),
(4643, 41.39, 91645.00, 2280.20, '2025-03-06T04:32:57.713Z'),
(4644, 41.39, 91645.00, 2280.20, '2025-03-06T04:33:27.714Z'),
(4645, 41.39, 91645.00, 2280.20, '2025-03-06T04:33:57.715Z'),
(4646, 41.39, 91797.00, 2283.03, '2025-03-06T04:34:27.936Z'),
(4647, 41.39, 91797.00, 2283.03, '2025-03-06T04:34:57.717Z'),
(4648, 41.39, 91797.00, 2283.03, '2025-03-06T04:35:27.718Z'),
(4649, 41.39, 91797.00, 2283.03, '2025-03-06T04:35:57.719Z'),
(4650, 41.39, 91797.00, 2283.03, '2025-03-06T04:36:27.720Z'),
(4651, 41.39, 91797.00, 2283.03, '2025-03-06T04:36:57.721Z'),
(4652, 41.39, 91797.00, 2283.03, '2025-03-06T04:37:27.721Z'),
(4653, 41.39, 91797.00, 2283.03, '2025-03-06T04:37:57.722Z'),
(4654, 41.39, 91797.00, 2283.03, '2025-03-06T04:38:27.724Z'),
(4655, 41.39, 91797.00, 2283.03, '2025-03-06T04:38:57.725Z'),
(4656, 41.39, 91797.00, 2283.03, '2025-03-06T04:39:27.728Z'),
(4657, 41.39, 91944.00, 2285.75, '2025-03-06T04:39:57.958Z'),
(4658, 41.39, 91944.00, 2285.75, '2025-03-06T04:40:27.728Z'),
(4659, 41.39, 91944.00, 2285.75, '2025-03-06T04:40:57.728Z'),
(4660, 41.39, 91944.00, 2285.75, '2025-03-06T04:41:27.728Z'),
(4661, 41.39, 91944.00, 2285.75, '2025-03-06T04:41:57.728Z'),
(4662, 41.39, 91944.00, 2285.75, '2025-03-06T04:42:27.728Z'),
(4663, 41.39, 91944.00, 2285.75, '2025-03-06T04:42:57.728Z'),
(4664, 41.39, 91944.00, 2285.75, '2025-03-06T04:43:27.728Z'),
(4665, 41.39, 91944.00, 2285.75, '2025-03-06T04:43:57.727Z'),
(4666, 41.39, 91944.00, 2285.75, '2025-03-06T04:44:27.728Z'),
(4667, 41.39, 91944.00, 2285.75, '2025-03-06T04:44:57.728Z'),
(4668, 41.39, 92081.00, 2289.31, '2025-03-06T04:45:27.994Z'),
(4669, 41.39, 92081.00, 2289.31, '2025-03-06T04:45:57.728Z'),
(4670, 41.39, 92081.00, 2289.31, '2025-03-06T04:46:27.730Z'),
(4671, 41.39, 92081.00, 2289.31, '2025-03-06T04:46:57.731Z'),
(4672, 41.39, 92081.00, 2289.31, '2025-03-06T04:47:27.731Z'),
(4673, 41.39, 92081.00, 2289.31, '2025-03-06T04:47:57.732Z'),
(4674, 41.39, 92081.00, 2289.31, '2025-03-06T04:48:27.733Z'),
(4675, 41.39, 92081.00, 2289.31, '2025-03-06T04:48:57.735Z'),
(4676, 41.39, 92081.00, 2289.31, '2025-03-06T04:49:27.735Z'),
(4677, 41.39, 92081.00, 2289.31, '2025-03-06T04:49:57.736Z'),
(4678, 41.39, 92081.00, 2289.31, '2025-03-06T04:50:27.737Z'),
(4679, 41.39, 92128.00, 2292.23, '2025-03-06T04:50:57.942Z'),
(4680, 41.39, 92128.00, 2292.23, '2025-03-06T04:51:27.738Z'),
(4681, 41.39, 92128.00, 2292.23, '2025-03-06T04:51:57.739Z'),
(4682, 41.39, 92128.00, 2292.23, '2025-03-06T04:52:27.739Z'),
(4683, 41.39, 92128.00, 2292.23, '2025-03-06T04:52:57.740Z'),
(4684, 41.39, 92128.00, 2292.23, '2025-03-06T04:53:27.741Z'),
(4685, 41.39, 92128.00, 2292.23, '2025-03-06T04:53:57.743Z'),
(4686, 41.39, 92128.00, 2292.23, '2025-03-06T04:54:27.743Z'),
(4687, 41.39, 92128.00, 2292.23, '2025-03-06T04:54:57.743Z'),
(4688, 41.39, 92128.00, 2292.23, '2025-03-06T04:55:27.743Z'),
(4689, 41.39, 92128.00, 2292.23, '2025-03-06T04:55:57.743Z'),
(4690, 41.39, 92408.00, 2300.19, '2025-03-06T04:56:27.965Z'),
(4691, 41.39, 92408.00, 2300.19, '2025-03-06T04:56:57.744Z'),
(4692, 41.39, 92408.00, 2300.19, '2025-03-06T04:57:27.744Z'),
(4693, 41.39, 92408.00, 2300.19, '2025-03-06T04:57:57.744Z'),
(4694, 41.39, 92408.00, 2300.19, '2025-03-06T04:58:27.744Z'),
(4695, 41.39, 92408.00, 2300.19, '2025-03-06T04:58:57.744Z'),
(4696, 41.39, 92408.00, 2300.19, '2025-03-06T04:59:27.745Z'),
(4697, 41.39, 92408.00, 2300.19, '2025-03-06T04:59:57.746Z'),
(4698, 41.39, 92408.00, 2300.19, '2025-03-06T05:00:27.746Z'),
(4699, 41.39, 92408.00, 2300.19, '2025-03-06T05:00:57.745Z'),
(4700, 41.39, 92408.00, 2300.19, '2025-03-06T05:01:27.746Z'),
(4701, 41.39, 92294.00, 2298.49, '2025-03-06T05:01:57.981Z'),
(4702, 41.39, 92294.00, 2298.49, '2025-03-06T05:02:27.747Z'),
(4703, 41.39, 92294.00, 2298.49, '2025-03-06T05:02:57.748Z'),
(4704, 41.39, 92294.00, 2298.49, '2025-03-06T05:03:27.749Z'),
(4705, 41.39, 92294.00, 2298.49, '2025-03-06T05:03:57.751Z'),
(4706, 41.39, 92294.00, 2298.49, '2025-03-06T05:04:27.751Z'),
(4707, 41.39, 92294.00, 2298.49, '2025-03-06T05:04:57.752Z'),
(4708, 41.39, 92294.00, 2298.49, '2025-03-06T05:05:27.753Z'),
(4709, 41.39, 92294.00, 2298.49, '2025-03-06T05:05:57.754Z'),
(4710, 41.39, 92294.00, 2298.49, '2025-03-06T05:06:27.755Z'),
(4711, 41.39, 92294.00, 2298.49, '2025-03-06T05:06:57.756Z'),
(4712, 41.39, 92315.00, 2299.04, '2025-03-06T05:07:27.996Z'),
(4713, 41.39, 92315.00, 2299.04, '2025-03-06T05:07:57.759Z'),
(4714, 41.39, 92315.00, 2299.04, '2025-03-06T05:08:27.760Z'),
(4715, 41.39, 92315.00, 2299.04, '2025-03-06T05:08:57.761Z'),
(4716, 41.39, 92315.00, 2299.04, '2025-03-06T05:09:27.762Z'),
(4717, 41.39, 92315.00, 2299.04, '2025-03-06T05:09:57.762Z'),
(4718, 41.39, 92315.00, 2299.04, '2025-03-06T05:10:27.762Z'),
(4719, 41.39, 92315.00, 2299.04, '2025-03-06T05:10:57.763Z'),
(4720, 41.39, 92315.00, 2299.04, '2025-03-06T05:11:27.763Z'),
(4721, 41.39, 92315.00, 2299.04, '2025-03-06T05:11:57.763Z'),
(4722, 41.39, 92315.00, 2299.04, '2025-03-06T05:12:27.763Z'),
(4723, 41.39, 92237.00, 2295.94, '2025-03-06T05:12:57.968Z'),
(4724, 41.39, 92237.00, 2295.94, '2025-03-06T05:13:27.764Z'),
(4725, 41.39, 92237.00, 2295.94, '2025-03-06T05:13:57.765Z'),
(4726, 41.39, 92237.00, 2295.94, '2025-03-06T05:14:27.766Z'),
(4727, 41.39, 92237.00, 2295.94, '2025-03-06T05:14:57.766Z'),
(4728, 41.39, 92237.00, 2295.94, '2025-03-06T05:15:27.766Z'),
(4729, 41.39, 92237.00, 2295.94, '2025-03-06T05:15:57.766Z'),
(4730, 41.39, 92237.00, 2295.94, '2025-03-06T05:16:27.766Z'),
(4731, 41.39, 92237.00, 2295.94, '2025-03-06T05:16:57.767Z'),
(4732, 41.39, 92237.00, 2295.94, '2025-03-06T05:17:27.767Z'),
(4733, 41.39, 92237.00, 2295.94, '2025-03-06T05:17:57.766Z'),
(4734, 41.39, 92236.00, 2296.49, '2025-03-06T05:18:28.024Z'),
(4735, 41.39, 92236.00, 2296.49, '2025-03-06T05:18:57.767Z'),
(4736, 41.39, 92236.00, 2296.49, '2025-03-06T05:19:27.768Z'),
(4737, 41.39, 92236.00, 2296.49, '2025-03-06T05:19:57.769Z'),
(4738, 41.39, 92236.00, 2296.49, '2025-03-06T05:20:27.770Z'),
(4739, 41.39, 92236.00, 2296.49, '2025-03-06T05:20:57.770Z'),
(4740, 41.39, 92236.00, 2296.49, '2025-03-06T05:21:27.771Z'),
(4741, 41.39, 92236.00, 2296.49, '2025-03-06T05:21:57.772Z'),
(4742, 41.39, 92236.00, 2296.49, '2025-03-06T05:22:27.773Z'),
(4743, 41.39, 92236.00, 2296.49, '2025-03-06T05:22:57.774Z'),
(4744, 41.39, 92236.00, 2296.49, '2025-03-06T05:23:27.775Z'),
(4745, 41.39, 92420.00, 2305.47, '2025-03-06T05:23:57.963Z'),
(4746, 41.39, 92420.00, 2305.47, '2025-03-06T05:24:27.775Z'),
(4747, 41.39, 92420.00, 2305.47, '2025-03-06T05:24:57.775Z'),
(4748, 41.39, 92420.00, 2305.47, '2025-03-06T05:25:27.776Z'),
(4749, 41.39, 92420.00, 2305.47, '2025-03-06T05:25:57.776Z'),
(4750, 41.39, 92420.00, 2305.47, '2025-03-06T05:26:27.777Z'),
(4751, 41.39, 92355.00, 2304.95, '2025-03-06T05:26:49.605Z'),
(4752, 41.39, 92355.00, 2304.95, '2025-03-06T05:27:18.437Z'),
(4753, 41.39, 92355.00, 2304.95, '2025-03-06T05:27:33.505Z'),
(4754, 41.39, 92355.00, 2304.95, '2025-03-06T05:28:02.956Z'),
(4755, 41.39, 92355.00, 2304.95, '2025-03-06T05:28:32.956Z'),
(4756, 41.39, 92355.00, 2304.95, '2025-03-06T05:29:02.957Z'),
(4757, 41.39, 92355.00, 2304.95, '2025-03-06T05:29:32.959Z'),
(4758, 41.39, 92355.00, 2304.95, '2025-03-06T05:30:02.959Z'),
(4759, 41.39, 92355.00, 2304.95, '2025-03-06T05:30:32.959Z'),
(4760, 41.39, 92355.00, 2304.95, '2025-03-06T05:31:02.960Z'),
(4761, 41.39, 92355.00, 2304.95, '2025-03-06T05:31:32.961Z'),
(4762, 41.39, 92355.00, 2304.95, '2025-03-06T05:32:02.962Z'),
(4763, 41.39, 92355.00, 2304.95, '2025-03-06T05:32:32.963Z'),
(4764, 41.39, 92452.00, 2310.76, '2025-03-06T05:32:44.444Z'),
(4765, 41.39, 92452.00, 2310.76, '2025-03-06T05:33:13.839Z'),
(4766, 41.39, 92452.00, 2310.76, '2025-03-06T05:33:43.839Z'),
(4767, 41.39, 92452.00, 2310.76, '2025-03-06T05:34:13.839Z'),
(4768, 41.39, 92452.00, 2310.76, '2025-03-06T05:34:43.840Z'),
(4769, 41.39, 92452.00, 2310.76, '2025-03-06T05:35:13.841Z'),
(4770, 41.39, 92452.00, 2310.76, '2025-03-06T05:35:43.843Z'),
(4771, 41.39, 92452.00, 2310.76, '2025-03-06T05:36:13.843Z'),
(4772, 41.39, 92452.00, 2310.76, '2025-03-06T05:36:43.844Z'),
(4773, 41.39, 92452.00, 2310.76, '2025-03-06T05:37:13.845Z'),
(4774, 41.39, 92452.00, 2310.76, '2025-03-06T05:37:43.846Z'),
(4775, 41.39, 92502.00, 2312.99, '2025-03-06T05:38:14.057Z'),
(4776, 41.39, 92502.00, 2312.99, '2025-03-06T05:38:43.848Z'),
(4777, 41.39, 92502.00, 2312.99, '2025-03-06T05:39:13.849Z'),
(4778, 41.39, 92502.00, 2312.99, '2025-03-06T05:39:43.850Z'),
(4779, 41.39, 92502.00, 2312.99, '2025-03-06T05:40:13.850Z'),
(4780, 41.39, 92502.00, 2312.99, '2025-03-06T05:40:43.851Z'),
(4781, 41.39, 92502.00, 2312.99, '2025-03-06T05:41:13.852Z'),
(4782, 41.39, 92502.00, 2312.99, '2025-03-06T05:41:43.853Z'),
(4783, 41.39, 92502.00, 2312.99, '2025-03-06T05:42:13.854Z'),
(4784, 41.39, 92502.00, 2312.99, '2025-03-06T05:42:43.855Z'),
(4785, 41.39, 92502.00, 2312.99, '2025-03-06T05:43:13.855Z'),
(4786, 41.39, 92511.00, 2314.45, '2025-03-06T05:43:44.103Z'),
(4787, 41.39, 92511.00, 2314.45, '2025-03-06T05:44:13.857Z'),
(4788, 41.39, 92511.00, 2314.45, '2025-03-06T05:44:43.858Z'),
(4789, 41.39, 92511.00, 2314.45, '2025-03-06T05:45:13.858Z'),
(4790, 41.39, 92511.00, 2314.45, '2025-03-06T05:45:43.859Z'),
(4791, 41.39, 92511.00, 2314.45, '2025-03-06T05:46:13.858Z'),
(4792, 41.39, 92511.00, 2314.45, '2025-03-06T05:46:43.859Z'),
(4793, 41.39, 92511.00, 2314.45, '2025-03-06T05:47:13.859Z'),
(4794, 41.39, 92511.00, 2314.45, '2025-03-06T05:47:43.860Z'),
(4795, 41.39, 92511.00, 2314.45, '2025-03-06T05:48:13.860Z'),
(4796, 41.39, 92511.00, 2314.45, '2025-03-06T05:48:43.860Z'),
(4797, 41.39, 92578.00, 2314.35, '2025-03-06T05:49:14.067Z'),
(4798, 41.39, 92578.00, 2314.35, '2025-03-06T05:49:43.860Z'),
(4799, 41.39, 92578.00, 2314.35, '2025-03-06T05:50:13.860Z'),
(4800, 41.39, 92578.00, 2314.35, '2025-03-06T05:50:43.859Z'),
(4801, 41.39, 92578.00, 2314.35, '2025-03-06T05:51:13.860Z'),
(4802, 41.39, 92578.00, 2314.35, '2025-03-06T05:51:43.862Z'),
(4803, 41.39, 92578.00, 2314.35, '2025-03-06T05:52:13.862Z'),
(4804, 41.39, 92578.00, 2314.35, '2025-03-06T05:52:43.863Z'),
(4805, 41.39, 92578.00, 2314.35, '2025-03-06T05:53:13.864Z'),
(4806, 41.39, 92578.00, 2314.35, '2025-03-06T05:53:43.865Z'),
(4807, 41.39, 92578.00, 2314.35, '2025-03-06T05:54:13.866Z'),
(4808, 41.39, 92687.00, 2314.46, '2025-03-06T05:54:44.093Z'),
(4809, 41.39, 92687.00, 2314.46, '2025-03-06T05:55:13.868Z'),
(4810, 41.39, 92687.00, 2314.46, '2025-03-06T05:55:43.869Z'),
(4811, 41.39, 92687.00, 2314.46, '2025-03-06T05:56:13.869Z'),
(4812, 41.39, 92687.00, 2314.46, '2025-03-06T05:56:43.870Z'),
(4813, 41.39, 92687.00, 2314.46, '2025-03-06T05:57:13.871Z'),
(4814, 41.39, 92687.00, 2314.46, '2025-03-06T05:57:43.872Z'),
(4815, 41.39, 92687.00, 2314.46, '2025-03-06T05:58:13.872Z'),
(4816, 41.39, 92687.00, 2314.46, '2025-03-06T05:58:43.873Z'),
(4817, 41.39, 92687.00, 2314.46, '2025-03-06T05:59:13.873Z'),
(4818, 41.39, 92687.00, 2314.46, '2025-03-06T05:59:43.874Z'),
(4819, 41.39, 92789.00, 2318.23, '2025-03-06T06:00:14.100Z'),
(4820, 41.39, 92789.00, 2318.23, '2025-03-06T06:00:43.875Z'),
(4821, 41.39, 92789.00, 2318.23, '2025-03-06T06:01:13.875Z'),
(4822, 41.39, 92789.00, 2318.23, '2025-03-06T06:01:43.875Z'),
(4823, 41.39, 92789.00, 2318.23, '2025-03-06T06:02:13.875Z'),
(4824, 41.39, 92789.00, 2318.23, '2025-03-06T06:02:43.875Z'),
(4825, 41.39, 92725.00, 2316.44, '2025-03-06T06:03:15.277Z'),
(4826, 41.39, 92725.00, 2316.44, '2025-03-06T06:03:44.648Z'),
(4827, 41.39, 92725.00, 2316.44, '2025-03-06T06:04:14.648Z'),
(4828, 41.39, 92725.00, 2316.44, '2025-03-06T06:04:44.647Z'),
(4829, 41.39, 92557.00, 2310.52, '2025-03-06T06:04:57.936Z'),
(4830, 41.39, 92557.00, 2310.52, '2025-03-06T06:05:26.840Z'),
(4831, 41.39, 92557.00, 2310.52, '2025-03-06T06:05:56.041Z'),
(4832, 41.39, 92557.00, 2310.52, '2025-03-06T06:06:26.042Z'),
(4833, 41.39, 92557.00, 2310.52, '2025-03-06T06:06:56.045Z'),
(4834, 41.39, 92557.00, 2310.52, '2025-03-06T06:07:26.046Z'),
(4835, 41.39, 92372.00, 2304.64, '2025-03-06T06:07:39.215Z'),
(4836, 41.39, 92372.00, 2304.64, '2025-03-06T06:08:10.066Z'),
(4837, 41.39, 92372.00, 2304.64, '2025-03-06T06:08:28.832Z'),
(4838, 41.39, 92372.00, 2304.64, '2025-03-06T06:08:58.308Z'),
(4839, 41.39, 92372.00, 2304.64, '2025-03-06T06:09:28.309Z'),
(4840, 41.39, 92372.00, 2304.64, '2025-03-06T06:09:58.309Z'),
(4841, 41.39, 92372.00, 2304.64, '2025-03-06T06:10:28.310Z'),
(4842, 41.39, 92372.00, 2304.64, '2025-03-06T06:10:58.311Z'),
(4843, 41.39, 92372.00, 2304.64, '2025-03-06T06:11:28.312Z'),
(4844, 41.39, 92374.00, 2303.30, '2025-03-06T06:12:26.442Z'),
(4845, 41.39, 92374.00, 2303.30, '2025-03-06T06:12:48.324Z'),
(4846, 41.39, 92374.00, 2303.30, '2025-03-06T06:13:17.682Z'),
(4847, 41.39, 92374.00, 2303.30, '2025-03-06T06:13:47.682Z'),
(4848, 41.39, 92374.00, 2303.30, '2025-03-06T06:14:17.683Z'),
(4849, 41.39, 92374.00, 2303.30, '2025-03-06T06:14:47.682Z'),
(4850, 41.39, 92374.00, 2303.30, '2025-03-06T06:15:17.682Z'),
(4851, 41.39, 92374.00, 2303.30, '2025-03-06T06:15:47.683Z'),
(4852, 41.39, 92374.00, 2303.30, '2025-03-06T06:16:17.683Z'),
(4853, 41.39, 92374.00, 2303.30, '2025-03-06T06:16:47.682Z'),
(4854, 41.39, 92374.00, 2303.30, '2025-03-06T06:17:17.683Z'),
(4855, 41.39, 92307.00, 2301.78, '2025-03-06T06:17:46.066Z');
